snapshot_date,snapshot_time,sector_name,rank_in_return,etf_code,market,source_api
2026-07-07,2026-07-07 09:29:54,沪深ETF,1,560923.SH,SH,xtdata.get_stock_list_in_sector
2026-07-07,2026-07-07 09:29:54,沪深ETF,2,589820.SH,SH,xtdata.get_stock_list_in_sector
2026-07-07,2026-07-07 09:29:54,沪深ETF,3,512260.SH,SH,xtdata.get_stock_list_in_sector
2026-07-07,2026-07-07 09:29:54,沪深ETF,4,520610.SH,SH,xtdata.get_stock_list_in_sector
2026-07-07,2026-07-07 09:29:54,沪深ETF,5,511930.SH,SH,xtdata.get_stock_list_in_sector
2026-07-07,2026-07-07 09:29:54,沪深ETF,6,562000.SH,SH,xtdata.get_stock_list_in_sector
2026-07-07,2026-07-07 09:29:54,沪深ETF,7,563680.SH,SH,xtdata.get_stock_list_in_sector
2026-07-07,2026-07-07 09:29:54,沪深ETF,8,589060.SH,SH,xtdata.get_stock_list_in_sector
2026-07-07,2026-07-07 09:29:54,沪深ETF,9,560590.SH,SH,xtdata.get_stock_list_in_sector
2026-07-07,2026-07-07 09:29:54,沪深ETF,10,561310.SH,SH,xtdata.get_stock_list_in_sector
2026-07-07,2026-07-07 09:29:54,沪深ETF,11,589210.SH,SH,xtdata.get_stock_list_in_sector
2026-07-07,2026-07-07 09:29:54,沪深ETF,12,518800.SH,SH,xtdata.get_stock_list_in_sector
2026-07-07,2026-07-07 09:29:54,沪深ETF,13,561160.SH,SH,xtdata.get_stock_list_in_sector
2026-07-07,2026-07-07 09:29:54,沪深ETF,14,517520.SH,SH,xtdata.get_stock_list_in_sector
2026-07-07,2026-07-07 09:29:54,沪深ETF,15,510580.SH,SH,xtdata.get_stock_list_in_sector
2026-07-07,2026-07-07 09:29:54,沪深ETF,16,513690.SH,SH,xtdata.get_stock_list_in_sector
2026-07-07,2026-07-07 09:29:54,沪深ETF,17,561920.SH,SH,xtdata.get_stock_list_in_sector
2026-07-07,2026-07-07 09:29:54,沪深ETF,18,512010.SH,SH,xtdata.get_stock_list_in_sector
2026-07-07,2026-07-07 09:29:54,沪深ETF,19,515450.SH,SH,xtdata.get_stock_list_in_sector
2026-07-07,2026-07-07 09:29:54,沪深ETF,20,563010.SH,SH,xtdata.get_stock_list_in_sector
2026-07-07,2026-07-07 09:29:54,沪深ETF,21,588070.SH,SH,xtdata.get_stock_list_in_sector
2026-07-07,2026-07-07 09:29:54,沪深ETF,22,561580.SH,SH,xtdata.get_stock_list_in_sector
2026-07-07,2026-07-07 09:29:54,沪深ETF,23,560300.SH,SH,xtdata.get_stock_list_in_sector
2026-07-07,2026-07-07 09:29:54,沪深ETF,24,510160.SH,SH,xtdata.get_stock_list_in_sector
2026-07-07,2026-07-07 09:29:54,沪深ETF,25,563850.SH,SH,xtdata.get_stock_list_in_sector
2026-07-07,2026-07-07 09:29:54,沪深ETF,26,588830.SH,SH,xtdata.get_stock_list_in_sector
2026-07-07,2026-07-07 09:29:54,沪深ETF,27,510310.SH,SH,xtdata.get_stock_list_in_sector
2026-07-07,2026-07-07 09:29:54,沪深ETF,28,512680.SH,SH,xtdata.get_stock_list_in_sector
2026-07-07,2026-07-07 09:29:54,沪深ETF,29,513000.SH,SH,xtdata.get_stock_list_in_sector
2026-07-07,2026-07-07 09:29:54,沪深ETF,30,560930.SH,SH,xtdata.get_stock_list_in_sector
2026-07-07,2026-07-07 09:29:54,沪深ETF,31,530380.SH,SH,xtdata.get_stock_list_in_sector
2026-07-07,2026-07-07 09:29:54,沪深ETF,32,588200.SH,SH,xtdata.get_stock_list_in_sector
2026-07-07,2026-07-07 09:29:54,沪深ETF,33,560170.SH,SH,xtdata.get_stock_list_in_sector
2026-07-07,2026-07-07 09:29:54,沪深ETF,34,516530.SH,SH,xtdata.get_stock_list_in_sector
2026-07-07,2026-07-07 09:29:54,沪深ETF,35,520990.SH,SH,xtdata.get_stock_list_in_sector
2026-07-07,2026-07-07 09:29:54,沪深ETF,36,517090.SH,SH,xtdata.get_stock_list_in_sector
2026-07-07,2026-07-07 09:29:54,沪深ETF,37,588120.SH,SH,xtdata.get_stock_list_in_sector
2026-07-07,2026-07-07 09:29:54,沪深ETF,38,516610.SH,SH,xtdata.get_stock_list_in_sector
2026-07-07,2026-07-07 09:29:54,沪深ETF,39,560250.SH,SH,xtdata.get_stock_list_in_sector
2026-07-07,2026-07-07 09:29:54,沪深ETF,40,589353.SH,SH,xtdata.get_stock_list_in_sector
2026-07-07,2026-07-07 09:29:54,沪深ETF,41,561023.SH,SH,xtdata.get_stock_list_in_sector
2026-07-07,2026-07-07 09:29:54,沪深ETF,42,588960.SH,SH,xtdata.get_stock_list_in_sector
2026-07-07,2026-07-07 09:29:54,沪深ETF,43,513320.SH,SH,xtdata.get_stock_list_in_sector
2026-07-07,2026-07-07 09:29:54,沪深ETF,44,563900.SH,SH,xtdata.get_stock_list_in_sector
2026-07-07,2026-07-07 09:29:54,沪深ETF,45,510030.SH,SH,xtdata.get_stock_list_in_sector
2026-07-07,2026-07-07 09:29:54,沪深ETF,46,560860.SH,SH,xtdata.get_stock_list_in_sector
2026-07-07,2026-07-07 09:29:54,沪深ETF,47,513150.SH,SH,xtdata.get_stock_list_in_sector
2026-07-07,2026-07-07 09:29:54,沪深ETF,48,520753.SH,SH,xtdata.get_stock_list_in_sector
2026-07-07,2026-07-07 09:29:54,沪深ETF,49,588350.SH,SH,xtdata.get_stock_list_in_sector
2026-07-07,2026-07-07 09:29:54,沪深ETF,50,513910.SH,SH,xtdata.get_stock_list_in_sector
2026-07-07,2026-07-07 09:29:54,沪深ETF,51,516460.SH,SH,xtdata.get_stock_list_in_sector
2026-07-07,2026-07-07 09:29:54,沪深ETF,52,560020.SH,SH,xtdata.get_stock_list_in_sector
2026-07-07,2026-07-07 09:29:54,沪深ETF,53,563330.SH,SH,xtdata.get_stock_list_in_sector
2026-07-07,2026-07-07 09:29:54,沪深ETF,54,515770.SH,SH,xtdata.get_stock_list_in_sector
2026-07-07,2026-07-07 09:29:54,沪深ETF,55,561253.SH,SH,xtdata.get_stock_list_in_sector
2026-07-07,2026-07-07 09:29:54,沪深ETF,56,512330.SH,SH,xtdata.get_stock_list_in_sector
2026-07-07,2026-07-07 09:29:54,沪深ETF,57,511020.SH,SH,xtdata.get_stock_list_in_sector
2026-07-07,2026-07-07 09:29:54,沪深ETF,58,562910.SH,SH,xtdata.get_stock_list_in_sector
2026-07-07,2026-07-07 09:29:54,沪深ETF,59,516080.SH,SH,xtdata.get_stock_list_in_sector
2026-07-07,2026-07-07 09:29:54,沪深ETF,60,589130.SH,SH,xtdata.get_stock_list_in_sector
2026-07-07,2026-07-07 09:29:54,沪深ETF,61,511860.SH,SH,xtdata.get_stock_list_in_sector
2026-07-07,2026-07-07 09:29:54,沪深ETF,62,515390.SH,SH,xtdata.get_stock_list_in_sector
2026-07-07,2026-07-07 09:29:54,沪深ETF,63,561030.SH,SH,xtdata.get_stock_list_in_sector
2026-07-07,2026-07-07 09:29:54,沪深ETF,64,512900.SH,SH,xtdata.get_stock_list_in_sector
2026-07-07,2026-07-07 09:29:54,沪深ETF,65,562320.SH,SH,xtdata.get_stock_list_in_sector
2026-07-07,2026-07-07 09:29:54,沪深ETF,66,520530.SH,SH,xtdata.get_stock_list_in_sector
2026-07-07,2026-07-07 09:29:54,沪深ETF,67,512140.SH,SH,xtdata.get_stock_list_in_sector
2026-07-07,2026-07-07 09:29:54,沪深ETF,68,561870.SH,SH,xtdata.get_stock_list_in_sector
2026-07-07,2026-07-07 09:29:54,沪深ETF,69,510290.SH,SH,xtdata.get_stock_list_in_sector
2026-07-07,2026-07-07 09:29:54,沪深ETF,70,513180.SH,SH,xtdata.get_stock_list_in_sector
2026-07-07,2026-07-07 09:29:54,沪深ETF,71,512700.SH,SH,xtdata.get_stock_list_in_sector
2026-07-07,2026-07-07 09:29:54,沪深ETF,72,562560.SH,SH,xtdata.get_stock_list_in_sector
2026-07-07,2026-07-07 09:29:54,沪深ETF,73,589500.SH,SH,xtdata.get_stock_list_in_sector
2026-07-07,2026-07-07 09:29:54,沪深ETF,74,588380.SH,SH,xtdata.get_stock_list_in_sector
2026-07-07,2026-07-07 09:29:54,沪深ETF,75,560280.SH,SH,xtdata.get_stock_list_in_sector
2026-07-07,2026-07-07 09:29:54,沪深ETF,76,589770.SH,SH,xtdata.get_stock_list_in_sector
2026-07-07,2026-07-07 09:29:54,沪深ETF,77,520940.SH,SH,xtdata.get_stock_list_in_sector
2026-07-07,2026-07-07 09:29:54,沪深ETF,78,511660.SH,SH,xtdata.get_stock_list_in_sector
2026-07-07,2026-07-07 09:29:54,沪深ETF,79,512570.SH,SH,xtdata.get_stock_list_in_sector
2026-07-07,2026-07-07 09:29:54,沪深ETF,80,517800.SH,SH,xtdata.get_stock_list_in_sector
2026-07-07,2026-07-07 09:29:54,沪深ETF,81,561413.SH,SH,xtdata.get_stock_list_in_sector
2026-07-07,2026-07-07 09:29:54,沪深ETF,82,563570.SH,SH,xtdata.get_stock_list_in_sector
2026-07-07,2026-07-07 09:29:54,沪深ETF,83,515130.SH,SH,xtdata.get_stock_list_in_sector
2026-07-07,2026-07-07 09:29:54,沪深ETF,84,588510.SH,SH,xtdata.get_stock_list_in_sector
2026-07-07,2026-07-07 09:29:54,沪深ETF,85,516220.SH,SH,xtdata.get_stock_list_in_sector
2026-07-07,2026-07-07 09:29:54,沪深ETF,86,560660.SH,SH,xtdata.get_stock_list_in_sector
2026-07-07,2026-07-07 09:29:54,沪深ETF,87,515970.SH,SH,xtdata.get_stock_list_in_sector
2026-07-07,2026-07-07 09:29:54,沪深ETF,88,512190.SH,SH,xtdata.get_stock_list_in_sector
2026-07-07,2026-07-07 09:29:54,沪深ETF,89,510670.SH,SH,xtdata.get_stock_list_in_sector
2026-07-07,2026-07-07 09:29:54,沪深ETF,90,516810.SH,SH,xtdata.get_stock_list_in_sector
2026-07-07,2026-07-07 09:29:54,沪深ETF,91,513560.SH,SH,xtdata.get_stock_list_in_sector
2026-07-07,2026-07-07 09:29:54,沪深ETF,92,520790.SH,SH,xtdata.get_stock_list_in_sector
2026-07-07,2026-07-07 09:29:54,沪深ETF,93,563700.SH,SH,xtdata.get_stock_list_in_sector
2026-07-07,2026-07-07 09:29:54,沪深ETF,94,588760.SH,SH,xtdata.get_stock_list_in_sector
2026-07-07,2026-07-07 09:29:54,沪深ETF,95,516050.SH,SH,xtdata.get_stock_list_in_sector
2026-07-07,2026-07-07 09:29:54,沪深ETF,96,560410.SH,SH,xtdata.get_stock_list_in_sector
2026-07-07,2026-07-07 09:29:54,沪深ETF,97,512880.SH,SH,xtdata.get_stock_list_in_sector
2026-07-07,2026-07-07 09:29:54,沪深ETF,98,516370.SH,SH,xtdata.get_stock_list_in_sector
2026-07-07,2026-07-07 09:29:54,沪深ETF,99,515060.SH,SH,xtdata.get_stock_list_in_sector
2026-07-07,2026-07-07 09:29:54,沪深ETF,100,510550.SH,SH,xtdata.get_stock_list_in_sector
2026-07-07,2026-07-07 09:29:54,沪深ETF,101,510720.SH,SH,xtdata.get_stock_list_in_sector
2026-07-07,2026-07-07 09:29:54,沪深ETF,102,562890.SH,SH,xtdata.get_stock_list_in_sector
2026-07-07,2026-07-07 09:29:54,沪深ETF,103,516100.SH,SH,xtdata.get_stock_list_in_sector
2026-07-07,2026-07-07 09:29:54,沪深ETF,104,515210.SH,SH,xtdata.get_stock_list_in_sector
2026-07-07,2026-07-07 09:29:54,沪深ETF,105,563650.SH,SH,xtdata.get_stock_list_in_sector
2026-07-07,2026-07-07 09:29:54,沪深ETF,106,512650.SH,SH,xtdata.get_stock_list_in_sector
2026-07-07,2026-07-07 09:29:54,沪深ETF,107,518600.SH,SH,xtdata.get_stock_list_in_sector
2026-07-07,2026-07-07 09:29:54,沪深ETF,108,513890.SH,SH,xtdata.get_stock_list_in_sector
2026-07-07,2026-07-07 09:29:54,沪深ETF,109,517360.SH,SH,xtdata.get_stock_list_in_sector
2026-07-07,2026-07-07 09:29:54,沪深ETF,110,520810.SH,SH,xtdata.get_stock_list_in_sector
2026-07-07,2026-07-07 09:29:54,沪深ETF,111,516790.SH,SH,xtdata.get_stock_list_in_sector
2026-07-07,2026-07-07 09:29:54,沪深ETF,112,561550.SH,SH,xtdata.get_stock_list_in_sector
2026-07-07,2026-07-07 09:29:54,沪深ETF,113,517110.SH,SH,xtdata.get_stock_list_in_sector
2026-07-07,2026-07-07 09:29:54,沪深ETF,114,515480.SH,SH,xtdata.get_stock_list_in_sector
2026-07-07,2026-07-07 09:29:54,沪深ETF,115,517950.SH,SH,xtdata.get_stock_list_in_sector
2026-07-07,2026-07-07 09:29:54,沪深ETF,116,563880.SH,SH,xtdata.get_stock_list_in_sector
2026-07-07,2026-07-07 09:29:54,沪深ETF,117,588460.SH,SH,xtdata.get_stock_list_in_sector
2026-07-07,2026-07-07 09:29:54,沪深ETF,118,561190.SH,SH,xtdata.get_stock_list_in_sector
2026-07-07,2026-07-07 09:29:54,沪深ETF,119,560710.SH,SH,xtdata.get_stock_list_in_sector
2026-07-07,2026-07-07 09:29:54,沪深ETF,120,516350.SH,SH,xtdata.get_stock_list_in_sector
2026-07-07,2026-07-07 09:29:54,沪深ETF,121,515800.SH,SH,xtdata.get_stock_list_in_sector
2026-07-07,2026-07-07 09:29:54,沪深ETF,122,510570.SH,SH,xtdata.get_stock_list_in_sector
2026-07-07,2026-07-07 09:29:54,沪深ETF,123,512413.SH,SH,xtdata.get_stock_list_in_sector
2026-07-07,2026-07-07 09:29:54,沪深ETF,124,513660.SH,SH,xtdata.get_stock_list_in_sector
2026-07-07,2026-07-07 09:29:54,沪深ETF,125,511180.SH,SH,xtdata.get_stock_list_in_sector
2026-07-07,2026-07-07 09:29:54,沪深ETF,126,512290.SH,SH,xtdata.get_stock_list_in_sector
2026-07-07,2026-07-07 09:29:54,沪深ETF,127,516960.SH,SH,xtdata.get_stock_list_in_sector
2026-07-07,2026-07-07 09:29:54,沪深ETF,128,515230.SH,SH,xtdata.get_stock_list_in_sector
2026-07-07,2026-07-07 09:29:54,沪深ETF,129,563670.SH,SH,xtdata.get_stock_list_in_sector
2026-07-07,2026-07-07 09:29:54,沪深ETF,130,561394.SH,SH,xtdata.get_stock_list_in_sector
2026-07-07,2026-07-07 09:29:54,沪深ETF,131,560560.SH,SH,xtdata.get_stock_list_in_sector
2026-07-07,2026-07-07 09:29:54,沪深ETF,132,516120.SH,SH,xtdata.get_stock_list_in_sector
2026-07-07,2026-07-07 09:29:54,沪深ETF,133,589090.SH,SH,xtdata.get_stock_list_in_sector
2026-07-07,2026-07-07 09:29:54,沪深ETF,134,512670.SH,SH,xtdata.get_stock_list_in_sector
2026-07-07,2026-07-07 09:29:54,沪深ETF,135,560180.SH,SH,xtdata.get_stock_list_in_sector
2026-07-07,2026-07-07 09:29:54,沪深ETF,136,561700.SH,SH,xtdata.get_stock_list_in_sector
2026-07-07,2026-07-07 09:29:54,沪深ETF,137,562660.SH,SH,xtdata.get_stock_list_in_sector
2026-07-07,2026-07-07 09:29:54,沪深ETF,138,520830.SH,SH,xtdata.get_stock_list_in_sector
2026-07-07,2026-07-07 09:29:54,沪深ETF,139,530100.SH,SH,xtdata.get_stock_list_in_sector
2026-07-07,2026-07-07 09:29:54,沪深ETF,140,589600.SH,SH,xtdata.get_stock_list_in_sector
2026-07-07,2026-07-07 09:29:54,沪深ETF,141,561570.SH,SH,xtdata.get_stock_list_in_sector
2026-07-07,2026-07-07 09:29:54,沪深ETF,142,517130.SH,SH,xtdata.get_stock_list_in_sector
2026-07-07,2026-07-07 09:29:54,沪深ETF,143,588080.SH,SH,xtdata.get_stock_list_in_sector
2026-07-07,2026-07-07 09:29:54,沪深ETF,144,510190.SH,SH,xtdata.get_stock_list_in_sector
2026-07-07,2026-07-07 09:29:54,沪深ETF,145,513280.SH,SH,xtdata.get_stock_list_in_sector
2026-07-07,2026-07-07 09:29:54,沪深ETF,146,512400.SH,SH,xtdata.get_stock_list_in_sector
2026-07-07,2026-07-07 09:29:54,沪深ETF,147,512720.SH,SH,xtdata.get_stock_list_in_sector
2026-07-07,2026-07-07 09:29:54,沪深ETF,148,589520.SH,SH,xtdata.get_stock_list_in_sector
2026-07-07,2026-07-07 09:29:54,沪深ETF,149,561624.SH,SH,xtdata.get_stock_list_in_sector
2026-07-07,2026-07-07 09:29:54,沪深ETF,150,530050.SH,SH,xtdata.get_stock_list_in_sector
2026-07-07,2026-07-07 09:29:54,沪深ETF,151,520960.SH,SH,xtdata.get_stock_list_in_sector
2026-07-07,2026-07-07 09:29:54,沪深ETF,152,510880.SH,SH,xtdata.get_stock_list_in_sector
2026-07-07,2026-07-07 09:29:54,沪深ETF,153,588990.SH,SH,xtdata.get_stock_list_in_sector
2026-07-07,2026-07-07 09:29:54,沪深ETF,154,512550.SH,SH,xtdata.get_stock_list_in_sector
2026-07-07,2026-07-07 09:29:54,沪深ETF,155,516200.SH,SH,xtdata.get_stock_list_in_sector
2026-07-07,2026-07-07 09:29:54,沪深ETF,156,561433.SH,SH,xtdata.get_stock_list_in_sector
2026-07-07,2026-07-07 09:29:54,沪深ETF,157,563550.SH,SH,xtdata.get_stock_list_in_sector
2026-07-07,2026-07-07 09:29:54,沪深ETF,158,515110.SH,SH,xtdata.get_stock_list_in_sector
2026-07-07,2026-07-07 09:29:54,沪深ETF,159,561880.SH,SH,xtdata.get_stock_list_in_sector
2026-07-07,2026-07-07 09:29:54,沪深ETF,160,513730.SH,SH,xtdata.get_stock_list_in_sector
2026-07-07,2026-07-07 09:29:54,沪深ETF,161,515950.SH,SH,xtdata.get_stock_list_in_sector
2026-07-07,2026-07-07 09:29:54,沪深ETF,162,516830.SH,SH,xtdata.get_stock_list_in_sector
2026-07-07,2026-07-07 09:29:54,沪深ETF,163,589980.SH,SH,xtdata.get_stock_list_in_sector
2026-07-07,2026-07-07 09:29:54,沪深ETF,164,510650.SH,SH,xtdata.get_stock_list_in_sector
2026-07-07,2026-07-07 09:29:54,沪深ETF,165,516070.SH,SH,xtdata.get_stock_list_in_sector
2026-07-07,2026-07-07 09:29:54,沪深ETF,166,515360.SH,SH,xtdata.get_stock_list_in_sector
2026-07-07,2026-07-07 09:29:54,沪深ETF,167,510850.SH,SH,xtdata.get_stock_list_in_sector
2026-07-07,2026-07-07 09:29:54,沪深ETF,168,551510.SH,SH,xtdata.get_stock_list_in_sector
2026-07-07,2026-07-07 09:29:54,沪深ETF,169,588100.SH,SH,xtdata.get_stock_list_in_sector
2026-07-07,2026-07-07 09:29:54,沪深ETF,170,516630.SH,SH,xtdata.get_stock_list_in_sector
2026-07-07,2026-07-07 09:29:54,沪深ETF,171,589780.SH,SH,xtdata.get_stock_list_in_sector
2026-07-07,2026-07-07 09:29:54,沪深ETF,172,560270.SH,SH,xtdata.get_stock_list_in_sector
2026-07-07,2026-07-07 09:29:54,沪深ETF,173,530080.SH,SH,xtdata.get_stock_list_in_sector
2026-07-07,2026-07-07 09:29:54,沪深ETF,174,510010.SH,SH,xtdata.get_stock_list_in_sector
2026-07-07,2026-07-07 09:29:54,沪深ETF,175,511690.SH,SH,xtdata.get_stock_list_in_sector
2026-07-07,2026-07-07 09:29:54,沪深ETF,176,588940.SH,SH,xtdata.get_stock_list_in_sector
2026-07-07,2026-07-07 09:29:54,沪深ETF,177,512580.SH,SH,xtdata.get_stock_list_in_sector
2026-07-07,2026-07-07 09:29:54,沪深ETF,178,513300.SH,SH,xtdata.get_stock_list_in_sector
2026-07-07,2026-07-07 09:29:54,沪深ETF,179,513170.SH,SH,xtdata.get_stock_list_in_sector
2026-07-07,2026-07-07 09:29:54,沪深ETF,180,515750.SH,SH,xtdata.get_stock_list_in_sector
2026-07-07,2026-07-07 09:29:54,沪深ETF,181,562590.SH,SH,xtdata.get_stock_list_in_sector
2026-07-07,2026-07-07 09:29:54,沪深ETF,182,561680.SH,SH,xtdata.get_stock_list_in_sector
2026-07-07,2026-07-07 09:29:54,沪深ETF,183,588370.SH,SH,xtdata.get_stock_list_in_sector
2026-07-07,2026-07-07 09:29:54,沪深ETF,184,560000.SH,SH,xtdata.get_stock_list_in_sector
2026-07-07,2026-07-07 09:29:54,沪深ETF,185,513930.SH,SH,xtdata.get_stock_list_in_sector
2026-07-07,2026-07-07 09:29:54,沪深ETF,186,562930.SH,SH,xtdata.get_stock_list_in_sector
2026-07-07,2026-07-07 09:29:54,沪深ETF,187,510680.SH,SH,xtdata.get_stock_list_in_sector
2026-07-07,2026-07-07 09:29:54,沪深ETF,188,520760.SH,SH,xtdata.get_stock_list_in_sector
2026-07-07,2026-07-07 09:29:54,沪深ETF,189,513590.SH,SH,xtdata.get_stock_list_in_sector
2026-07-07,2026-07-07 09:29:54,沪深ETF,190,589950.SH,SH,xtdata.get_stock_list_in_sector
2026-07-07,2026-07-07 09:29:54,沪深ETF,191,589110.SH,SH,xtdata.get_stock_list_in_sector
2026-07-07,2026-07-07 09:29:54,沪深ETF,192,588790.SH,SH,xtdata.get_stock_list_in_sector
2026-07-07,2026-07-07 09:29:54,沪深ETF,193,561260.SH,SH,xtdata.get_stock_list_in_sector
2026-07-07,2026-07-07 09:29:54,沪深ETF,194,562300.SH,SH,xtdata.get_stock_list_in_sector
2026-07-07,2026-07-07 09:29:54,沪深ETF,195,563580.SH,SH,xtdata.get_stock_list_in_sector
2026-07-07,2026-07-07 09:29:54,沪深ETF,196,560690.SH,SH,xtdata.get_stock_list_in_sector
2026-07-07,2026-07-07 09:29:54,沪深ETF,197,589360.SH,SH,xtdata.get_stock_list_in_sector
2026-07-07,2026-07-07 09:29:54,沪深ETF,198,561010.SH,SH,xtdata.get_stock_list_in_sector
2026-07-07,2026-07-07 09:29:54,沪深ETF,199,511270.SH,SH,xtdata.get_stock_list_in_sector
2026-07-07,2026-07-07 09:29:54,沪深ETF,200,515980.SH,SH,xtdata.get_stock_list_in_sector
2026-07-07,2026-07-07 09:29:54,沪深ETF,201,520510.SH,SH,xtdata.get_stock_list_in_sector
2026-07-07,2026-07-07 09:29:54,沪深ETF,202,512160.SH,SH,xtdata.get_stock_list_in_sector
2026-07-07,2026-07-07 09:29:54,沪深ETF,203,589800.SH,SH,xtdata.get_stock_list_in_sector
2026-07-07,2026-07-07 09:29:54,沪深ETF,204,512240.SH,SH,xtdata.get_stock_list_in_sector
2026-07-07,2026-07-07 09:29:54,沪深ETF,205,520630.SH,SH,xtdata.get_stock_list_in_sector
2026-07-07,2026-07-07 09:29:54,沪深ETF,206,511150.SH,SH,xtdata.get_stock_list_in_sector
2026-07-07,2026-07-07 09:29:54,沪深ETF,207,562860.SH,SH,xtdata.get_stock_list_in_sector
2026-07-07,2026-07-07 09:29:54,沪深ETF,208,561330.SH,SH,xtdata.get_stock_list_in_sector
2026-07-07,2026-07-07 09:29:54,沪深ETF,209,517770.SH,SH,xtdata.get_stock_list_in_sector
2026-07-07,2026-07-07 09:29:54,沪深ETF,210,511910.SH,SH,xtdata.get_stock_list_in_sector
2026-07-07,2026-07-07 09:29:54,沪深ETF,211,530530.SH,SH,xtdata.get_stock_list_in_sector
2026-07-07,2026-07-07 09:29:54,沪深ETF,212,589230.SH,SH,xtdata.get_stock_list_in_sector
2026-07-07,2026-07-07 09:29:54,沪深ETF,213,516380.SH,SH,xtdata.get_stock_list_in_sector
2026-07-07,2026-07-07 09:29:54,沪深ETF,214,512870.SH,SH,xtdata.get_stock_list_in_sector
2026-07-07,2026-07-07 09:29:54,沪深ETF,215,510913.SH,SH,xtdata.get_stock_list_in_sector
2026-07-07,2026-07-07 09:29:54,沪深ETF,216,515090.SH,SH,xtdata.get_stock_list_in_sector
2026-07-07,2026-07-07 09:29:54,沪深ETF,217,512030.SH,SH,xtdata.get_stock_list_in_sector
2026-07-07,2026-07-07 09:29:54,沪深ETF,218,561900.SH,SH,xtdata.get_stock_list_in_sector
2026-07-07,2026-07-07 09:29:54,沪深ETF,219,588050.SH,SH,xtdata.get_stock_list_in_sector
2026-07-07,2026-07-07 09:29:54,沪深ETF,220,560320.SH,SH,xtdata.get_stock_list_in_sector
2026-07-07,2026-07-07 09:29:54,沪深ETF,221,516760.SH,SH,xtdata.get_stock_list_in_sector
2026-07-07,2026-07-07 09:29:54,沪深ETF,222,510900.SH,SH,xtdata.get_stock_list_in_sector
2026-07-07,2026-07-07 09:29:54,沪深ETF,223,563030.SH,SH,xtdata.get_stock_list_in_sector
2026-07-07,2026-07-07 09:29:54,沪深ETF,224,588810.SH,SH,xtdata.get_stock_list_in_sector
2026-07-07,2026-07-07 09:29:54,沪深ETF,225,563870.SH,SH,xtdata.get_stock_list_in_sector
2026-07-07,2026-07-07 09:29:54,沪深ETF,226,510140.SH,SH,xtdata.get_stock_list_in_sector
2026-07-07,2026-07-07 09:29:54,沪深ETF,227,560910.SH,SH,xtdata.get_stock_list_in_sector
2026-07-07,2026-07-07 09:29:54,沪深ETF,228,513020.SH,SH,xtdata.get_stock_list_in_sector
2026-07-07,2026-07-07 09:29:54,沪深ETF,229,510330.SH,SH,xtdata.get_stock_list_in_sector
2026-07-07,2026-07-07 09:29:54,沪深ETF,230,588220.SH,SH,xtdata.get_stock_list_in_sector
2026-07-07,2026-07-07 09:29:54,沪深ETF,231,517390.SH,SH,xtdata.get_stock_list_in_sector
2026-07-07,2026-07-07 09:29:54,沪深ETF,232,513860.SH,SH,xtdata.get_stock_list_in_sector
2026-07-07,2026-07-07 09:29:54,沪深ETF,233,560150.SH,SH,xtdata.get_stock_list_in_sector
2026-07-07,2026-07-07 09:29:54,沪深ETF,234,516510.SH,SH,xtdata.get_stock_list_in_sector
2026-07-07,2026-07-07 09:29:54,沪深ETF,235,515600.SH,SH,xtdata.get_stock_list_in_sector
2026-07-07,2026-07-07 09:29:54,沪深ETF,236,510050.SH,SH,xtdata.get_stock_list_in_sector
2026-07-07,2026-07-07 09:29:54,沪深ETF,237,563960.SH,SH,xtdata.get_stock_list_in_sector
2026-07-07,2026-07-07 09:29:54,沪深ETF,238,588900.SH,SH,xtdata.get_stock_list_in_sector
2026-07-07,2026-07-07 09:29:54,沪深ETF,239,530880.SH,SH,xtdata.get_stock_list_in_sector
2026-07-07,2026-07-07 09:29:54,沪深ETF,240,515560.SH,SH,xtdata.get_stock_list_in_sector
2026-07-07,2026-07-07 09:29:54,沪深ETF,241,510810.SH,SH,xtdata.get_stock_list_in_sector
2026-07-07,2026-07-07 09:29:54,沪深ETF,242,589333.SH,SH,xtdata.get_stock_list_in_sector
2026-07-07,2026-07-07 09:29:54,沪深ETF,243,551550.SH,SH,xtdata.get_stock_list_in_sector
2026-07-07,2026-07-07 09:29:54,沪深ETF,244,560230.SH,SH,xtdata.get_stock_list_in_sector
2026-07-07,2026-07-07 09:29:54,沪深ETF,245,516670.SH,SH,xtdata.get_stock_list_in_sector
2026-07-07,2026-07-07 09:29:54,沪深ETF,246,588140.SH,SH,xtdata.get_stock_list_in_sector
2026-07-07,2026-07-07 09:29:54,沪深ETF,247,515710.SH,SH,xtdata.get_stock_list_in_sector
2026-07-07,2026-07-07 09:29:54,沪深ETF,248,563350.SH,SH,xtdata.get_stock_list_in_sector
2026-07-07,2026-07-07 09:29:54,沪深ETF,249,513970.SH,SH,xtdata.get_stock_list_in_sector
2026-07-07,2026-07-07 09:29:54,沪深ETF,250,588330.SH,SH,xtdata.get_stock_list_in_sector
2026-07-07,2026-07-07 09:29:54,沪深ETF,251,513130.SH,SH,xtdata.get_stock_list_in_sector
2026-07-07,2026-07-07 09:29:54,沪深ETF,252,560800.SH,SH,xtdata.get_stock_list_in_sector
2026-07-07,2026-07-07 09:29:54,沪深ETF,253,511800.SH,SH,xtdata.get_stock_list_in_sector
2026-07-07,2026-07-07 09:29:54,沪深ETF,254,561254.SH,SH,xtdata.get_stock_list_in_sector
2026-07-07,2026-07-07 09:29:54,沪深ETF,255,561220.SH,SH,xtdata.get_stock_list_in_sector
2026-07-07,2026-07-07 09:29:54,沪深ETF,256,517660.SH,SH,xtdata.get_stock_list_in_sector
2026-07-07,2026-07-07 09:29:54,沪深ETF,257,589150.SH,SH,xtdata.get_stock_list_in_sector
2026-07-07,2026-07-07 09:29:54,沪深ETF,258,562970.SH,SH,xtdata.get_stock_list_in_sector
2026-07-07,2026-07-07 09:29:54,沪深ETF,259,520720.SH,SH,xtdata.get_stock_list_in_sector
2026-07-07,2026-07-07 09:29:54,沪深ETF,260,520550.SH,SH,xtdata.get_stock_list_in_sector
2026-07-07,2026-07-07 09:29:54,沪深ETF,261,512120.SH,SH,xtdata.get_stock_list_in_sector
2026-07-07,2026-07-07 09:29:54,沪深ETF,262,515180.SH,SH,xtdata.get_stock_list_in_sector
2026-07-07,2026-07-07 09:29:54,沪深ETF,263,562340.SH,SH,xtdata.get_stock_list_in_sector
2026-07-07,2026-07-07 09:29:54,沪深ETF,264,561024.SH,SH,xtdata.get_stock_list_in_sector
2026-07-07,2026-07-07 09:29:54,沪深ETF,265,512960.SH,SH,xtdata.get_stock_list_in_sector
2026-07-07,2026-07-07 09:29:54,沪深ETF,266,561050.SH,SH,xtdata.get_stock_list_in_sector
2026-07-07,2026-07-07 09:29:54,沪深ETF,267,516290.SH,SH,xtdata.get_stock_list_in_sector
2026-07-07,2026-07-07 09:29:54,沪深ETF,268,589320.SH,SH,xtdata.get_stock_list_in_sector
2026-07-07,2026-07-07 09:29:54,沪深ETF,269,588680.SH,SH,xtdata.get_stock_list_in_sector
2026-07-07,2026-07-07 09:29:54,沪深ETF,270,561370.SH,SH,xtdata.get_stock_list_in_sector
2026-07-07,2026-07-07 09:29:54,沪深ETF,271,589000.SH,SH,xtdata.get_stock_list_in_sector
2026-07-07,2026-07-07 09:29:54,沪深ETF,272,562060.SH,SH,xtdata.get_stock_list_in_sector
2026-07-07,2026-07-07 09:29:54,沪深ETF,273,511950.SH,SH,xtdata.get_stock_list_in_sector
2026-07-07,2026-07-07 09:29:54,沪深ETF,274,512200.SH,SH,xtdata.get_stock_list_in_sector
2026-07-07,2026-07-07 09:29:54,沪深ETF,275,520670.SH,SH,xtdata.get_stock_list_in_sector
2026-07-07,2026-07-07 09:29:54,沪深ETF,276,511110.SH,SH,xtdata.get_stock_list_in_sector
2026-07-07,2026-07-07 09:29:54,沪深ETF,277,562820.SH,SH,xtdata.get_stock_list_in_sector
2026-07-07,2026-07-07 09:29:54,沪深ETF,278,512070.SH,SH,xtdata.get_stock_list_in_sector
2026-07-07,2026-07-07 09:29:54,沪深ETF,279,515890.SH,SH,xtdata.get_stock_list_in_sector
2026-07-07,2026-07-07 09:29:54,沪深ETF,280,511360.SH,SH,xtdata.get_stock_list_in_sector
2026-07-07,2026-07-07 09:29:54,沪深ETF,281,518860.SH,SH,xtdata.get_stock_list_in_sector
2026-07-07,2026-07-07 09:29:54,沪深ETF,282,561100.SH,SH,xtdata.get_stock_list_in_sector
2026-07-07,2026-07-07 09:29:54,沪深ETF,283,560780.SH,SH,xtdata.get_stock_list_in_sector
2026-07-07,2026-07-07 09:29:54,沪深ETF,284,589270.SH,SH,xtdata.get_stock_list_in_sector
2026-07-07,2026-07-07 09:29:54,沪深ETF,285,513210.SH,SH,xtdata.get_stock_list_in_sector
2026-07-07,2026-07-07 09:29:54,沪深ETF,286,588850.SH,SH,xtdata.get_stock_list_in_sector
2026-07-07,2026-07-07 09:29:54,沪深ETF,287,563830.SH,SH,xtdata.get_stock_list_in_sector
2026-07-07,2026-07-07 09:29:54,沪深ETF,288,510100.SH,SH,xtdata.get_stock_list_in_sector
2026-07-07,2026-07-07 09:29:54,沪深ETF,289,516720.SH,SH,xtdata.get_stock_list_in_sector
2026-07-07,2026-07-07 09:29:54,沪深ETF,290,560360.SH,SH,xtdata.get_stock_list_in_sector
2026-07-07,2026-07-07 09:29:54,沪深ETF,291,588010.SH,SH,xtdata.get_stock_list_in_sector
2026-07-07,2026-07-07 09:29:54,沪深ETF,292,513820.SH,SH,xtdata.get_stock_list_in_sector
2026-07-07,2026-07-07 09:29:54,沪深ETF,293,516550.SH,SH,xtdata.get_stock_list_in_sector
2026-07-07,2026-07-07 09:29:54,沪深ETF,294,560110.SH,SH,xtdata.get_stock_list_in_sector
2026-07-07,2026-07-07 09:29:54,沪深ETF,295,561790.SH,SH,xtdata.get_stock_list_in_sector
2026-07-07,2026-07-07 09:29:54,沪深ETF,296,588260.SH,SH,xtdata.get_stock_list_in_sector
2026-07-07,2026-07-07 09:29:54,沪深ETF,297,563200.SH,SH,xtdata.get_stock_list_in_sector
2026-07-07,2026-07-07 09:29:54,沪深ETF,298,515640.SH,SH,xtdata.get_stock_list_in_sector
2026-07-07,2026-07-07 09:29:54,沪深ETF,299,560950.SH,SH,xtdata.get_stock_list_in_sector
2026-07-07,2026-07-07 09:29:54,沪深ETF,300,513060.SH,SH,xtdata.get_stock_list_in_sector
2026-07-07,2026-07-07 09:29:54,沪深ETF,301,510370.SH,SH,xtdata.get_stock_list_in_sector
2026-07-07,2026-07-07 09:29:54,沪深ETF,302,510530.SH,SH,xtdata.get_stock_list_in_sector
2026-07-07,2026-07-07 09:29:54,沪深ETF,303,513620.SH,SH,xtdata.get_stock_list_in_sector
2026-07-07,2026-07-07 09:29:54,沪深ETF,304,561990.SH,SH,xtdata.get_stock_list_in_sector
2026-07-07,2026-07-07 09:29:54,沪深ETF,305,515000.SH,SH,xtdata.get_stock_list_in_sector
2026-07-07,2026-07-07 09:29:54,沪深ETF,306,551030.SH,SH,xtdata.get_stock_list_in_sector
2026-07-07,2026-07-07 09:29:54,沪深ETF,307,516310.SH,SH,xtdata.get_stock_list_in_sector
2026-07-07,2026-07-07 09:29:54,沪深ETF,308,560750.SH,SH,xtdata.get_stock_list_in_sector
2026-07-07,2026-07-07 09:29:54,沪深ETF,309,588420.SH,SH,xtdata.get_stock_list_in_sector
2026-07-07,2026-07-07 09:29:54,沪深ETF,310,511980.SH,SH,xtdata.get_stock_list_in_sector
2026-07-07,2026-07-07 09:29:54,沪深ETF,311,563630.SH,SH,xtdata.get_stock_list_in_sector
2026-07-07,2026-07-07 09:29:54,沪深ETF,312,589423.SH,SH,xtdata.get_stock_list_in_sector
2026-07-07,2026-07-07 09:29:54,沪深ETF,313,516160.SH,SH,xtdata.get_stock_list_in_sector
2026-07-07,2026-07-07 09:29:54,沪深ETF,314,560520.SH,SH,xtdata.get_stock_list_in_sector
2026-07-07,2026-07-07 09:29:54,沪深ETF,315,589890.SH,SH,xtdata.get_stock_list_in_sector
2026-07-07,2026-07-07 09:29:54,沪深ETF,316,516920.SH,SH,xtdata.get_stock_list_in_sector
2026-07-07,2026-07-07 09:29:54,沪深ETF,317,517300.SH,SH,xtdata.get_stock_list_in_sector
2026-07-07,2026-07-07 09:29:54,沪深ETF,318,516580.SH,SH,xtdata.get_stock_list_in_sector
2026-07-07,2026-07-07 09:29:54,沪深ETF,319,511520.SH,SH,xtdata.get_stock_list_in_sector
2026-07-07,2026-07-07 09:29:54,沪深ETF,320,518660.SH,SH,xtdata.get_stock_list_in_sector
2026-07-07,2026-07-07 09:29:54,沪深ETF,321,512630.SH,SH,xtdata.get_stock_list_in_sector
2026-07-07,2026-07-07 09:29:54,沪深ETF,322,560980.SH,SH,xtdata.get_stock_list_in_sector
2026-07-07,2026-07-07 09:29:54,沪深ETF,323,588880.SH,SH,xtdata.get_stock_list_in_sector
2026-07-07,2026-07-07 09:29:54,沪深ETF,324,510990.SH,SH,xtdata.get_stock_list_in_sector
2026-07-07,2026-07-07 09:29:54,沪深ETF,325,520870.SH,SH,xtdata.get_stock_list_in_sector
2026-07-07,2026-07-07 09:29:54,沪深ETF,326,517170.SH,SH,xtdata.get_stock_list_in_sector
2026-07-07,2026-07-07 09:29:54,沪深ETF,327,589560.SH,SH,xtdata.get_stock_list_in_sector
2026-07-07,2026-07-07 09:29:54,沪深ETF,328,560090.SH,SH,xtdata.get_stock_list_in_sector
2026-07-07,2026-07-07 09:29:54,沪深ETF,329,563380.SH,SH,xtdata.get_stock_list_in_sector
2026-07-07,2026-07-07 09:29:54,沪深ETF,330,562500.SH,SH,xtdata.get_stock_list_in_sector
2026-07-07,2026-07-07 09:29:54,沪深ETF,331,512760.SH,SH,xtdata.get_stock_list_in_sector
2026-07-07,2026-07-07 09:29:54,沪深ETF,332,512510.SH,SH,xtdata.get_stock_list_in_sector
2026-07-07,2026-07-07 09:29:54,沪深ETF,333,513390.SH,SH,xtdata.get_stock_list_in_sector
2026-07-07,2026-07-07 09:29:54,沪深ETF,334,511600.SH,SH,xtdata.get_stock_list_in_sector
2026-07-07,2026-07-07 09:29:54,沪深ETF,335,561460.SH,SH,xtdata.get_stock_list_in_sector
2026-07-07,2026-07-07 09:29:54,沪深ETF,336,588190.SH,SH,xtdata.get_stock_list_in_sector
2026-07-07,2026-07-07 09:29:54,沪深ETF,337,520920.SH,SH,xtdata.get_stock_list_in_sector
2026-07-07,2026-07-07 09:29:54,沪深ETF,338,561414.SH,SH,xtdata.get_stock_list_in_sector
2026-07-07,2026-07-07 09:29:54,沪深ETF,339,551580.SH,SH,xtdata.get_stock_list_in_sector
2026-07-07,2026-07-07 09:29:54,沪深ETF,340,513770.SH,SH,xtdata.get_stock_list_in_sector
2026-07-07,2026-07-07 09:29:54,沪深ETF,341,520580.SH,SH,xtdata.get_stock_list_in_sector
2026-07-07,2026-07-07 09:29:54,沪深ETF,342,515910.SH,SH,xtdata.get_stock_list_in_sector
2026-07-07,2026-07-07 09:29:54,沪深ETF,343,561080.SH,SH,xtdata.get_stock_list_in_sector
2026-07-07,2026-07-07 09:29:54,沪深ETF,344,561473.SH,SH,xtdata.get_stock_list_in_sector
2026-07-07,2026-07-07 09:29:54,沪深ETF,345,562390.SH,SH,xtdata.get_stock_list_in_sector
2026-07-07,2026-07-07 09:29:54,沪深ETF,346,515150.SH,SH,xtdata.get_stock_list_in_sector
2026-07-07,2026-07-07 09:29:54,沪深ETF,347,563510.SH,SH,xtdata.get_stock_list_in_sector
2026-07-07,2026-07-07 09:29:54,沪深ETF,348,560470.SH,SH,xtdata.get_stock_list_in_sector
2026-07-07,2026-07-07 09:29:54,沪深ETF,349,589180.SH,SH,xtdata.get_stock_list_in_sector
2026-07-07,2026-07-07 09:29:54,沪深ETF,350,588700.SH,SH,xtdata.get_stock_list_in_sector
2026-07-07,2026-07-07 09:29:54,沪深ETF,351,530680.SH,SH,xtdata.get_stock_list_in_sector
2026-07-07,2026-07-07 09:29:54,沪深ETF,352,515320.SH,SH,xtdata.get_stock_list_in_sector
2026-07-07,2026-07-07 09:29:54,沪深ETF,353,563760.SH,SH,xtdata.get_stock_list_in_sector
2026-07-07,2026-07-07 09:29:54,沪深ETF,354,513500.SH,SH,xtdata.get_stock_list_in_sector
2026-07-07,2026-07-07 09:29:54,沪深ETF,355,512380.SH,SH,xtdata.get_stock_list_in_sector
2026-07-07,2026-07-07 09:29:54,沪深ETF,356,511090.SH,SH,xtdata.get_stock_list_in_sector
2026-07-07,2026-07-07 09:29:54,沪深ETF,357,562520.SH,SH,xtdata.get_stock_list_in_sector
2026-07-07,2026-07-07 09:29:54,沪深ETF,358,513980.SH,SH,xtdata.get_stock_list_in_sector
2026-07-07,2026-07-07 09:29:54,沪深ETF,359,563990.SH,SH,xtdata.get_stock_list_in_sector
2026-07-07,2026-07-07 09:29:54,沪深ETF,360,511620.SH,SH,xtdata.get_stock_list_in_sector
2026-07-07,2026-07-07 09:29:54,沪深ETF,361,512530.SH,SH,xtdata.get_stock_list_in_sector
2026-07-07,2026-07-07 09:29:54,沪深ETF,362,515590.SH,SH,xtdata.get_stock_list_in_sector
2026-07-07,2026-07-07 09:29:54,沪深ETF,363,517000.SH,SH,xtdata.get_stock_list_in_sector
2026-07-07,2026-07-07 09:29:54,沪深ETF,364,520900.SH,SH,xtdata.get_stock_list_in_sector
2026-07-07,2026-07-07 09:29:54,沪深ETF,365,551900.SH,SH,xtdata.get_stock_list_in_sector
2026-07-07,2026-07-07 09:29:54,沪深ETF,366,513750.SH,SH,xtdata.get_stock_list_in_sector
2026-07-07,2026-07-07 09:29:54,沪深ETF,367,515170.SH,SH,xtdata.get_stock_list_in_sector
2026-07-07,2026-07-07 09:29:54,沪深ETF,368,563530.SH,SH,xtdata.get_stock_list_in_sector
2026-07-07,2026-07-07 09:29:54,沪深ETF,369,560620.SH,SH,xtdata.get_stock_list_in_sector
2026-07-07,2026-07-07 09:29:54,沪深ETF,370,516260.SH,SH,xtdata.get_stock_list_in_sector
2026-07-07,2026-07-07 09:29:54,沪深ETF,371,588550.SH,SH,xtdata.get_stock_list_in_sector
2026-07-07,2026-07-07 09:29:54,沪深ETF,372,512990.SH,SH,xtdata.get_stock_list_in_sector
2026-07-07,2026-07-07 09:29:54,沪深ETF,373,561623.SH,SH,xtdata.get_stock_list_in_sector
2026-07-07,2026-07-07 09:29:54,沪深ETF,374,515300.SH,SH,xtdata.get_stock_list_in_sector
2026-07-07,2026-07-07 09:29:54,沪深ETF,375,560450.SH,SH,xtdata.get_stock_list_in_sector
2026-07-07,2026-07-07 09:29:54,沪深ETF,376,516010.SH,SH,xtdata.get_stock_list_in_sector
2026-07-07,2026-07-07 09:29:54,沪深ETF,377,588720.SH,SH,xtdata.get_stock_list_in_sector
2026-07-07,2026-07-07 09:29:54,沪深ETF,378,510630.SH,SH,xtdata.get_stock_list_in_sector
2026-07-07,2026-07-07 09:29:54,沪深ETF,379,516850.SH,SH,xtdata.get_stock_list_in_sector
2026-07-07,2026-07-07 09:29:54,沪深ETF,380,513520.SH,SH,xtdata.get_stock_list_in_sector
2026-07-07,2026-07-07 09:29:54,沪深ETF,381,513600.SH,SH,xtdata.get_stock_list_in_sector
2026-07-07,2026-07-07 09:29:54,沪深ETF,382,512080.SH,SH,xtdata.get_stock_list_in_sector
2026-07-07,2026-07-07 09:29:54,沪深ETF,383,510510.SH,SH,xtdata.get_stock_list_in_sector
2026-07-07,2026-07-07 09:29:54,沪深ETF,384,515860.SH,SH,xtdata.get_stock_list_in_sector
2026-07-07,2026-07-07 09:29:54,沪深ETF,385,530580.SH,SH,xtdata.get_stock_list_in_sector
2026-07-07,2026-07-07 09:29:54,沪深ETF,386,516330.SH,SH,xtdata.get_stock_list_in_sector
2026-07-07,2026-07-07 09:29:54,沪深ETF,387,589280.SH,SH,xtdata.get_stock_list_in_sector
2026-07-07,2026-07-07 09:29:54,沪深ETF,388,560770.SH,SH,xtdata.get_stock_list_in_sector
2026-07-07,2026-07-07 09:29:54,沪深ETF,389,518890.SH,SH,xtdata.get_stock_list_in_sector
2026-07-07,2026-07-07 09:29:54,沪深ETF,390,588400.SH,SH,xtdata.get_stock_list_in_sector
2026-07-07,2026-07-07 09:29:54,沪深ETF,391,515020.SH,SH,xtdata.get_stock_list_in_sector
2026-07-07,2026-07-07 09:29:54,沪深ETF,392,560500.SH,SH,xtdata.get_stock_list_in_sector
2026-07-07,2026-07-07 09:29:54,沪深ETF,393,561380.SH,SH,xtdata.get_stock_list_in_sector
2026-07-07,2026-07-07 09:29:54,沪深ETF,394,588670.SH,SH,xtdata.get_stock_list_in_sector
2026-07-07,2026-07-07 09:29:54,沪深ETF,395,515250.SH,SH,xtdata.get_stock_list_in_sector
2026-07-07,2026-07-07 09:29:54,沪深ETF,396,589403.SH,SH,xtdata.get_stock_list_in_sector
2026-07-07,2026-07-07 09:29:54,沪深ETF,397,520680.SH,SH,xtdata.get_stock_list_in_sector
2026-07-07,2026-07-07 09:29:54,沪深ETF,398,516900.SH,SH,xtdata.get_stock_list_in_sector
2026-07-07,2026-07-07 09:29:54,沪深ETF,399,510760.SH,SH,xtdata.get_stock_list_in_sector
2026-07-07,2026-07-07 09:29:54,沪深ETF,400,588290.SH,SH,xtdata.get_stock_list_in_sector
2026-07-07,2026-07-07 09:29:54,沪深ETF,401,561760.SH,SH,xtdata.get_stock_list_in_sector
2026-07-07,2026-07-07 09:29:54,沪深ETF,402,561393.SH,SH,xtdata.get_stock_list_in_sector
2026-07-07,2026-07-07 09:29:54,沪深ETF,403,513090.SH,SH,xtdata.get_stock_list_in_sector
2026-07-07,2026-07-07 09:29:54,沪深ETF,404,510380.SH,SH,xtdata.get_stock_list_in_sector
2026-07-07,2026-07-07 09:29:54,沪深ETF,405,512460.SH,SH,xtdata.get_stock_list_in_sector
2026-07-07,2026-07-07 09:29:54,沪深ETF,406,511770.SH,SH,xtdata.get_stock_list_in_sector
2026-07-07,2026-07-07 09:29:54,沪深ETF,407,520850.SH,SH,xtdata.get_stock_list_in_sector
2026-07-07,2026-07-07 09:29:54,沪深ETF,408,561510.SH,SH,xtdata.get_stock_list_in_sector
2026-07-07,2026-07-07 09:29:54,沪深ETF,409,560390.SH,SH,xtdata.get_stock_list_in_sector
2026-07-07,2026-07-07 09:29:54,沪深ETF,410,589660.SH,SH,xtdata.get_stock_list_in_sector
2026-07-07,2026-07-07 09:29:54,沪深ETF,411,563080.SH,SH,xtdata.get_stock_list_in_sector
2026-07-07,2026-07-07 09:29:54,沪深ETF,412,562600.SH,SH,xtdata.get_stock_list_in_sector
2026-07-07,2026-07-07 09:29:54,沪深ETF,413,589293.SH,SH,xtdata.get_stock_list_in_sector
2026-07-07,2026-07-07 09:29:54,沪深ETF,414,511970.SH,SH,xtdata.get_stock_list_in_sector
2026-07-07,2026-07-07 09:29:54,沪深ETF,415,561350.SH,SH,xtdata.get_stock_list_in_sector
2026-07-07,2026-07-07 09:29:54,沪深ETF,416,589020.SH,SH,xtdata.get_stock_list_in_sector
2026-07-07,2026-07-07 09:29:54,沪深ETF,417,516190.SH,SH,xtdata.get_stock_list_in_sector
2026-07-07,2026-07-07 09:29:54,沪深ETF,418,562800.SH,SH,xtdata.get_stock_list_in_sector
2026-07-07,2026-07-07 09:29:54,沪深ETF,419,511130.SH,SH,xtdata.get_stock_list_in_sector
2026-07-07,2026-07-07 09:29:54,沪深ETF,420,512220.SH,SH,xtdata.get_stock_list_in_sector
2026-07-07,2026-07-07 09:29:54,沪深ETF,421,589860.SH,SH,xtdata.get_stock_list_in_sector
2026-07-07,2026-07-07 09:29:54,沪深ETF,422,520650.SH,SH,xtdata.get_stock_list_in_sector
2026-07-07,2026-07-07 09:29:54,沪深ETF,423,561960.SH,SH,xtdata.get_stock_list_in_sector
2026-07-07,2026-07-07 09:29:54,沪深ETF,424,512050.SH,SH,xtdata.get_stock_list_in_sector
2026-07-07,2026-07-07 09:29:54,沪深ETF,425,512810.SH,SH,xtdata.get_stock_list_in_sector
2026-07-07,2026-07-07 09:29:54,沪深ETF,426,561120.SH,SH,xtdata.get_stock_list_in_sector
2026-07-07,2026-07-07 09:29:54,沪深ETF,427,589250.SH,SH,xtdata.get_stock_list_in_sector
2026-07-07,2026-07-07 09:29:54,沪深ETF,428,513230.SH,SH,xtdata.get_stock_list_in_sector
2026-07-07,2026-07-07 09:29:54,沪深ETF,429,588870.SH,SH,xtdata.get_stock_list_in_sector
2026-07-07,2026-07-07 09:29:54,沪深ETF,430,563050.SH,SH,xtdata.get_stock_list_in_sector
2026-07-07,2026-07-07 09:29:54,沪深ETF,431,516700.SH,SH,xtdata.get_stock_list_in_sector
2026-07-07,2026-07-07 09:29:54,沪深ETF,432,588030.SH,SH,xtdata.get_stock_list_in_sector
2026-07-07,2026-07-07 09:29:54,沪深ETF,433,517180.SH,SH,xtdata.get_stock_list_in_sector
2026-07-07,2026-07-07 09:29:54,沪深ETF,434,520880.SH,SH,xtdata.get_stock_list_in_sector
2026-07-07,2026-07-07 09:29:54,沪深ETF,435,563220.SH,SH,xtdata.get_stock_list_in_sector
2026-07-07,2026-07-07 09:29:54,沪深ETF,436,515660.SH,SH,xtdata.get_stock_list_in_sector
2026-07-07,2026-07-07 09:29:54,沪深ETF,437,516570.SH,SH,xtdata.get_stock_list_in_sector
2026-07-07,2026-07-07 09:29:54,沪深ETF,438,560130.SH,SH,xtdata.get_stock_list_in_sector
2026-07-07,2026-07-07 09:29:54,沪深ETF,439,513800.SH,SH,xtdata.get_stock_list_in_sector
2026-07-07,2026-07-07 09:29:54,沪深ETF,440,588240.SH,SH,xtdata.get_stock_list_in_sector
2026-07-07,2026-07-07 09:29:54,沪深ETF,441,510350.SH,SH,xtdata.get_stock_list_in_sector
2026-07-07,2026-07-07 09:29:54,沪深ETF,442,513040.SH,SH,xtdata.get_stock_list_in_sector
2026-07-07,2026-07-07 09:29:54,沪深ETF,443,560970.SH,SH,xtdata.get_stock_list_in_sector
2026-07-07,2026-07-07 09:29:54,沪深ETF,444,513360.SH,SH,xtdata.get_stock_list_in_sector
2026-07-07,2026-07-07 09:29:54,沪深ETF,445,588920.SH,SH,xtdata.get_stock_list_in_sector
2026-07-07,2026-07-07 09:29:54,沪深ETF,446,560210.SH,SH,xtdata.get_stock_list_in_sector
2026-07-07,2026-07-07 09:29:54,沪深ETF,447,516650.SH,SH,xtdata.get_stock_list_in_sector
2026-07-07,2026-07-07 09:29:54,沪深ETF,448,588160.SH,SH,xtdata.get_stock_list_in_sector
2026-07-07,2026-07-07 09:29:54,沪深ETF,449,589313.SH,SH,xtdata.get_stock_list_in_sector
2026-07-07,2026-07-07 09:29:54,沪深ETF,450,513950.SH,SH,xtdata.get_stock_list_in_sector
2026-07-07,2026-07-07 09:29:54,沪深ETF,451,560060.SH,SH,xtdata.get_stock_list_in_sector
2026-07-07,2026-07-07 09:29:54,沪深ETF,452,588310.SH,SH,xtdata.get_stock_list_in_sector
2026-07-07,2026-07-07 09:29:54,沪深ETF,453,515730.SH,SH,xtdata.get_stock_list_in_sector
2026-07-07,2026-07-07 09:29:54,沪深ETF,454,560820.SH,SH,xtdata.get_stock_list_in_sector
2026-07-07,2026-07-07 09:29:54,沪深ETF,455,513110.SH,SH,xtdata.get_stock_list_in_sector
2026-07-07,2026-07-07 09:29:54,沪深ETF,456,510200.SH,SH,xtdata.get_stock_list_in_sector
2026-07-07,2026-07-07 09:29:54,沪深ETF,457,561200.SH,SH,xtdata.get_stock_list_in_sector
2026-07-07,2026-07-07 09:29:54,沪深ETF,458,589170.SH,SH,xtdata.get_stock_list_in_sector
2026-07-07,2026-07-07 09:29:54,沪深ETF,459,560480.SH,SH,xtdata.get_stock_list_in_sector
2026-07-07,2026-07-07 09:29:54,沪深ETF,460,563790.SH,SH,xtdata.get_stock_list_in_sector
2026-07-07,2026-07-07 09:29:54,沪深ETF,461,511820.SH,SH,xtdata.get_stock_list_in_sector
2026-07-07,2026-07-07 09:29:54,沪深ETF,462,520700.SH,SH,xtdata.get_stock_list_in_sector
2026-07-07,2026-07-07 09:29:54,沪深ETF,463,512370.SH,SH,xtdata.get_stock_list_in_sector
2026-07-07,2026-07-07 09:29:54,沪深ETF,464,516880.SH,SH,xtdata.get_stock_list_in_sector
2026-07-07,2026-07-07 09:29:54,沪深ETF,465,511060.SH,SH,xtdata.get_stock_list_in_sector
2026-07-07,2026-07-07 09:29:54,沪深ETF,466,562950.SH,SH,xtdata.get_stock_list_in_sector
2026-07-07,2026-07-07 09:29:54,沪深ETF,467,520570.SH,SH,xtdata.get_stock_list_in_sector
2026-07-07,2026-07-07 09:29:54,沪深ETF,468,512100.SH,SH,xtdata.get_stock_list_in_sector
2026-07-07,2026-07-07 09:29:54,沪深ETF,469,513780.SH,SH,xtdata.get_stock_list_in_sector
2026-07-07,2026-07-07 09:29:54,沪深ETF,470,512940.SH,SH,xtdata.get_stock_list_in_sector
2026-07-07,2026-07-07 09:29:54,沪深ETF,471,589300.SH,SH,xtdata.get_stock_list_in_sector
2026-07-07,2026-07-07 09:29:54,沪深ETF,472,562360.SH,SH,xtdata.get_stock_list_in_sector
2026-07-07,2026-07-07 09:29:54,沪深ETF,473,510020.SH,SH,xtdata.get_stock_list_in_sector
2026-07-07,2026-07-07 09:29:54,沪深ETF,474,513330.SH,SH,xtdata.get_stock_list_in_sector
2026-07-07,2026-07-07 09:29:54,沪深ETF,475,551520.SH,SH,xtdata.get_stock_list_in_sector
2026-07-07,2026-07-07 09:29:54,沪深ETF,476,563150.SH,SH,xtdata.get_stock_list_in_sector
2026-07-07,2026-07-07 09:29:54,沪深ETF,477,588130.SH,SH,xtdata.get_stock_list_in_sector
2026-07-07,2026-07-07 09:29:54,沪深ETF,478,517080.SH,SH,xtdata.get_stock_list_in_sector
2026-07-07,2026-07-07 09:29:54,沪深ETF,479,516600.SH,SH,xtdata.get_stock_list_in_sector
2026-07-07,2026-07-07 09:29:54,沪深ETF,480,520980.SH,SH,xtdata.get_stock_list_in_sector
2026-07-07,2026-07-07 09:29:54,沪深ETF,481,563320.SH,SH,xtdata.get_stock_list_in_sector
2026-07-07,2026-07-07 09:29:54,沪深ETF,482,515760.SH,SH,xtdata.get_stock_list_in_sector
2026-07-07,2026-07-07 09:29:54,沪深ETF,483,560030.SH,SH,xtdata.get_stock_list_in_sector
2026-07-07,2026-07-07 09:29:54,沪深ETF,484,513900.SH,SH,xtdata.get_stock_list_in_sector
2026-07-07,2026-07-07 09:29:54,沪深ETF,485,520743.SH,SH,xtdata.get_stock_list_in_sector
2026-07-07,2026-07-07 09:29:54,沪深ETF,486,513140.SH,SH,xtdata.get_stock_list_in_sector
2026-07-07,2026-07-07 09:29:54,沪深ETF,487,560870.SH,SH,xtdata.get_stock_list_in_sector
2026-07-07,2026-07-07 09:29:54,沪深ETF,488,515380.SH,SH,xtdata.get_stock_list_in_sector
2026-07-07,2026-07-07 09:29:54,沪深ETF,489,589120.SH,SH,xtdata.get_stock_list_in_sector
2026-07-07,2026-07-07 09:29:54,沪深ETF,490,516090.SH,SH,xtdata.get_stock_list_in_sector
2026-07-07,2026-07-07 09:29:54,沪深ETF,491,562900.SH,SH,xtdata.get_stock_list_in_sector
2026-07-07,2026-07-07 09:29:54,沪深ETF,492,511030.SH,SH,xtdata.get_stock_list_in_sector
2026-07-07,2026-07-07 09:29:54,沪深ETF,493,589960.SH,SH,xtdata.get_stock_list_in_sector
2026-07-07,2026-07-07 09:29:54,沪深ETF,494,512150.SH,SH,xtdata.get_stock_list_in_sector
2026-07-07,2026-07-07 09:29:54,沪深ETF,495,520520.SH,SH,xtdata.get_stock_list_in_sector
2026-07-07,2026-07-07 09:29:54,沪深ETF,496,562330.SH,SH,xtdata.get_stock_list_in_sector
2026-07-07,2026-07-07 09:29:54,沪深ETF,497,589350.SH,SH,xtdata.get_stock_list_in_sector
2026-07-07,2026-07-07 09:29:54,沪深ETF,498,512910.SH,SH,xtdata.get_stock_list_in_sector
2026-07-07,2026-07-07 09:29:54,沪深ETF,499,589070.SH,SH,xtdata.get_stock_list_in_sector
2026-07-07,2026-07-07 09:29:54,沪深ETF,500,560580.SH,SH,xtdata.get_stock_list_in_sector
2026-07-07,2026-07-07 09:29:54,沪深ETF,501,561300.SH,SH,xtdata.get_stock_list_in_sector
2026-07-07,2026-07-07 09:29:54,沪深ETF,502,562010.SH,SH,xtdata.get_stock_list_in_sector
2026-07-07,2026-07-07 09:29:54,沪深ETF,503,511920.SH,SH,xtdata.get_stock_list_in_sector
2026-07-07,2026-07-07 09:29:54,沪深ETF,504,563690.SH,SH,xtdata.get_stock_list_in_sector
2026-07-07,2026-07-07 09:29:54,沪深ETF,505,520600.SH,SH,xtdata.get_stock_list_in_sector
2026-07-07,2026-07-07 09:29:54,沪深ETF,506,516980.SH,SH,xtdata.get_stock_list_in_sector
2026-07-07,2026-07-07 09:29:54,沪深ETF,507,511160.SH,SH,xtdata.get_stock_list_in_sector
2026-07-07,2026-07-07 09:29:54,沪深ETF,508,562850.SH,SH,xtdata.get_stock_list_in_sector
2026-07-07,2026-07-07 09:29:54,沪深ETF,509,512000.SH,SH,xtdata.get_stock_list_in_sector
2026-07-07,2026-07-07 09:29:54,沪深ETF,510,561930.SH,SH,xtdata.get_stock_list_in_sector
2026-07-07,2026-07-07 09:29:54,沪深ETF,511,510590.SH,SH,xtdata.get_stock_list_in_sector
2026-07-07,2026-07-07 09:29:54,沪深ETF,512,589200.SH,SH,xtdata.get_stock_list_in_sector
2026-07-07,2026-07-07 09:29:54,沪深ETF,513,561170.SH,SH,xtdata.get_stock_list_in_sector
2026-07-07,2026-07-07 09:29:54,沪深ETF,514,588480.SH,SH,xtdata.get_stock_list_in_sector
2026-07-07,2026-07-07 09:29:54,沪深ETF,515,588820.SH,SH,xtdata.get_stock_list_in_sector
2026-07-07,2026-07-07 09:29:54,沪深ETF,516,517990.SH,SH,xtdata.get_stock_list_in_sector
2026-07-07,2026-07-07 09:29:54,沪深ETF,517,513260.SH,SH,xtdata.get_stock_list_in_sector
2026-07-07,2026-07-07 09:29:54,沪深ETF,518,510170.SH,SH,xtdata.get_stock_list_in_sector
2026-07-07,2026-07-07 09:29:54,沪深ETF,519,588060.SH,SH,xtdata.get_stock_list_in_sector
2026-07-07,2026-07-07 09:29:54,沪深ETF,520,561590.SH,SH,xtdata.get_stock_list_in_sector
2026-07-07,2026-07-07 09:29:54,沪深ETF,521,560310.SH,SH,xtdata.get_stock_list_in_sector
2026-07-07,2026-07-07 09:29:54,沪深ETF,522,516750.SH,SH,xtdata.get_stock_list_in_sector
2026-07-07,2026-07-07 09:29:54,沪深ETF,523,563000.SH,SH,xtdata.get_stock_list_in_sector
2026-07-07,2026-07-07 09:29:54,沪深ETF,524,588210.SH,SH,xtdata.get_stock_list_in_sector
2026-07-07,2026-07-07 09:29:54,沪深ETF,525,513850.SH,SH,xtdata.get_stock_list_in_sector
2026-07-07,2026-07-07 09:29:54,沪深ETF,526,560160.SH,SH,xtdata.get_stock_list_in_sector
2026-07-07,2026-07-07 09:29:54,沪深ETF,527,516520.SH,SH,xtdata.get_stock_list_in_sector
2026-07-07,2026-07-07 09:29:54,沪深ETF,528,515630.SH,SH,xtdata.get_stock_list_in_sector
2026-07-07,2026-07-07 09:29:54,沪深ETF,529,512690.SH,SH,xtdata.get_stock_list_in_sector
2026-07-07,2026-07-07 09:29:54,沪深ETF,530,560920.SH,SH,xtdata.get_stock_list_in_sector
2026-07-07,2026-07-07 09:29:54,沪深ETF,531,513010.SH,SH,xtdata.get_stock_list_in_sector
2026-07-07,2026-07-07 09:29:54,沪深ETF,532,510300.SH,SH,xtdata.get_stock_list_in_sector
2026-07-07,2026-07-07 09:29:54,沪深ETF,533,511580.SH,SH,xtdata.get_stock_list_in_sector
2026-07-07,2026-07-07 09:29:54,沪深ETF,534,512423.SH,SH,xtdata.get_stock_list_in_sector
2026-07-07,2026-07-07 09:29:54,沪深ETF,535,551800.SH,SH,xtdata.get_stock_list_in_sector
2026-07-07,2026-07-07 09:29:54,沪深ETF,536,515844.SH,SH,xtdata.get_stock_list_in_sector
2026-07-07,2026-07-07 09:29:54,沪深ETF,537,513650.SH,SH,xtdata.get_stock_list_in_sector
2026-07-07,2026-07-07 09:29:54,沪深ETF,538,515070.SH,SH,xtdata.get_stock_list_in_sector
2026-07-07,2026-07-07 09:29:54,沪深ETF,539,588450.SH,SH,xtdata.get_stock_list_in_sector
2026-07-07,2026-07-07 09:29:54,沪深ETF,540,512890.SH,SH,xtdata.get_stock_list_in_sector
2026-07-07,2026-07-07 09:29:54,沪深ETF,541,560720.SH,SH,xtdata.get_stock_list_in_sector
2026-07-07,2026-07-07 09:29:54,沪深ETF,542,516360.SH,SH,xtdata.get_stock_list_in_sector
2026-07-07,2026-07-07 09:29:54,沪深ETF,543,515483.SH,SH,xtdata.get_stock_list_in_sector
2026-07-07,2026-07-07 09:29:54,沪深ETF,544,515200.SH,SH,xtdata.get_stock_list_in_sector
2026-07-07,2026-07-07 09:29:54,沪深ETF,545,560550.SH,SH,xtdata.get_stock_list_in_sector
2026-07-07,2026-07-07 09:29:54,沪深ETF,546,516110.SH,SH,xtdata.get_stock_list_in_sector
2026-07-07,2026-07-07 09:29:54,沪深ETF,547,562880.SH,SH,xtdata.get_stock_list_in_sector
2026-07-07,2026-07-07 09:29:54,沪深ETF,548,516950.SH,SH,xtdata.get_stock_list_in_sector
2026-07-07,2026-07-07 09:29:54,沪深ETF,549,513880.SH,SH,xtdata.get_stock_list_in_sector
2026-07-07,2026-07-07 09:29:54,沪深ETF,550,512640.SH,SH,xtdata.get_stock_list_in_sector
2026-07-07,2026-07-07 09:29:54,沪深ETF,551,563890.SH,SH,xtdata.get_stock_list_in_sector
2026-07-07,2026-07-07 09:29:54,沪深ETF,552,512430.SH,SH,xtdata.get_stock_list_in_sector
2026-07-07,2026-07-07 09:29:54,沪深ETF,553,560733.SH,SH,xtdata.get_stock_list_in_sector
2026-07-07,2026-07-07 09:29:54,沪深ETF,554,589630.SH,SH,xtdata.get_stock_list_in_sector
2026-07-07,2026-07-07 09:29:54,沪深ETF,555,516780.SH,SH,xtdata.get_stock_list_in_sector
2026-07-07,2026-07-07 09:29:54,沪深ETF,556,517100.SH,SH,xtdata.get_stock_list_in_sector
2026-07-07,2026-07-07 09:29:54,沪深ETF,557,588390.SH,SH,xtdata.get_stock_list_in_sector
2026-07-07,2026-07-07 09:29:54,沪深ETF,558,561660.SH,SH,xtdata.get_stock_list_in_sector
2026-07-07,2026-07-07 09:29:54,沪深ETF,559,562570.SH,SH,xtdata.get_stock_list_in_sector
2026-07-07,2026-07-07 09:29:54,沪深ETF,560,513190.SH,SH,xtdata.get_stock_list_in_sector
2026-07-07,2026-07-07 09:29:54,沪深ETF,561,512710.SH,SH,xtdata.get_stock_list_in_sector
2026-07-07,2026-07-07 09:29:54,沪深ETF,562,512560.SH,SH,xtdata.get_stock_list_in_sector
2026-07-07,2026-07-07 09:29:54,沪深ETF,563,511670.SH,SH,xtdata.get_stock_list_in_sector
2026-07-07,2026-07-07 09:29:54,沪深ETF,564,520950.SH,SH,xtdata.get_stock_list_in_sector
2026-07-07,2026-07-07 09:29:54,沪深ETF,565,530060.SH,SH,xtdata.get_stock_list_in_sector
2026-07-07,2026-07-07 09:29:54,沪深ETF,566,560290.SH,SH,xtdata.get_stock_list_in_sector
2026-07-07,2026-07-07 09:29:54,沪深ETF,567,517050.SH,SH,xtdata.get_stock_list_in_sector
2026-07-07,2026-07-07 09:29:54,沪深ETF,568,562700.SH,SH,xtdata.get_stock_list_in_sector
2026-07-07,2026-07-07 09:29:54,沪深ETF,569,563180.SH,SH,xtdata.get_stock_list_in_sector
2026-07-07,2026-07-07 09:29:54,沪深ETF,570,589393.SH,SH,xtdata.get_stock_list_in_sector
2026-07-07,2026-07-07 09:29:54,沪深ETF,571,512180.SH,SH,xtdata.get_stock_list_in_sector
2026-07-07,2026-07-07 09:29:54,沪深ETF,572,513700.SH,SH,xtdata.get_stock_list_in_sector
2026-07-07,2026-07-07 09:29:54,沪深ETF,573,510410.SH,SH,xtdata.get_stock_list_in_sector
2026-07-07,2026-07-07 09:29:54,沪深ETF,574,515960.SH,SH,xtdata.get_stock_list_in_sector
2026-07-07,2026-07-07 09:29:54,沪深ETF,575,588500.SH,SH,xtdata.get_stock_list_in_sector
2026-07-07,2026-07-07 09:29:54,沪深ETF,576,516230.SH,SH,xtdata.get_stock_list_in_sector
2026-07-07,2026-07-07 09:29:54,沪深ETF,577,589380.SH,SH,xtdata.get_stock_list_in_sector
2026-07-07,2026-07-07 09:29:54,沪深ETF,578,560670.SH,SH,xtdata.get_stock_list_in_sector
2026-07-07,2026-07-07 09:29:54,沪深ETF,579,563560.SH,SH,xtdata.get_stock_list_in_sector
2026-07-07,2026-07-07 09:29:54,沪深ETF,580,515120.SH,SH,xtdata.get_stock_list_in_sector
2026-07-07,2026-07-07 09:29:54,沪深ETF,581,561403.SH,SH,xtdata.get_stock_list_in_sector
2026-07-07,2026-07-07 09:29:54,沪深ETF,582,561280.SH,SH,xtdata.get_stock_list_in_sector
2026-07-07,2026-07-07 09:29:54,沪深ETF,583,588770.SH,SH,xtdata.get_stock_list_in_sector
2026-07-07,2026-07-07 09:29:54,沪深ETF,584,560400.SH,SH,xtdata.get_stock_list_in_sector
2026-07-07,2026-07-07 09:29:54,沪深ETF,585,515350.SH,SH,xtdata.get_stock_list_in_sector
2026-07-07,2026-07-07 09:29:54,沪深ETF,586,520780.SH,SH,xtdata.get_stock_list_in_sector
2026-07-07,2026-07-07 09:29:54,沪深ETF,587,516800.SH,SH,xtdata.get_stock_list_in_sector
2026-07-07,2026-07-07 09:29:54,沪深ETF,588,510660.SH,SH,xtdata.get_stock_list_in_sector
2026-07-07,2026-07-07 09:29:54,沪深ETF,589,562550.SH,SH,xtdata.get_stock_list_in_sector
2026-07-07,2026-07-07 09:29:54,沪深ETF,590,515790.SH,SH,xtdata.get_stock_list_in_sector
2026-07-07,2026-07-07 09:29:54,沪深ETF,591,561634.SH,SH,xtdata.get_stock_list_in_sector
2026-07-07,2026-07-07 09:29:54,沪深ETF,592,517200.SH,SH,xtdata.get_stock_list_in_sector
2026-07-07,2026-07-07 09:29:54,沪深ETF,593,560880.SH,SH,xtdata.get_stock_list_in_sector
2026-07-07,2026-07-07 09:29:54,沪深ETF,594,512730.SH,SH,xtdata.get_stock_list_in_sector
2026-07-07,2026-07-07 09:29:54,沪深ETF,595,511650.SH,SH,xtdata.get_stock_list_in_sector
2026-07-07,2026-07-07 09:29:54,沪深ETF,596,530800.SH,SH,xtdata.get_stock_list_in_sector
2026-07-07,2026-07-07 09:29:54,沪深ETF,597,588980.SH,SH,xtdata.get_stock_list_in_sector
2026-07-07,2026-07-07 09:29:54,沪深ETF,598,588533.SH,SH,xtdata.get_stock_list_in_sector
2026-07-07,2026-07-07 09:29:54,沪深ETF,599,520970.SH,SH,xtdata.get_stock_list_in_sector
2026-07-07,2026-07-07 09:29:54,沪深ETF,600,561430.SH,SH,xtdata.get_stock_list_in_sector
2026-07-07,2026-07-07 09:29:54,沪深ETF,601,513720.SH,SH,xtdata.get_stock_list_in_sector
2026-07-07,2026-07-07 09:29:54,沪深ETF,602,515100.SH,SH,xtdata.get_stock_list_in_sector
2026-07-07,2026-07-07 09:29:54,沪深ETF,603,561423.SH,SH,xtdata.get_stock_list_in_sector
2026-07-07,2026-07-07 09:29:54,沪深ETF,604,588520.SH,SH,xtdata.get_stock_list_in_sector
2026-07-07,2026-07-07 09:29:54,沪深ETF,605,516210.SH,SH,xtdata.get_stock_list_in_sector
2026-07-07,2026-07-07 09:29:54,沪深ETF,606,560650.SH,SH,xtdata.get_stock_list_in_sector
2026-07-07,2026-07-07 09:29:54,沪深ETF,607,515370.SH,SH,xtdata.get_stock_list_in_sector
2026-07-07,2026-07-07 09:29:54,沪深ETF,608,511880.SH,SH,xtdata.get_stock_list_in_sector
2026-07-07,2026-07-07 09:29:54,沪深ETF,609,588750.SH,SH,xtdata.get_stock_list_in_sector
2026-07-07,2026-07-07 09:29:54,沪深ETF,610,516060.SH,SH,xtdata.get_stock_list_in_sector
2026-07-07,2026-07-07 09:29:54,沪深ETF,611,560420.SH,SH,xtdata.get_stock_list_in_sector
2026-07-07,2026-07-07 09:29:54,沪深ETF,612,589990.SH,SH,xtdata.get_stock_list_in_sector
2026-07-07,2026-07-07 09:29:54,沪深ETF,613,516820.SH,SH,xtdata.get_stock_list_in_sector
2026-07-07,2026-07-07 09:29:54,沪深ETF,614,513550.SH,SH,xtdata.get_stock_list_in_sector
2026-07-07,2026-07-07 09:29:54,沪深ETF,615,510560.SH,SH,xtdata.get_stock_list_in_sector
2026-07-07,2026-07-07 09:29:54,沪深ETF,616,515810.SH,SH,xtdata.get_stock_list_in_sector
2026-07-07,2026-07-07 09:29:54,沪深ETF,617,588470.SH,SH,xtdata.get_stock_list_in_sector
2026-07-07,2026-07-07 09:29:54,沪深ETF,618,561180.SH,SH,xtdata.get_stock_list_in_sector
2026-07-07,2026-07-07 09:29:54,沪深ETF,619,560700.SH,SH,xtdata.get_stock_list_in_sector
2026-07-07,2026-07-07 09:29:54,沪深ETF,620,517133.SH,SH,xtdata.get_stock_list_in_sector
2026-07-07,2026-07-07 09:29:54,沪深ETF,621,551060.SH,SH,xtdata.get_stock_list_in_sector
2026-07-07,2026-07-07 09:29:54,沪深ETF,622,515050.SH,SH,xtdata.get_stock_list_in_sector
2026-07-07,2026-07-07 09:29:54,沪深ETF,623,560570.SH,SH,xtdata.get_stock_list_in_sector
2026-07-07,2026-07-07 09:29:54,沪深ETF,624,589080.SH,SH,xtdata.get_stock_list_in_sector
2026-07-07,2026-07-07 09:29:54,沪深ETF,625,516130.SH,SH,xtdata.get_stock_list_in_sector
2026-07-07,2026-07-07 09:29:54,沪深ETF,626,515220.SH,SH,xtdata.get_stock_list_in_sector
2026-07-07,2026-07-07 09:29:54,沪深ETF,627,563660.SH,SH,xtdata.get_stock_list_in_sector
2026-07-07,2026-07-07 09:29:54,沪深ETF,628,513400.SH,SH,xtdata.get_stock_list_in_sector
2026-07-07,2026-07-07 09:29:54,沪深ETF,629,516970.SH,SH,xtdata.get_stock_list_in_sector
2026-07-07,2026-07-07 09:29:54,沪深ETF,630,510710.SH,SH,xtdata.get_stock_list_in_sector
2026-07-07,2026-07-07 09:29:54,沪深ETF,631,511190.SH,SH,xtdata.get_stock_list_in_sector
2026-07-07,2026-07-07 09:29:54,沪深ETF,632,560190.SH,SH,xtdata.get_stock_list_in_sector
2026-07-07,2026-07-07 09:29:54,沪深ETF,633,517350.SH,SH,xtdata.get_stock_list_in_sector
2026-07-07,2026-07-07 09:29:54,沪深ETF,634,589414.SH,SH,xtdata.get_stock_list_in_sector
2026-07-07,2026-07-07 09:29:54,沪深ETF,635,563280.SH,SH,xtdata.get_stock_list_in_sector
2026-07-07,2026-07-07 09:29:54,沪深ETF,636,512660.SH,SH,xtdata.get_stock_list_in_sector
2026-07-07,2026-07-07 09:29:54,沪深ETF,637,513290.SH,SH,xtdata.get_stock_list_in_sector
2026-07-07,2026-07-07 09:29:54,沪深ETF,638,511700.SH,SH,xtdata.get_stock_list_in_sector
2026-07-07,2026-07-07 09:29:54,沪深ETF,639,510180.SH,SH,xtdata.get_stock_list_in_sector
2026-07-07,2026-07-07 09:29:54,沪深ETF,640,561560.SH,SH,xtdata.get_stock_list_in_sector
2026-07-07,2026-07-07 09:29:54,沪深ETF,641,588090.SH,SH,xtdata.get_stock_list_in_sector
2026-07-07,2026-07-07 09:29:54,沪深ETF,642,517120.SH,SH,xtdata.get_stock_list_in_sector
2026-07-07,2026-07-07 09:29:54,沪深ETF,643,520820.SH,SH,xtdata.get_stock_list_in_sector
2026-07-07,2026-07-07 09:29:54,沪深ETF,644,515043.SH,SH,xtdata.get_stock_list_in_sector
2026-07-07,2026-07-07 09:29:54,沪深ETF,645,511900.SH,SH,xtdata.get_stock_list_in_sector
2026-07-07,2026-07-07 09:29:54,沪深ETF,646,562030.SH,SH,xtdata.get_stock_list_in_sector
2026-07-07,2026-07-07 09:29:54,沪深ETF,647,589050.SH,SH,xtdata.get_stock_list_in_sector
2026-07-07,2026-07-07 09:29:54,沪深ETF,648,561320.SH,SH,xtdata.get_stock_list_in_sector
2026-07-07,2026-07-07 09:29:54,沪深ETF,649,562870.SH,SH,xtdata.get_stock_list_in_sector
2026-07-07,2026-07-07 09:29:54,沪深ETF,650,520620.SH,SH,xtdata.get_stock_list_in_sector
2026-07-07,2026-07-07 09:29:54,沪深ETF,651,512250.SH,SH,xtdata.get_stock_list_in_sector
2026-07-07,2026-07-07 09:29:54,沪深ETF,652,510143.SH,SH,xtdata.get_stock_list_in_sector
2026-07-07,2026-07-07 09:29:54,沪深ETF,653,561910.SH,SH,xtdata.get_stock_list_in_sector
2026-07-07,2026-07-07 09:29:54,沪深ETF,654,512020.SH,SH,xtdata.get_stock_list_in_sector
2026-07-07,2026-07-07 09:29:54,沪深ETF,655,515080.SH,SH,xtdata.get_stock_list_in_sector
2026-07-07,2026-07-07 09:29:54,沪深ETF,656,516390.SH,SH,xtdata.get_stock_list_in_sector
2026-07-07,2026-07-07 09:29:54,沪深ETF,657,589220.SH,SH,xtdata.get_stock_list_in_sector
2026-07-07,2026-07-07 09:29:54,沪深ETF,658,510150.SH,SH,xtdata.get_stock_list_in_sector
2026-07-07,2026-07-07 09:29:54,沪深ETF,659,563860.SH,SH,xtdata.get_stock_list_in_sector
2026-07-07,2026-07-07 09:29:54,沪深ETF,660,588800.SH,SH,xtdata.get_stock_list_in_sector
2026-07-07,2026-07-07 09:29:54,沪深ETF,661,513240.SH,SH,xtdata.get_stock_list_in_sector
2026-07-07,2026-07-07 09:29:54,沪深ETF,662,515460.SH,SH,xtdata.get_stock_list_in_sector
2026-07-07,2026-07-07 09:29:54,沪深ETF,663,563020.SH,SH,xtdata.get_stock_list_in_sector
2026-07-07,2026-07-07 09:29:54,沪深ETF,664,510910.SH,SH,xtdata.get_stock_list_in_sector
2026-07-07,2026-07-07 09:29:54,沪深ETF,665,588040.SH,SH,xtdata.get_stock_list_in_sector
2026-07-07,2026-07-07 09:29:54,沪深ETF,666,560330.SH,SH,xtdata.get_stock_list_in_sector
2026-07-07,2026-07-07 09:29:54,沪深ETF,667,516770.SH,SH,xtdata.get_stock_list_in_sector
2026-07-07,2026-07-07 09:29:54,沪深ETF,668,517380.SH,SH,xtdata.get_stock_list_in_sector
2026-07-07,2026-07-07 09:29:54,沪深ETF,669,588230.SH,SH,xtdata.get_stock_list_in_sector
2026-07-07,2026-07-07 09:29:54,沪深ETF,670,516500.SH,SH,xtdata.get_stock_list_in_sector
2026-07-07,2026-07-07 09:29:54,沪深ETF,671,513870.SH,SH,xtdata.get_stock_list_in_sector
2026-07-07,2026-07-07 09:29:54,沪深ETF,672,510320.SH,SH,xtdata.get_stock_list_in_sector
2026-07-07,2026-07-07 09:29:54,沪深ETF,673,513030.SH,SH,xtdata.get_stock_list_in_sector
2026-07-07,2026-07-07 09:29:54,沪深ETF,674,560900.SH,SH,xtdata.get_stock_list_in_sector
2026-07-07,2026-07-07 09:29:54,沪深ETF,675,588950.SH,SH,xtdata.get_stock_list_in_sector
2026-07-07,2026-07-07 09:29:54,沪深ETF,676,513310.SH,SH,xtdata.get_stock_list_in_sector
2026-07-07,2026-07-07 09:29:54,沪深ETF,677,563930.SH,SH,xtdata.get_stock_list_in_sector
2026-07-07,2026-07-07 09:29:54,沪深ETF,678,588110.SH,SH,xtdata.get_stock_list_in_sector
2026-07-07,2026-07-07 09:29:54,沪深ETF,679,516620.SH,SH,xtdata.get_stock_list_in_sector
2026-07-07,2026-07-07 09:29:54,沪深ETF,680,560260.SH,SH,xtdata.get_stock_list_in_sector
2026-07-07,2026-07-07 09:29:54,沪深ETF,681,561494.SH,SH,xtdata.get_stock_list_in_sector
2026-07-07,2026-07-07 09:29:54,沪深ETF,682,551500.SH,SH,xtdata.get_stock_list_in_sector
2026-07-07,2026-07-07 09:29:54,沪深ETF,683,589363.SH,SH,xtdata.get_stock_list_in_sector
2026-07-07,2026-07-07 09:29:54,沪深ETF,684,515530.SH,SH,xtdata.get_stock_list_in_sector
2026-07-07,2026-07-07 09:29:54,沪深ETF,685,588360.SH,SH,xtdata.get_stock_list_in_sector
2026-07-07,2026-07-07 09:29:54,沪深ETF,686,513920.SH,SH,xtdata.get_stock_list_in_sector
2026-07-07,2026-07-07 09:29:54,沪深ETF,687,560010.SH,SH,xtdata.get_stock_list_in_sector
2026-07-07,2026-07-07 09:29:54,沪深ETF,688,563300.SH,SH,xtdata.get_stock_list_in_sector
2026-07-07,2026-07-07 09:29:54,沪深ETF,689,562580.SH,SH,xtdata.get_stock_list_in_sector
2026-07-07,2026-07-07 09:29:54,沪深ETF,690,560850.SH,SH,xtdata.get_stock_list_in_sector
2026-07-07,2026-07-07 09:29:54,沪深ETF,691,513160.SH,SH,xtdata.get_stock_list_in_sector
2026-07-07,2026-07-07 09:29:54,沪深ETF,692,510270.SH,SH,xtdata.get_stock_list_in_sector
2026-07-07,2026-07-07 09:29:54,沪深ETF,693,589100.SH,SH,xtdata.get_stock_list_in_sector
2026-07-07,2026-07-07 09:29:54,沪深ETF,694,588780.SH,SH,xtdata.get_stock_list_in_sector
2026-07-07,2026-07-07 09:29:54,沪深ETF,695,516443.SH,SH,xtdata.get_stock_list_in_sector
2026-07-07,2026-07-07 09:29:54,沪深ETF,696,511850.SH,SH,xtdata.get_stock_list_in_sector
2026-07-07,2026-07-07 09:29:54,沪深ETF,697,513580.SH,SH,xtdata.get_stock_list_in_sector
2026-07-07,2026-07-07 09:29:54,沪深ETF,698,520770.SH,SH,xtdata.get_stock_list_in_sector
2026-07-07,2026-07-07 09:29:54,沪深ETF,699,511010.SH,SH,xtdata.get_stock_list_in_sector
2026-07-07,2026-07-07 09:29:54,沪深ETF,700,562920.SH,SH,xtdata.get_stock_list_in_sector
2026-07-07,2026-07-07 09:29:54,沪深ETF,701,512170.SH,SH,xtdata.get_stock_list_in_sector
2026-07-07,2026-07-07 09:29:54,沪深ETF,702,520500.SH,SH,xtdata.get_stock_list_in_sector
2026-07-07,2026-07-07 09:29:54,沪深ETF,703,511260.SH,SH,xtdata.get_stock_list_in_sector
2026-07-07,2026-07-07 09:29:54,沪深ETF,704,515990.SH,SH,xtdata.get_stock_list_in_sector
2026-07-07,2026-07-07 09:29:54,沪深ETF,705,560680.SH,SH,xtdata.get_stock_list_in_sector
2026-07-07,2026-07-07 09:29:54,沪深ETF,706,561000.SH,SH,xtdata.get_stock_list_in_sector
2026-07-07,2026-07-07 09:29:54,沪深ETF,707,512930.SH,SH,xtdata.get_stock_list_in_sector
2026-07-07,2026-07-07 09:29:54,沪深ETF,708,562310.SH,SH,xtdata.get_stock_list_in_sector
2026-07-07,2026-07-07 09:29:54,沪深ETF,709,563590.SH,SH,xtdata.get_stock_list_in_sector
2026-07-07,2026-07-07 09:29:54,沪深ETF,710,511100.SH,SH,xtdata.get_stock_list_in_sector
2026-07-07,2026-07-07 09:29:54,沪深ETF,711,520660.SH,SH,xtdata.get_stock_list_in_sector
2026-07-07,2026-07-07 09:29:54,沪深ETF,712,589850.SH,SH,xtdata.get_stock_list_in_sector
2026-07-07,2026-07-07 09:29:54,沪深ETF,713,562070.SH,SH,xtdata.get_stock_list_in_sector
2026-07-07,2026-07-07 09:29:54,沪深ETF,714,588690.SH,SH,xtdata.get_stock_list_in_sector
2026-07-07,2026-07-07 09:29:54,沪深ETF,715,561360.SH,SH,xtdata.get_stock_list_in_sector
2026-07-07,2026-07-07 09:29:54,沪深ETF,716,589010.SH,SH,xtdata.get_stock_list_in_sector
2026-07-07,2026-07-07 09:29:54,沪深ETF,717,512820.SH,SH,xtdata.get_stock_list_in_sector
2026-07-07,2026-07-07 09:29:54,沪深ETF,718,517550.SH,SH,xtdata.get_stock_list_in_sector
2026-07-07,2026-07-07 09:29:54,沪深ETF,719,560790.SH,SH,xtdata.get_stock_list_in_sector
2026-07-07,2026-07-07 09:29:54,沪深ETF,720,589260.SH,SH,xtdata.get_stock_list_in_sector
2026-07-07,2026-07-07 09:29:54,沪深ETF,721,515880.SH,SH,xtdata.get_stock_list_in_sector
2026-07-07,2026-07-07 09:29:54,沪深ETF,722,561950.SH,SH,xtdata.get_stock_list_in_sector
2026-07-07,2026-07-07 09:29:54,沪深ETF,723,512060.SH,SH,xtdata.get_stock_list_in_sector
2026-07-07,2026-07-07 09:29:54,沪深ETF,724,563060.SH,SH,xtdata.get_stock_list_in_sector
2026-07-07,2026-07-07 09:29:54,沪深ETF,725,510950.SH,SH,xtdata.get_stock_list_in_sector
2026-07-07,2026-07-07 09:29:54,沪深ETF,726,516730.SH,SH,xtdata.get_stock_list_in_sector
2026-07-07,2026-07-07 09:29:54,沪深ETF,727,589680.SH,SH,xtdata.get_stock_list_in_sector
2026-07-07,2026-07-07 09:29:54,沪深ETF,728,560370.SH,SH,xtdata.get_stock_list_in_sector
2026-07-07,2026-07-07 09:29:54,沪深ETF,729,588000.SH,SH,xtdata.get_stock_list_in_sector
2026-07-07,2026-07-07 09:29:54,沪深ETF,730,530180.SH,SH,xtdata.get_stock_list_in_sector
2026-07-07,2026-07-07 09:29:54,沪深ETF,731,513200.SH,SH,xtdata.get_stock_list_in_sector
2026-07-07,2026-07-07 09:29:54,沪深ETF,732,588840.SH,SH,xtdata.get_stock_list_in_sector
2026-07-07,2026-07-07 09:29:54,沪深ETF,733,512480.SH,SH,xtdata.get_stock_list_in_sector
2026-07-07,2026-07-07 09:29:54,沪深ETF,734,510360.SH,SH,xtdata.get_stock_list_in_sector
2026-07-07,2026-07-07 09:29:54,沪深ETF,735,513070.SH,SH,xtdata.get_stock_list_in_sector
2026-07-07,2026-07-07 09:29:54,沪深ETF,736,563210.SH,SH,xtdata.get_stock_list_in_sector
2026-07-07,2026-07-07 09:29:54,沪深ETF,737,515650.SH,SH,xtdata.get_stock_list_in_sector
2026-07-07,2026-07-07 09:29:54,沪深ETF,738,560100.SH,SH,xtdata.get_stock_list_in_sector
2026-07-07,2026-07-07 09:29:54,沪深ETF,739,513830.SH,SH,xtdata.get_stock_list_in_sector
2026-07-07,2026-07-07 09:29:54,沪深ETF,740,561780.SH,SH,xtdata.get_stock_list_in_sector
2026-07-07,2026-07-07 09:29:54,沪深ETF,741,588270.SH,SH,xtdata.get_stock_list_in_sector
2026-07-07,2026-07-07 09:29:54,沪深ETF,742,560220.SH,SH,xtdata.get_stock_list_in_sector
2026-07-07,2026-07-07 09:29:54,沪深ETF,743,516660.SH,SH,xtdata.get_stock_list_in_sector
2026-07-07,2026-07-07 09:29:54,沪深ETF,744,588150.SH,SH,xtdata.get_stock_list_in_sector
2026-07-07,2026-07-07 09:29:54,沪深ETF,745,589323.SH,SH,xtdata.get_stock_list_in_sector
2026-07-07,2026-07-07 09:29:54,沪深ETF,746,510800.SH,SH,xtdata.get_stock_list_in_sector
2026-07-07,2026-07-07 09:29:54,沪深ETF,747,513350.SH,SH,xtdata.get_stock_list_in_sector
2026-07-07,2026-07-07 09:29:54,沪深ETF,748,588910.SH,SH,xtdata.get_stock_list_in_sector
2026-07-07,2026-07-07 09:29:54,沪深ETF,749,510040.SH,SH,xtdata.get_stock_list_in_sector
2026-07-07,2026-07-07 09:29:54,沪深ETF,750,560810.SH,SH,xtdata.get_stock_list_in_sector
2026-07-07,2026-07-07 09:29:54,沪深ETF,751,513120.SH,SH,xtdata.get_stock_list_in_sector
2026-07-07,2026-07-07 09:29:54,沪深ETF,752,510230.SH,SH,xtdata.get_stock_list_in_sector
2026-07-07,2026-07-07 09:29:54,沪深ETF,753,560050.SH,SH,xtdata.get_stock_list_in_sector
2026-07-07,2026-07-07 09:29:54,沪深ETF,754,588320.SH,SH,xtdata.get_stock_list_in_sector
2026-07-07,2026-07-07 09:29:54,沪深ETF,755,515700.SH,SH,xtdata.get_stock_list_in_sector
2026-07-07,2026-07-07 09:29:54,沪深ETF,756,520744.SH,SH,xtdata.get_stock_list_in_sector
2026-07-07,2026-07-07 09:29:54,沪深ETF,757,589900.SH,SH,xtdata.get_stock_list_in_sector
2026-07-07,2026-07-07 09:29:54,沪深ETF,758,520730.SH,SH,xtdata.get_stock_list_in_sector
2026-07-07,2026-07-07 09:29:54,沪深ETF,759,562960.SH,SH,xtdata.get_stock_list_in_sector
2026-07-07,2026-07-07 09:29:54,沪深ETF,760,561230.SH,SH,xtdata.get_stock_list_in_sector
2026-07-07,2026-07-07 09:29:54,沪深ETF,761,511810.SH,SH,xtdata.get_stock_list_in_sector
2026-07-07,2026-07-07 09:29:54,沪深ETF,762,517400.SH,SH,xtdata.get_stock_list_in_sector
2026-07-07,2026-07-07 09:29:54,沪深ETF,763,512970.SH,SH,xtdata.get_stock_list_in_sector
2026-07-07,2026-07-07 09:29:54,沪深ETF,764,589330.SH,SH,xtdata.get_stock_list_in_sector
2026-07-07,2026-07-07 09:29:54,沪深ETF,765,515190.SH,SH,xtdata.get_stock_list_in_sector
2026-07-07,2026-07-07 09:29:54,沪深ETF,766,562350.SH,SH,xtdata.get_stock_list_in_sector
2026-07-07,2026-07-07 09:29:54,沪深ETF,767,512130.SH,SH,xtdata.get_stock_list_in_sector
2026-07-07,2026-07-07 09:29:54,沪深ETF,768,561800.SH,SH,xtdata.get_stock_list_in_sector
2026-07-07,2026-07-07 09:29:54,沪深ETF,769,511220.SH,SH,xtdata.get_stock_list_in_sector
2026-07-07,2026-07-07 09:29:54,沪深ETF,770,512770.SH,SH,xtdata.get_stock_list_in_sector
2026-07-07,2026-07-07 09:29:54,沪深ETF,771,563390.SH,SH,xtdata.get_stock_list_in_sector
2026-07-07,2026-07-07 09:29:54,沪深ETF,772,562510.SH,SH,xtdata.get_stock_list_in_sector
2026-07-07,2026-07-07 09:29:54,沪深ETF,773,561600.SH,SH,xtdata.get_stock_list_in_sector
2026-07-07,2026-07-07 09:29:54,沪深ETF,774,560080.SH,SH,xtdata.get_stock_list_in_sector
2026-07-07,2026-07-07 09:29:54,沪深ETF,775,520930.SH,SH,xtdata.get_stock_list_in_sector
2026-07-07,2026-07-07 09:29:54,沪深ETF,776,561404.SH,SH,xtdata.get_stock_list_in_sector
2026-07-07,2026-07-07 09:29:54,沪深ETF,777,530000.SH,SH,xtdata.get_stock_list_in_sector
2026-07-07,2026-07-07 09:29:54,沪深ETF,778,517030.SH,SH,xtdata.get_stock_list_in_sector
2026-07-07,2026-07-07 09:29:54,沪深ETF,779,588180.SH,SH,xtdata.get_stock_list_in_sector
2026-07-07,2026-07-07 09:29:54,沪深ETF,780,589700.SH,SH,xtdata.get_stock_list_in_sector
2026-07-07,2026-07-07 09:29:54,沪深ETF,781,510090.SH,SH,xtdata.get_stock_list_in_sector
2026-07-07,2026-07-07 09:29:54,沪深ETF,782,512500.SH,SH,xtdata.get_stock_list_in_sector
2026-07-07,2026-07-07 09:29:54,沪深ETF,783,513380.SH,SH,xtdata.get_stock_list_in_sector
2026-07-07,2026-07-07 09:29:54,沪深ETF,784,562380.SH,SH,xtdata.get_stock_list_in_sector
2026-07-07,2026-07-07 09:29:54,沪深ETF,785,563500.SH,SH,xtdata.get_stock_list_in_sector
2026-07-07,2026-07-07 09:29:54,沪深ETF,786,561463.SH,SH,xtdata.get_stock_list_in_sector
2026-07-07,2026-07-07 09:29:54,沪深ETF,787,560610.SH,SH,xtdata.get_stock_list_in_sector
2026-07-07,2026-07-07 09:29:54,沪深ETF,788,516250.SH,SH,xtdata.get_stock_list_in_sector
2026-07-07,2026-07-07 09:29:54,沪深ETF,789,561090.SH,SH,xtdata.get_stock_list_in_sector
2026-07-07,2026-07-07 09:29:54,沪深ETF,790,515900.SH,SH,xtdata.get_stock_list_in_sector
2026-07-07,2026-07-07 09:29:54,沪深ETF,791,520590.SH,SH,xtdata.get_stock_list_in_sector
2026-07-07,2026-07-07 09:29:54,沪深ETF,792,510600.SH,SH,xtdata.get_stock_list_in_sector
2026-07-07,2026-07-07 09:29:54,沪深ETF,793,516860.SH,SH,xtdata.get_stock_list_in_sector
2026-07-07,2026-07-07 09:29:54,沪深ETF,794,512390.SH,SH,xtdata.get_stock_list_in_sector
2026-07-07,2026-07-07 09:29:54,沪深ETF,795,515330.SH,SH,xtdata.get_stock_list_in_sector
2026-07-07,2026-07-07 09:29:54,沪深ETF,796,563770.SH,SH,xtdata.get_stock_list_in_sector
2026-07-07,2026-07-07 09:29:54,沪深ETF,797,551300.SH,SH,xtdata.get_stock_list_in_sector
2026-07-07,2026-07-07 09:29:54,沪深ETF,798,560460.SH,SH,xtdata.get_stock_list_in_sector
2026-07-07,2026-07-07 09:29:54,沪深ETF,799,516020.SH,SH,xtdata.get_stock_list_in_sector
2026-07-07,2026-07-07 09:29:54,沪深ETF,800,589190.SH,SH,xtdata.get_stock_list_in_sector
2026-07-07,2026-07-07 09:29:54,沪深ETF,801,588710.SH,SH,xtdata.get_stock_list_in_sector
2026-07-07,2026-07-07 09:29:54,沪深ETF,802,516300.SH,SH,xtdata.get_stock_list_in_sector
2026-07-07,2026-07-07 09:29:54,沪深ETF,803,588430.SH,SH,xtdata.get_stock_list_in_sector
2026-07-07,2026-07-07 09:29:54,沪深ETF,804,515010.SH,SH,xtdata.get_stock_list_in_sector
2026-07-07,2026-07-07 09:29:54,沪深ETF,805,513630.SH,SH,xtdata.get_stock_list_in_sector
2026-07-07,2026-07-07 09:29:54,沪深ETF,806,561980.SH,SH,xtdata.get_stock_list_in_sector
2026-07-07,2026-07-07 09:29:54,沪深ETF,807,515850.SH,SH,xtdata.get_stock_list_in_sector
2026-07-07,2026-07-07 09:29:54,沪深ETF,808,516930.SH,SH,xtdata.get_stock_list_in_sector
2026-07-07,2026-07-07 09:29:54,沪深ETF,809,589880.SH,SH,xtdata.get_stock_list_in_sector
2026-07-07,2026-07-07 09:29:54,沪深ETF,810,560530.SH,SH,xtdata.get_stock_list_in_sector
2026-07-07,2026-07-07 09:29:54,沪深ETF,811,511990.SH,SH,xtdata.get_stock_list_in_sector
2026-07-07,2026-07-07 09:29:54,沪深ETF,812,563620.SH,SH,xtdata.get_stock_list_in_sector
2026-07-07,2026-07-07 09:29:54,沪深ETF,813,515260.SH,SH,xtdata.get_stock_list_in_sector
2026-07-07,2026-07-07 09:29:54,沪深ETF,814,512620.SH,SH,xtdata.get_stock_list_in_sector
2026-07-07,2026-07-07 09:29:54,沪深ETF,815,560990.SH,SH,xtdata.get_stock_list_in_sector
2026-07-07,2026-07-07 09:29:54,沪深ETF,816,561750.SH,SH,xtdata.get_stock_list_in_sector
2026-07-07,2026-07-07 09:29:54,沪深ETF,817,516590.SH,SH,xtdata.get_stock_list_in_sector
2026-07-07,2026-07-07 09:29:54,沪深ETF,818,515680.SH,SH,xtdata.get_stock_list_in_sector
2026-07-07,2026-07-07 09:29:54,沪深ETF,819,517160.SH,SH,xtdata.get_stock_list_in_sector
2026-07-07,2026-07-07 09:29:54,沪深ETF,820,520860.SH,SH,xtdata.get_stock_list_in_sector
2026-07-07,2026-07-07 09:29:54,沪深ETF,821,510980.SH,SH,xtdata.get_stock_list_in_sector
2026-07-07,2026-07-07 09:29:54,沪深ETF,822,588890.SH,SH,xtdata.get_stock_list_in_sector
2026-07-07,2026-07-07 09:29:54,沪深ETF,823,512450.SH,SH,xtdata.get_stock_list_in_sector
2026-07-07,2026-07-07 09:29:54,沪深ETF,824,512424.SH,SH,xtdata.get_stock_list_in_sector
2026-07-07,2026-07-07 09:29:54,沪深ETF,825,515843.SH,SH,xtdata.get_stock_list_in_sector
2026-07-07,2026-07-07 09:29:54,沪深ETF,826,515044.SH,SH,xtdata.get_stock_list_in_sector
2026-07-07,2026-07-07 09:29:54,沪深ETF,827,551000.SH,SH,xtdata.get_stock_list_in_sector
2026-07-07,2026-07-07 09:29:54,沪深ETF,828,515030.SH,SH,xtdata.get_stock_list_in_sector
2026-07-07,2026-07-07 09:29:54,沪深ETF,829,589290.SH,SH,xtdata.get_stock_list_in_sector
2026-07-07,2026-07-07 09:29:54,沪深ETF,830,516320.SH,SH,xtdata.get_stock_list_in_sector
2026-07-07,2026-07-07 09:29:54,沪深ETF,831,518880.SH,SH,xtdata.get_stock_list_in_sector
2026-07-07,2026-07-07 09:29:54,沪深ETF,832,588410.SH,SH,xtdata.get_stock_list_in_sector
2026-07-07,2026-07-07 09:29:54,沪深ETF,833,511380.SH,SH,xtdata.get_stock_list_in_sector
2026-07-07,2026-07-07 09:29:54,沪深ETF,834,510500.SH,SH,xtdata.get_stock_list_in_sector
2026-07-07,2026-07-07 09:29:54,沪深ETF,835,512090.SH,SH,xtdata.get_stock_list_in_sector
2026-07-07,2026-07-07 09:29:54,沪深ETF,836,510770.SH,SH,xtdata.get_stock_list_in_sector
2026-07-07,2026-07-07 09:29:54,沪深ETF,837,516910.SH,SH,xtdata.get_stock_list_in_sector
2026-07-07,2026-07-07 09:29:54,沪深ETF,838,520690.SH,SH,xtdata.get_stock_list_in_sector
2026-07-07,2026-07-07 09:29:54,沪深ETF,839,589413.SH,SH,xtdata.get_stock_list_in_sector
2026-07-07,2026-07-07 09:29:54,沪深ETF,840,562080.SH,SH,xtdata.get_stock_list_in_sector
2026-07-07,2026-07-07 09:29:54,沪深ETF,841,563600.SH,SH,xtdata.get_stock_list_in_sector
2026-07-07,2026-07-07 09:29:54,沪深ETF,842,516150.SH,SH,xtdata.get_stock_list_in_sector
2026-07-07,2026-07-07 09:29:54,沪深ETF,843,560510.SH,SH,xtdata.get_stock_list_in_sector
2026-07-07,2026-07-07 09:29:54,沪深ETF,844,588660.SH,SH,xtdata.get_stock_list_in_sector
2026-07-07,2026-07-07 09:29:54,沪深ETF,845,510390.SH,SH,xtdata.get_stock_list_in_sector
2026-07-07,2026-07-07 09:29:54,沪深ETF,846,512600.SH,SH,xtdata.get_stock_list_in_sector
2026-07-07,2026-07-07 09:29:54,沪深ETF,847,513080.SH,SH,xtdata.get_stock_list_in_sector
2026-07-07,2026-07-07 09:29:54,沪深ETF,848,588280.SH,SH,xtdata.get_stock_list_in_sector
2026-07-07,2026-07-07 09:29:54,沪深ETF,849,517330.SH,SH,xtdata.get_stock_list_in_sector
2026-07-07,2026-07-07 09:29:54,沪深ETF,850,561770.SH,SH,xtdata.get_stock_list_in_sector
2026-07-07,2026-07-07 09:29:54,沪深ETF,851,530300.SH,SH,xtdata.get_stock_list_in_sector
2026-07-07,2026-07-07 09:29:54,沪深ETF,852,563090.SH,SH,xtdata.get_stock_list_in_sector
2026-07-07,2026-07-07 09:29:54,沪深ETF,853,561500.SH,SH,xtdata.get_stock_list_in_sector
2026-07-07,2026-07-07 09:29:54,沪深ETF,854,560380.SH,SH,xtdata.get_stock_list_in_sector
2026-07-07,2026-07-07 09:29:54,沪深ETF,855,520840.SH,SH,xtdata.get_stock_list_in_sector
2026-07-07,2026-07-07 09:29:54,沪深ETF,856,517900.SH,SH,xtdata.get_stock_list_in_sector
2026-07-07,2026-07-07 09:29:54,沪深ETF,857,512750.SH,SH,xtdata.get_stock_list_in_sector
2026-07-07,2026-07-07 09:29:54,沪深ETF,858,589550.SH,SH,xtdata.get_stock_list_in_sector
2026-07-07,2026-07-07 09:29:54,沪深ETF,859,513990.SH,SH,xtdata.get_stock_list_in_sector
2026-07-07,2026-07-07 09:29:54,沪深ETF,860,562530.SH,SH,xtdata.get_stock_list_in_sector
2026-07-07,2026-07-07 09:29:54,沪深ETF,861,520910.SH,SH,xtdata.get_stock_list_in_sector
2026-07-07,2026-07-07 09:29:54,沪深ETF,862,517010.SH,SH,xtdata.get_stock_list_in_sector
2026-07-07,2026-07-07 09:29:54,沪深ETF,863,589720.SH,SH,xtdata.get_stock_list_in_sector
2026-07-07,2026-07-07 09:29:54,沪深ETF,864,515580.SH,SH,xtdata.get_stock_list_in_sector
2026-07-07,2026-07-07 09:29:54,沪深ETF,865,517850.SH,SH,xtdata.get_stock_list_in_sector
2026-07-07,2026-07-07 09:29:54,沪深ETF,866,512520.SH,SH,xtdata.get_stock_list_in_sector
2026-07-07,2026-07-07 09:29:54,沪深ETF,867,563980.SH,SH,xtdata.get_stock_list_in_sector
2026-07-07,2026-07-07 09:29:54,沪深ETF,868,588534.SH,SH,xtdata.get_stock_list_in_sector
2026-07-07,2026-07-07 09:29:54,沪深ETF,869,560630.SH,SH,xtdata.get_stock_list_in_sector
2026-07-07,2026-07-07 09:29:54,沪深ETF,870,516270.SH,SH,xtdata.get_stock_list_in_sector
2026-07-07,2026-07-07 09:29:54,沪深ETF,871,512980.SH,SH,xtdata.get_stock_list_in_sector
2026-07-07,2026-07-07 09:29:54,沪深ETF,872,515160.SH,SH,xtdata.get_stock_list_in_sector
2026-07-07,2026-07-07 09:29:54,沪深ETF,873,563520.SH,SH,xtdata.get_stock_list_in_sector
2026-07-07,2026-07-07 09:29:54,沪深ETF,874,515920.SH,SH,xtdata.get_stock_list_in_sector
2026-07-07,2026-07-07 09:29:54,沪深ETF,875,513530.SH,SH,xtdata.get_stock_list_in_sector
2026-07-07,2026-07-07 09:29:54,沪深ETF,876,516840.SH,SH,xtdata.get_stock_list_in_sector
2026-07-07,2026-07-07 09:29:54,沪深ETF,877,562990.SH,SH,xtdata.get_stock_list_in_sector
2026-07-07,2026-07-07 09:29:54,沪深ETF,878,516000.SH,SH,xtdata.get_stock_list_in_sector
2026-07-07,2026-07-07 09:29:54,沪深ETF,879,588730.SH,SH,xtdata.get_stock_list_in_sector
2026-07-07,2026-07-07 09:29:54,沪深ETF,880,515310.SH,SH,xtdata.get_stock_list_in_sector
2026-07-07,2026-07-07 09:29:54,沪深ETF,881,563750.SH,SH,xtdata.get_stock_list_in_sector
2026-07-07,2026-07-07 09:29:54,沪深ETF,882,561633.SH,SH,xtdata.get_stock_list_in_sector
2026-07-07,2026-07-07 09:29:54,沪深ETF,883,551560.SH,SH,xtdata.get_stock_list_in_sector
2026-07-07,2026-07-07 09:29:54,沪深ETF,884,515550.SH,SH,xtdata.get_stock_list_in_sector
2026-07-07,2026-07-07 09:29:54,沪深ETF,885,516640.SH,SH,xtdata.get_stock_list_in_sector
2026-07-07,2026-07-07 09:29:54,沪深ETF,886,588170.SH,SH,xtdata.get_stock_list_in_sector
2026-07-07,2026-07-07 09:29:54,沪深ETF,887,510060.SH,SH,xtdata.get_stock_list_in_sector
2026-07-07,2026-07-07 09:29:54,沪深ETF,888,517880.SH,SH,xtdata.get_stock_list_in_sector
2026-07-07,2026-07-07 09:29:54,沪深ETF,889,588930.SH,SH,xtdata.get_stock_list_in_sector
2026-07-07,2026-07-07 09:29:54,沪深ETF,890,510210.SH,SH,xtdata.get_stock_list_in_sector
2026-07-07,2026-07-07 09:29:54,沪深ETF,891,513100.SH,SH,xtdata.get_stock_list_in_sector
2026-07-07,2026-07-07 09:29:54,沪深ETF,892,560830.SH,SH,xtdata.get_stock_list_in_sector
2026-07-07,2026-07-07 09:29:54,沪深ETF,893,515720.SH,SH,xtdata.get_stock_list_in_sector
2026-07-07,2026-07-07 09:29:54,沪深ETF,894,563360.SH,SH,xtdata.get_stock_list_in_sector
2026-07-07,2026-07-07 09:29:54,沪深ETF,895,530280.SH,SH,xtdata.get_stock_list_in_sector
2026-07-07,2026-07-07 09:29:54,沪深ETF,896,560070.SH,SH,xtdata.get_stock_list_in_sector
2026-07-07,2026-07-07 09:29:54,沪深ETF,897,589580.SH,SH,xtdata.get_stock_list_in_sector
2026-07-07,2026-07-07 09:29:54,沪深ETF,898,588300.SH,SH,xtdata.get_stock_list_in_sector
2026-07-07,2026-07-07 09:29:54,沪深ETF,899,511070.SH,SH,xtdata.get_stock_list_in_sector
2026-07-07,2026-07-07 09:29:54,沪深ETF,900,512360.SH,SH,xtdata.get_stock_list_in_sector
2026-07-07,2026-07-07 09:29:54,沪深ETF,901,516890.SH,SH,xtdata.get_stock_list_in_sector
2026-07-07,2026-07-07 09:29:54,沪深ETF,902,520710.SH,SH,xtdata.get_stock_list_in_sector
2026-07-07,2026-07-07 09:29:54,沪深ETF,903,563780.SH,SH,xtdata.get_stock_list_in_sector
2026-07-07,2026-07-07 09:29:54,沪深ETF,904,511830.SH,SH,xtdata.get_stock_list_in_sector
2026-07-07,2026-07-07 09:29:54,沪深ETF,905,589160.SH,SH,xtdata.get_stock_list_in_sector
2026-07-07,2026-07-07 09:29:54,沪深ETF,906,560490.SH,SH,xtdata.get_stock_list_in_sector
2026-07-07,2026-07-07 09:29:54,沪深ETF,907,561493.SH,SH,xtdata.get_stock_list_in_sector
2026-07-07,2026-07-07 09:29:54,沪深ETF,908,512950.SH,SH,xtdata.get_stock_list_in_sector
2026-07-07,2026-07-07 09:29:54,沪深ETF,909,561060.SH,SH,xtdata.get_stock_list_in_sector
2026-07-07,2026-07-07 09:29:54,沪深ETF,910,589310.SH,SH,xtdata.get_stock_list_in_sector
2026-07-07,2026-07-07 09:29:54,沪深ETF,911,511200.SH,SH,xtdata.get_stock_list_in_sector
2026-07-07,2026-07-07 09:29:54,沪深ETF,912,520560.SH,SH,xtdata.get_stock_list_in_sector
2026-07-07,2026-07-07 09:29:54,沪深ETF,913,511120.SH,SH,xtdata.get_stock_list_in_sector
2026-07-07,2026-07-07 09:29:54,沪深ETF,914,562810.SH,SH,xtdata.get_stock_list_in_sector
2026-07-07,2026-07-07 09:29:54,沪深ETF,915,516180.SH,SH,xtdata.get_stock_list_in_sector
2026-07-07,2026-07-07 09:29:54,沪深ETF,916,589030.SH,SH,xtdata.get_stock_list_in_sector
2026-07-07,2026-07-07 09:29:54,沪深ETF,917,515290.SH,SH,xtdata.get_stock_list_in_sector
2026-07-07,2026-07-07 09:29:54,沪深ETF,918,562050.SH,SH,xtdata.get_stock_list_in_sector
2026-07-07,2026-07-07 09:29:54,沪深ETF,919,511960.SH,SH,xtdata.get_stock_list_in_sector
2026-07-07,2026-07-07 09:29:54,沪深ETF,920,561130.SH,SH,xtdata.get_stock_list_in_sector
2026-07-07,2026-07-07 09:29:54,沪深ETF,921,518850.SH,SH,xtdata.get_stock_list_in_sector
2026-07-07,2026-07-07 09:29:54,沪深ETF,922,512800.SH,SH,xtdata.get_stock_list_in_sector
2026-07-07,2026-07-07 09:29:54,沪深ETF,923,512040.SH,SH,xtdata.get_stock_list_in_sector
2026-07-07,2026-07-07 09:29:54,沪深ETF,924,520890.SH,SH,xtdata.get_stock_list_in_sector
2026-07-07,2026-07-07 09:29:54,沪深ETF,925,516710.SH,SH,xtdata.get_stock_list_in_sector
2026-07-07,2026-07-07 09:29:54,沪深ETF,926,560350.SH,SH,xtdata.get_stock_list_in_sector
2026-07-07,2026-07-07 09:29:54,沪深ETF,927,588020.SH,SH,xtdata.get_stock_list_in_sector
2026-07-07,2026-07-07 09:29:54,沪深ETF,928,515400.SH,SH,xtdata.get_stock_list_in_sector
2026-07-07,2026-07-07 09:29:54,沪深ETF,929,513220.SH,SH,xtdata.get_stock_list_in_sector
2026-07-07,2026-07-07 09:29:54,沪深ETF,930,588860.SH,SH,xtdata.get_stock_list_in_sector
2026-07-07,2026-07-07 09:29:54,沪深ETF,931,563800.SH,SH,xtdata.get_stock_list_in_sector
2026-07-07,2026-07-07 09:29:54,沪深ETF,932,510130.SH,SH,xtdata.get_stock_list_in_sector
2026-07-07,2026-07-07 09:29:54,沪深ETF,933,513050.SH,SH,xtdata.get_stock_list_in_sector
2026-07-07,2026-07-07 09:29:54,沪深ETF,934,518680.SH,SH,xtdata.get_stock_list_in_sector
2026-07-07,2026-07-07 09:29:54,沪深ETF,935,513810.SH,SH,xtdata.get_stock_list_in_sector
2026-07-07,2026-07-07 09:29:54,沪深ETF,936,516560.SH,SH,xtdata.get_stock_list_in_sector
2026-07-07,2026-07-07 09:29:54,沪深ETF,937,560120.SH,SH,xtdata.get_stock_list_in_sector
2026-07-07,2026-07-07 09:29:54,沪深ETF,938,588250.SH,SH,xtdata.get_stock_list_in_sector
2026-07-07,2026-07-07 09:29:54,沪深ETF,939,563230.SH,SH,xtdata.get_stock_list_in_sector
2026-07-07,2026-07-07 09:29:54,沪深ETF,940,159960.SZ,SZ,xtdata.get_stock_list_in_sector
2026-07-07,2026-07-07 09:29:54,沪深ETF,941,159056.SZ,SZ,xtdata.get_stock_list_in_sector
2026-07-07,2026-07-07 09:29:54,沪深ETF,942,159022.SZ,SZ,xtdata.get_stock_list_in_sector
2026-07-07,2026-07-07 09:29:54,沪深ETF,943,159120.SZ,SZ,xtdata.get_stock_list_in_sector
2026-07-07,2026-07-07 09:29:54,沪深ETF,944,159816.SZ,SZ,xtdata.get_stock_list_in_sector
2026-07-07,2026-07-07 09:29:54,沪深ETF,945,159862.SZ,SZ,xtdata.get_stock_list_in_sector
2026-07-07,2026-07-07 09:29:54,沪深ETF,946,159350.SZ,SZ,xtdata.get_stock_list_in_sector
2026-07-07,2026-07-07 09:29:54,沪深ETF,947,159226.SZ,SZ,xtdata.get_stock_list_in_sector
2026-07-07,2026-07-07 09:29:54,沪深ETF,948,159649.SZ,SZ,xtdata.get_stock_list_in_sector
2026-07-07,2026-07-07 09:29:54,沪深ETF,949,159337.SZ,SZ,xtdata.get_stock_list_in_sector
2026-07-07,2026-07-07 09:29:54,沪深ETF,950,159758.SZ,SZ,xtdata.get_stock_list_in_sector
2026-07-07,2026-07-07 09:29:54,沪深ETF,951,159235.SZ,SZ,xtdata.get_stock_list_in_sector
2026-07-07,2026-07-07 09:29:54,沪深ETF,952,159241.SZ,SZ,xtdata.get_stock_list_in_sector
2026-07-07,2026-07-07 09:29:54,沪深ETF,953,159045.SZ,SZ,xtdata.get_stock_list_in_sector
2026-07-07,2026-07-07 09:29:54,沪深ETF,954,159031.SZ,SZ,xtdata.get_stock_list_in_sector
2026-07-07,2026-07-07 09:29:54,沪深ETF,955,159907.SZ,SZ,xtdata.get_stock_list_in_sector
2026-07-07,2026-07-07 09:29:54,沪深ETF,956,159973.SZ,SZ,xtdata.get_stock_list_in_sector
2026-07-07,2026-07-07 09:29:54,沪深ETF,957,159805.SZ,SZ,xtdata.get_stock_list_in_sector
2026-07-07,2026-07-07 09:29:54,沪深ETF,958,159871.SZ,SZ,xtdata.get_stock_list_in_sector
2026-07-07,2026-07-07 09:29:54,沪深ETF,959,159147.SZ,SZ,xtdata.get_stock_list_in_sector
2026-07-07,2026-07-07 09:29:54,沪深ETF,960,159133.SZ,SZ,xtdata.get_stock_list_in_sector
2026-07-07,2026-07-07 09:29:54,沪深ETF,961,159528.SZ,SZ,xtdata.get_stock_list_in_sector
2026-07-07,2026-07-07 09:29:54,沪深ETF,962,159899.SZ,SZ,xtdata.get_stock_list_in_sector
2026-07-07,2026-07-07 09:29:54,沪深ETF,963,159213.SZ,SZ,xtdata.get_stock_list_in_sector
2026-07-07,2026-07-07 09:29:54,沪深ETF,964,159608.SZ,SZ,xtdata.get_stock_list_in_sector
2026-07-07,2026-07-07 09:29:54,沪深ETF,965,159267.SZ,SZ,xtdata.get_stock_list_in_sector
2026-07-07,2026-07-07 09:29:54,沪深ETF,966,159796.SZ,SZ,xtdata.get_stock_list_in_sector
2026-07-07,2026-07-07 09:29:54,沪深ETF,967,159311.SZ,SZ,xtdata.get_stock_list_in_sector
2026-07-07,2026-07-07 09:29:54,沪深ETF,968,159365.SZ,SZ,xtdata.get_stock_list_in_sector
2026-07-07,2026-07-07 09:29:54,沪深ETF,969,159189.SZ,SZ,xtdata.get_stock_list_in_sector
2026-07-07,2026-07-07 09:29:54,沪深ETF,970,159592.SZ,SZ,xtdata.get_stock_list_in_sector
2026-07-07,2026-07-07 09:29:54,沪深ETF,971,159857.SZ,SZ,xtdata.get_stock_list_in_sector
2026-07-07,2026-07-07 09:29:54,沪深ETF,972,159161.SZ,SZ,xtdata.get_stock_list_in_sector
2026-07-07,2026-07-07 09:29:54,沪深ETF,973,159115.SZ,SZ,xtdata.get_stock_list_in_sector
2026-07-07,2026-07-07 09:29:54,沪深ETF,974,159063.SZ,SZ,xtdata.get_stock_list_in_sector
2026-07-07,2026-07-07 09:29:54,沪深ETF,975,159017.SZ,SZ,xtdata.get_stock_list_in_sector
2026-07-07,2026-07-07 09:29:54,沪深ETF,976,159569.SZ,SZ,xtdata.get_stock_list_in_sector
2026-07-07,2026-07-07 09:29:54,沪深ETF,977,159172.SZ,SZ,xtdata.get_stock_list_in_sector
2026-07-07,2026-07-07 09:29:54,沪深ETF,978,159106.SZ,SZ,xtdata.get_stock_list_in_sector
2026-07-07,2026-07-07 09:29:54,沪深ETF,979,159581.SZ,SZ,xtdata.get_stock_list_in_sector
2026-07-07,2026-07-07 09:29:54,沪深ETF,980,159830.SZ,SZ,xtdata.get_stock_list_in_sector
2026-07-07,2026-07-07 09:29:54,沪深ETF,981,159098.SZ,SZ,xtdata.get_stock_list_in_sector
2026-07-07,2026-07-07 09:29:54,沪深ETF,982,159070.SZ,SZ,xtdata.get_stock_list_in_sector
2026-07-07,2026-07-07 09:29:54,沪深ETF,983,159687.SZ,SZ,xtdata.get_stock_list_in_sector
2026-07-07,2026-07-07 09:29:54,沪深ETF,984,159200.SZ,SZ,xtdata.get_stock_list_in_sector
2026-07-07,2026-07-07 09:29:54,沪深ETF,985,159302.SZ,SZ,xtdata.get_stock_list_in_sector
2026-07-07,2026-07-07 09:29:54,沪深ETF,986,159719.SZ,SZ,xtdata.get_stock_list_in_sector
2026-07-07,2026-07-07 09:29:54,沪深ETF,987,159376.SZ,SZ,xtdata.get_stock_list_in_sector
2026-07-07,2026-07-07 09:29:54,沪深ETF,988,159536.SZ,SZ,xtdata.get_stock_list_in_sector
2026-07-07,2026-07-07 09:29:54,沪深ETF,989,159887.SZ,SZ,xtdata.get_stock_list_in_sector
2026-07-07,2026-07-07 09:29:54,沪深ETF,990,159159.SZ,SZ,xtdata.get_stock_list_in_sector
2026-07-07,2026-07-07 09:29:54,沪深ETF,991,159542.SZ,SZ,xtdata.get_stock_list_in_sector
2026-07-07,2026-07-07 09:29:54,沪深ETF,992,159985.SZ,SZ,xtdata.get_stock_list_in_sector
2026-07-07,2026-07-07 09:29:54,沪深ETF,993,159919.SZ,SZ,xtdata.get_stock_list_in_sector
2026-07-07,2026-07-07 09:29:54,沪深ETF,994,159630.SZ,SZ,xtdata.get_stock_list_in_sector
2026-07-07,2026-07-07 09:29:54,沪深ETF,995,159732.SZ,SZ,xtdata.get_stock_list_in_sector
2026-07-07,2026-07-07 09:29:54,沪深ETF,996,159329.SZ,SZ,xtdata.get_stock_list_in_sector
2026-07-07,2026-07-07 09:29:54,沪深ETF,997,159657.SZ,SZ,xtdata.get_stock_list_in_sector
2026-07-07,2026-07-07 09:29:54,沪深ETF,998,159623.SZ,SZ,xtdata.get_stock_list_in_sector
2026-07-07,2026-07-07 09:29:54,沪深ETF,999,159238.SZ,SZ,xtdata.get_stock_list_in_sector
2026-07-07,2026-07-07 09:29:54,沪深ETF,1000,159755.SZ,SZ,xtdata.get_stock_list_in_sector
2026-07-07,2026-07-07 09:29:54,沪深ETF,1001,159721.SZ,SZ,xtdata.get_stock_list_in_sector
2026-07-07,2026-07-07 09:29:54,沪深ETF,1002,159525.SZ,SZ,xtdata.get_stock_list_in_sector
2026-07-07,2026-07-07 09:29:54,沪深ETF,1003,159551.SZ,SZ,xtdata.get_stock_list_in_sector
2026-07-07,2026-07-07 09:29:54,沪深ETF,1004,159808.SZ,SZ,xtdata.get_stock_list_in_sector
2026-07-07,2026-07-07 09:29:54,沪深ETF,1005,159996.SZ,SZ,xtdata.get_stock_list_in_sector
2026-07-07,2026-07-07 09:29:54,沪深ETF,1006,159048.SZ,SZ,xtdata.get_stock_list_in_sector
2026-07-07,2026-07-07 09:29:54,沪深ETF,1007,159368.SZ,SZ,xtdata.get_stock_list_in_sector
2026-07-07,2026-07-07 09:29:54,沪深ETF,1008,159773.SZ,SZ,xtdata.get_stock_list_in_sector
2026-07-07,2026-07-07 09:29:54,沪深ETF,1009,159707.SZ,SZ,xtdata.get_stock_list_in_sector
2026-07-07,2026-07-07 09:29:54,沪深ETF,1010,159380.SZ,SZ,xtdata.get_stock_list_in_sector
2026-07-07,2026-07-07 09:29:54,沪深ETF,1011,159699.SZ,SZ,xtdata.get_stock_list_in_sector
2026-07-07,2026-07-07 09:29:54,沪深ETF,1012,159671.SZ,SZ,xtdata.get_stock_list_in_sector
2026-07-07,2026-07-07 09:29:54,沪深ETF,1013,159605.SZ,SZ,xtdata.get_stock_list_in_sector
2026-07-07,2026-07-07 09:29:54,沪深ETF,1014,159958.SZ,SZ,xtdata.get_stock_list_in_sector
2026-07-07,2026-07-07 09:29:54,沪深ETF,1015,159086.SZ,SZ,xtdata.get_stock_list_in_sector
2026-07-07,2026-07-07 09:29:54,沪深ETF,1016,159118.SZ,SZ,xtdata.get_stock_list_in_sector
2026-07-07,2026-07-07 09:29:54,沪深ETF,1017,159577.SZ,SZ,xtdata.get_stock_list_in_sector
2026-07-07,2026-07-07 09:29:54,沪深ETF,1018,159009.SZ,SZ,xtdata.get_stock_list_in_sector
2026-07-07,2026-07-07 09:29:54,沪深ETF,1019,159849.SZ,SZ,xtdata.get_stock_list_in_sector
2026-07-07,2026-07-07 09:29:54,沪深ETF,1020,159197.SZ,SZ,xtdata.get_stock_list_in_sector
2026-07-07,2026-07-07 09:29:54,沪深ETF,1021,159510.SZ,SZ,xtdata.get_stock_list_in_sector
2026-07-07,2026-07-07 09:29:54,沪深ETF,1022,159788.SZ,SZ,xtdata.get_stock_list_in_sector
2026-07-07,2026-07-07 09:29:54,沪深ETF,1023,159393.SZ,SZ,xtdata.get_stock_list_in_sector
2026-07-07,2026-07-07 09:29:54,沪深ETF,1024,159760.SZ,SZ,xtdata.get_stock_list_in_sector
2026-07-07,2026-07-07 09:29:54,沪深ETF,1025,159279.SZ,SZ,xtdata.get_stock_list_in_sector
2026-07-07,2026-07-07 09:29:54,沪深ETF,1026,159662.SZ,SZ,xtdata.get_stock_list_in_sector
2026-07-07,2026-07-07 09:29:54,沪深ETF,1027,159616.SZ,SZ,xtdata.get_stock_list_in_sector
2026-07-07,2026-07-07 09:29:54,沪深ETF,1028,159291.SZ,SZ,xtdata.get_stock_list_in_sector
2026-07-07,2026-07-07 09:29:54,沪深ETF,1029,159651.SZ,SZ,xtdata.get_stock_list_in_sector
2026-07-07,2026-07-07 09:29:54,沪深ETF,1030,159625.SZ,SZ,xtdata.get_stock_list_in_sector
2026-07-07,2026-07-07 09:29:54,沪深ETF,1031,159138.SZ,SZ,xtdata.get_stock_list_in_sector
2026-07-07,2026-07-07 09:29:54,沪深ETF,1032,159523.SZ,SZ,xtdata.get_stock_list_in_sector
2026-07-07,2026-07-07 09:29:54,沪深ETF,1033,159892.SZ,SZ,xtdata.get_stock_list_in_sector
2026-07-07,2026-07-07 09:29:54,沪深ETF,1034,159557.SZ,SZ,xtdata.get_stock_list_in_sector
2026-07-07,2026-07-07 09:29:54,沪深ETF,1035,159029.SZ,SZ,xtdata.get_stock_list_in_sector
2026-07-07,2026-07-07 09:29:54,沪深ETF,1036,159530.SZ,SZ,xtdata.get_stock_list_in_sector
2026-07-07,2026-07-07 09:29:54,沪深ETF,1037,159881.SZ,SZ,xtdata.get_stock_list_in_sector
2026-07-07,2026-07-07 09:29:54,沪深ETF,1038,159869.SZ,SZ,xtdata.get_stock_list_in_sector
2026-07-07,2026-07-07 09:29:54,沪深ETF,1039,159740.SZ,SZ,xtdata.get_stock_list_in_sector
2026-07-07,2026-07-07 09:29:54,沪深ETF,1040,159642.SZ,SZ,xtdata.get_stock_list_in_sector
2026-07-07,2026-07-07 09:29:54,沪深ETF,1041,159259.SZ,SZ,xtdata.get_stock_list_in_sector
2026-07-07,2026-07-07 09:29:54,沪深ETF,1042,159636.SZ,SZ,xtdata.get_stock_list_in_sector
2026-07-07,2026-07-07 09:29:54,沪深ETF,1043,159516.SZ,SZ,xtdata.get_stock_list_in_sector
2026-07-07,2026-07-07 09:29:54,沪深ETF,1044,159562.SZ,SZ,xtdata.get_stock_list_in_sector
2026-07-07,2026-07-07 09:29:54,沪深ETF,1045,159179.SZ,SZ,xtdata.get_stock_list_in_sector
2026-07-07,2026-07-07 09:29:54,沪深ETF,1046,159191.SZ,SZ,xtdata.get_stock_list_in_sector
2026-07-07,2026-07-07 09:29:54,沪深ETF,1047,159939.SZ,SZ,xtdata.get_stock_list_in_sector
2026-07-07,2026-07-07 09:29:54,沪深ETF,1048,159093.SZ,SZ,xtdata.get_stock_list_in_sector
2026-07-07,2026-07-07 09:29:54,沪深ETF,1049,159297.SZ,SZ,xtdata.get_stock_list_in_sector
2026-07-07,2026-07-07 09:29:54,沪深ETF,1050,159610.SZ,SZ,xtdata.get_stock_list_in_sector
2026-07-07,2026-07-07 09:29:54,沪深ETF,1051,159766.SZ,SZ,xtdata.get_stock_list_in_sector
2026-07-07,2026-07-07 09:29:54,沪深ETF,1052,159309.SZ,SZ,xtdata.get_stock_list_in_sector
2026-07-07,2026-07-07 09:29:54,沪深ETF,1053,159712.SZ,SZ,xtdata.get_stock_list_in_sector
2026-07-07,2026-07-07 09:29:54,沪深ETF,1054,159395.SZ,SZ,xtdata.get_stock_list_in_sector
2026-07-07,2026-07-07 09:29:54,沪深ETF,1055,159677.SZ,SZ,xtdata.get_stock_list_in_sector
2026-07-07,2026-07-07 09:29:54,沪深ETF,1056,159218.SZ,SZ,xtdata.get_stock_list_in_sector
2026-07-07,2026-07-07 09:29:54,沪深ETF,1057,159603.SZ,SZ,xtdata.get_stock_list_in_sector
2026-07-07,2026-07-07 09:29:54,沪深ETF,1058,159386.SZ,SZ,xtdata.get_stock_list_in_sector
2026-07-07,2026-07-07 09:29:54,沪深ETF,1059,159775.SZ,SZ,xtdata.get_stock_list_in_sector
2026-07-07,2026-07-07 09:29:54,沪深ETF,1060,159701.SZ,SZ,xtdata.get_stock_list_in_sector
2026-07-07,2026-07-07 09:29:54,沪深ETF,1061,159182.SZ,SZ,xtdata.get_stock_list_in_sector
2026-07-07,2026-07-07 09:29:54,沪深ETF,1062,159599.SZ,SZ,xtdata.get_stock_list_in_sector
2026-07-07,2026-07-07 09:29:54,沪深ETF,1063,159828.SZ,SZ,xtdata.get_stock_list_in_sector
2026-07-07,2026-07-07 09:29:54,沪深ETF,1064,159505.SZ,SZ,xtdata.get_stock_list_in_sector
2026-07-07,2026-07-07 09:29:54,沪深ETF,1065,159571.SZ,SZ,xtdata.get_stock_list_in_sector
2026-07-07,2026-07-07 09:29:54,沪深ETF,1066,159628.SZ,SZ,xtdata.get_stock_list_in_sector
2026-07-07,2026-07-07 09:29:54,沪深ETF,1067,159233.SZ,SZ,xtdata.get_stock_list_in_sector
2026-07-07,2026-07-07 09:29:54,沪深ETF,1068,159247.SZ,SZ,xtdata.get_stock_list_in_sector
2026-07-07,2026-07-07 09:29:54,沪深ETF,1069,159331.SZ,SZ,xtdata.get_stock_list_in_sector
2026-07-07,2026-07-07 09:29:54,沪深ETF,1070,159141.SZ,SZ,xtdata.get_stock_list_in_sector
2026-07-07,2026-07-07 09:29:54,沪深ETF,1071,159135.SZ,SZ,xtdata.get_stock_list_in_sector
2026-07-07,2026-07-07 09:29:54,沪深ETF,1072,159877.SZ,SZ,xtdata.get_stock_list_in_sector
2026-07-07,2026-07-07 09:29:54,沪深ETF,1073,159901.SZ,SZ,xtdata.get_stock_list_in_sector
2026-07-07,2026-07-07 09:29:54,沪深ETF,1074,159975.SZ,SZ,xtdata.get_stock_list_in_sector
2026-07-07,2026-07-07 09:29:54,沪深ETF,1075,159043.SZ,SZ,xtdata.get_stock_list_in_sector
2026-07-07,2026-07-07 09:29:54,沪深ETF,1076,159037.SZ,SZ,xtdata.get_stock_list_in_sector
2026-07-07,2026-07-07 09:29:54,沪深ETF,1077,159810.SZ,SZ,xtdata.get_stock_list_in_sector
2026-07-07,2026-07-07 09:29:54,沪深ETF,1078,159864.SZ,SZ,xtdata.get_stock_list_in_sector
2026-07-07,2026-07-07 09:29:54,沪深ETF,1079,159152.SZ,SZ,xtdata.get_stock_list_in_sector
2026-07-07,2026-07-07 09:29:54,沪深ETF,1080,159549.SZ,SZ,xtdata.get_stock_list_in_sector
2026-07-07,2026-07-07 09:29:54,沪深ETF,1081,159126.SZ,SZ,xtdata.get_stock_list_in_sector
2026-07-07,2026-07-07 09:29:54,沪深ETF,1082,159050.SZ,SZ,xtdata.get_stock_list_in_sector
2026-07-07,2026-07-07 09:29:54,沪深ETF,1083,159912.SZ,SZ,xtdata.get_stock_list_in_sector
2026-07-07,2026-07-07 09:29:54,沪深ETF,1084,159966.SZ,SZ,xtdata.get_stock_list_in_sector
2026-07-07,2026-07-07 09:29:54,沪深ETF,1085,159220.SZ,SZ,xtdata.get_stock_list_in_sector
2026-07-07,2026-07-07 09:29:54,沪深ETF,1086,159739.SZ,SZ,xtdata.get_stock_list_in_sector
2026-07-07,2026-07-07 09:29:54,沪深ETF,1087,159322.SZ,SZ,xtdata.get_stock_list_in_sector
2026-07-07,2026-07-07 09:29:54,沪深ETF,1088,159356.SZ,SZ,xtdata.get_stock_list_in_sector
2026-07-07,2026-07-07 09:29:54,沪深ETF,1089,159934.SZ,SZ,xtdata.get_stock_list_in_sector
2026-07-07,2026-07-07 09:29:54,沪深ETF,1090,159940.SZ,SZ,xtdata.get_stock_list_in_sector
2026-07-07,2026-07-07 09:29:54,沪深ETF,1091,159587.SZ,SZ,xtdata.get_stock_list_in_sector
2026-07-07,2026-07-07 09:29:54,沪深ETF,1092,159836.SZ,SZ,xtdata.get_stock_list_in_sector
2026-07-07,2026-07-07 09:29:54,沪深ETF,1093,159842.SZ,SZ,xtdata.get_stock_list_in_sector
2026-07-07,2026-07-07 09:29:54,沪深ETF,1094,159100.SZ,SZ,xtdata.get_stock_list_in_sector
2026-07-07,2026-07-07 09:29:54,沪深ETF,1095,159783.SZ,SZ,xtdata.get_stock_list_in_sector
2026-07-07,2026-07-07 09:29:54,沪深ETF,1096,159398.SZ,SZ,xtdata.get_stock_list_in_sector
2026-07-07,2026-07-07 09:29:54,沪深ETF,1097,159370.SZ,SZ,xtdata.get_stock_list_in_sector
2026-07-07,2026-07-07 09:29:54,沪深ETF,1098,159206.SZ,SZ,xtdata.get_stock_list_in_sector
2026-07-07,2026-07-07 09:29:54,沪深ETF,1099,159272.SZ,SZ,xtdata.get_stock_list_in_sector
2026-07-07,2026-07-07 09:29:54,沪深ETF,1100,159669.SZ,SZ,xtdata.get_stock_list_in_sector
2026-07-07,2026-07-07 09:29:54,沪深ETF,1101,159681.SZ,SZ,xtdata.get_stock_list_in_sector
2026-07-07,2026-07-07 09:29:54,沪深ETF,1102,159363.SZ,SZ,xtdata.get_stock_list_in_sector
2026-07-07,2026-07-07 09:29:54,沪深ETF,1103,159778.SZ,SZ,xtdata.get_stock_list_in_sector
2026-07-07,2026-07-07 09:29:54,沪深ETF,1104,159790.SZ,SZ,xtdata.get_stock_list_in_sector
2026-07-07,2026-07-07 09:29:54,沪深ETF,1105,159692.SZ,SZ,xtdata.get_stock_list_in_sector
2026-07-07,2026-07-07 09:29:54,沪深ETF,1106,159289.SZ,SZ,xtdata.get_stock_list_in_sector
2026-07-07,2026-07-07 09:29:54,沪深ETF,1107,159215.SZ,SZ,xtdata.get_stock_list_in_sector
2026-07-07,2026-07-07 09:29:54,沪深ETF,1108,159261.SZ,SZ,xtdata.get_stock_list_in_sector
2026-07-07,2026-07-07 09:29:54,沪深ETF,1109,159065.SZ,SZ,xtdata.get_stock_list_in_sector
2026-07-07,2026-07-07 09:29:54,沪深ETF,1110,159011.SZ,SZ,xtdata.get_stock_list_in_sector
2026-07-07,2026-07-07 09:29:54,沪深ETF,1111,159167.SZ,SZ,xtdata.get_stock_list_in_sector
2026-07-07,2026-07-07 09:29:54,沪深ETF,1112,159508.SZ,SZ,xtdata.get_stock_list_in_sector
2026-07-07,2026-07-07 09:29:54,沪深ETF,1113,159113.SZ,SZ,xtdata.get_stock_list_in_sector
2026-07-07,2026-07-07 09:29:54,沪深ETF,1114,159825.SZ,SZ,xtdata.get_stock_list_in_sector
2026-07-07,2026-07-07 09:29:54,沪深ETF,1115,159851.SZ,SZ,xtdata.get_stock_list_in_sector
2026-07-07,2026-07-07 09:29:54,沪深ETF,1116,159371.SZ,SZ,xtdata.get_stock_list_in_sector
2026-07-07,2026-07-07 09:29:54,沪深ETF,1117,159305.SZ,SZ,xtdata.get_stock_list_in_sector
2026-07-07,2026-07-07 09:29:54,沪深ETF,1118,159399.SZ,SZ,xtdata.get_stock_list_in_sector
2026-07-07,2026-07-07 09:29:54,沪深ETF,1119,159782.SZ,SZ,xtdata.get_stock_list_in_sector
2026-07-07,2026-07-07 09:29:54,沪深ETF,1120,159680.SZ,SZ,xtdata.get_stock_list_in_sector
2026-07-07,2026-07-07 09:29:54,沪深ETF,1121,158000.SZ,SZ,xtdata.get_stock_list_in_sector
2026-07-07,2026-07-07 09:29:54,沪深ETF,1122,159273.SZ,SZ,xtdata.get_stock_list_in_sector
2026-07-07,2026-07-07 09:29:54,沪深ETF,1123,159207.SZ,SZ,xtdata.get_stock_list_in_sector
2026-07-07,2026-07-07 09:29:54,沪深ETF,1124,159941.SZ,SZ,xtdata.get_stock_list_in_sector
2026-07-07,2026-07-07 09:29:54,沪深ETF,1125,159935.SZ,SZ,xtdata.get_stock_list_in_sector
2026-07-07,2026-07-07 09:29:54,沪深ETF,1126,159003.SZ,SZ,xtdata.get_stock_list_in_sector
2026-07-07,2026-07-07 09:29:54,沪深ETF,1127,159077.SZ,SZ,xtdata.get_stock_list_in_sector
2026-07-07,2026-07-07 09:29:54,沪深ETF,1128,159101.SZ,SZ,xtdata.get_stock_list_in_sector
2026-07-07,2026-07-07 09:29:54,沪深ETF,1129,159175.SZ,SZ,xtdata.get_stock_list_in_sector
2026-07-07,2026-07-07 09:29:54,沪深ETF,1130,159843.SZ,SZ,xtdata.get_stock_list_in_sector
2026-07-07,2026-07-07 09:29:54,沪深ETF,1131,159586.SZ,SZ,xtdata.get_stock_list_in_sector
2026-07-07,2026-07-07 09:29:54,沪深ETF,1132,159837.SZ,SZ,xtdata.get_stock_list_in_sector
2026-07-07,2026-07-07 09:29:54,沪深ETF,1133,159010.SZ,SZ,xtdata.get_stock_list_in_sector
2026-07-07,2026-07-07 09:29:54,沪深ETF,1134,159952.SZ,SZ,xtdata.get_stock_list_in_sector
2026-07-07,2026-07-07 09:29:54,沪深ETF,1135,159850.SZ,SZ,xtdata.get_stock_list_in_sector
2026-07-07,2026-07-07 09:29:54,沪深ETF,1136,159595.SZ,SZ,xtdata.get_stock_list_in_sector
2026-07-07,2026-07-07 09:29:54,沪深ETF,1137,159824.SZ,SZ,xtdata.get_stock_list_in_sector
2026-07-07,2026-07-07 09:29:54,沪深ETF,1138,159112.SZ,SZ,xtdata.get_stock_list_in_sector
2026-07-07,2026-07-07 09:29:54,沪深ETF,1139,159509.SZ,SZ,xtdata.get_stock_list_in_sector
2026-07-07,2026-07-07 09:29:54,沪深ETF,1140,159166.SZ,SZ,xtdata.get_stock_list_in_sector
2026-07-07,2026-07-07 09:29:54,沪深ETF,1141,159791.SZ,SZ,xtdata.get_stock_list_in_sector
2026-07-07,2026-07-07 09:29:54,沪深ETF,1142,159779.SZ,SZ,xtdata.get_stock_list_in_sector
2026-07-07,2026-07-07 09:29:54,沪深ETF,1143,159362.SZ,SZ,xtdata.get_stock_list_in_sector
2026-07-07,2026-07-07 09:29:54,沪深ETF,1144,159316.SZ,SZ,xtdata.get_stock_list_in_sector
2026-07-07,2026-07-07 09:29:54,沪深ETF,1145,159260.SZ,SZ,xtdata.get_stock_list_in_sector
2026-07-07,2026-07-07 09:29:54,沪深ETF,1146,159288.SZ,SZ,xtdata.get_stock_list_in_sector
2026-07-07,2026-07-07 09:29:54,沪深ETF,1147,159876.SZ,SZ,xtdata.get_stock_list_in_sector
2026-07-07,2026-07-07 09:29:54,沪深ETF,1148,159140.SZ,SZ,xtdata.get_stock_list_in_sector
2026-07-07,2026-07-07 09:29:54,沪深ETF,1149,159036.SZ,SZ,xtdata.get_stock_list_in_sector
2026-07-07,2026-07-07 09:29:54,沪深ETF,1150,159042.SZ,SZ,xtdata.get_stock_list_in_sector
2026-07-07,2026-07-07 09:29:54,沪深ETF,1151,159974.SZ,SZ,xtdata.get_stock_list_in_sector
2026-07-07,2026-07-07 09:29:54,沪深ETF,1152,159246.SZ,SZ,xtdata.get_stock_list_in_sector
2026-07-07,2026-07-07 09:29:54,沪深ETF,1153,159232.SZ,SZ,xtdata.get_stock_list_in_sector
2026-07-07,2026-07-07 09:29:54,沪深ETF,1154,159629.SZ,SZ,xtdata.get_stock_list_in_sector
2026-07-07,2026-07-07 09:29:54,沪深ETF,1155,159330.SZ,SZ,xtdata.get_stock_list_in_sector
2026-07-07,2026-07-07 09:29:54,沪深ETF,1156,159255.SZ,SZ,xtdata.get_stock_list_in_sector
2026-07-07,2026-07-07 09:29:54,沪深ETF,1157,159221.SZ,SZ,xtdata.get_stock_list_in_sector
2026-07-07,2026-07-07 09:29:54,沪深ETF,1158,159357.SZ,SZ,xtdata.get_stock_list_in_sector
2026-07-07,2026-07-07 09:29:54,沪深ETF,1159,159323.SZ,SZ,xtdata.get_stock_list_in_sector
2026-07-07,2026-07-07 09:29:54,沪深ETF,1160,159738.SZ,SZ,xtdata.get_stock_list_in_sector
2026-07-07,2026-07-07 09:29:54,沪深ETF,1161,159127.SZ,SZ,xtdata.get_stock_list_in_sector
2026-07-07,2026-07-07 09:29:54,沪深ETF,1162,159153.SZ,SZ,xtdata.get_stock_list_in_sector
2026-07-07,2026-07-07 09:29:54,沪深ETF,1163,159865.SZ,SZ,xtdata.get_stock_list_in_sector
2026-07-07,2026-07-07 09:29:54,沪深ETF,1164,159811.SZ,SZ,xtdata.get_stock_list_in_sector
2026-07-07,2026-07-07 09:29:54,沪深ETF,1165,159967.SZ,SZ,xtdata.get_stock_list_in_sector
2026-07-07,2026-07-07 09:29:54,沪深ETF,1166,159913.SZ,SZ,xtdata.get_stock_list_in_sector
2026-07-07,2026-07-07 09:29:54,沪深ETF,1167,159051.SZ,SZ,xtdata.get_stock_list_in_sector
2026-07-07,2026-07-07 09:29:54,沪深ETF,1168,159611.SZ,SZ,xtdata.get_stock_list_in_sector
2026-07-07,2026-07-07 09:29:54,沪深ETF,1169,159665.SZ,SZ,xtdata.get_stock_list_in_sector
2026-07-07,2026-07-07 09:29:54,沪深ETF,1170,159296.SZ,SZ,xtdata.get_stock_list_in_sector
2026-07-07,2026-07-07 09:29:54,沪深ETF,1171,159713.SZ,SZ,xtdata.get_stock_list_in_sector
2026-07-07,2026-07-07 09:29:54,沪深ETF,1172,159767.SZ,SZ,xtdata.get_stock_list_in_sector
2026-07-07,2026-07-07 09:29:54,沪深ETF,1173,159190.SZ,SZ,xtdata.get_stock_list_in_sector
2026-07-07,2026-07-07 09:29:54,沪深ETF,1174,159178.SZ,SZ,xtdata.get_stock_list_in_sector
2026-07-07,2026-07-07 09:29:54,沪深ETF,1175,159563.SZ,SZ,xtdata.get_stock_list_in_sector
2026-07-07,2026-07-07 09:29:54,沪深ETF,1176,159517.SZ,SZ,xtdata.get_stock_list_in_sector
2026-07-07,2026-07-07 09:29:54,沪深ETF,1177,159938.SZ,SZ,xtdata.get_stock_list_in_sector
2026-07-07,2026-07-07 09:29:54,沪深ETF,1178,159570.SZ,SZ,xtdata.get_stock_list_in_sector
2026-07-07,2026-07-07 09:29:54,沪深ETF,1179,159183.SZ,SZ,xtdata.get_stock_list_in_sector
2026-07-07,2026-07-07 09:29:54,沪深ETF,1180,159285.SZ,SZ,xtdata.get_stock_list_in_sector
2026-07-07,2026-07-07 09:29:54,沪深ETF,1181,159602.SZ,SZ,xtdata.get_stock_list_in_sector
2026-07-07,2026-07-07 09:29:54,沪深ETF,1182,159219.SZ,SZ,xtdata.get_stock_list_in_sector
2026-07-07,2026-07-07 09:29:54,沪深ETF,1183,159676.SZ,SZ,xtdata.get_stock_list_in_sector
2026-07-07,2026-07-07 09:29:54,沪深ETF,1184,159700.SZ,SZ,xtdata.get_stock_list_in_sector
2026-07-07,2026-07-07 09:29:54,沪深ETF,1185,159387.SZ,SZ,xtdata.get_stock_list_in_sector
2026-07-07,2026-07-07 09:29:54,沪深ETF,1186,159991.SZ,SZ,xtdata.get_stock_list_in_sector
2026-07-07,2026-07-07 09:29:54,沪深ETF,1187,159556.SZ,SZ,xtdata.get_stock_list_in_sector
2026-07-07,2026-07-07 09:29:54,沪深ETF,1188,159139.SZ,SZ,xtdata.get_stock_list_in_sector
2026-07-07,2026-07-07 09:29:54,沪深ETF,1189,159726.SZ,SZ,xtdata.get_stock_list_in_sector
2026-07-07,2026-07-07 09:29:54,沪深ETF,1190,159752.SZ,SZ,xtdata.get_stock_list_in_sector
2026-07-07,2026-07-07 09:29:54,沪深ETF,1191,159650.SZ,SZ,xtdata.get_stock_list_in_sector
2026-07-07,2026-07-07 09:29:54,沪深ETF,1192,159735.SZ,SZ,xtdata.get_stock_list_in_sector
2026-07-07,2026-07-07 09:29:54,沪深ETF,1193,159741.SZ,SZ,xtdata.get_stock_list_in_sector
2026-07-07,2026-07-07 09:29:54,沪深ETF,1194,159637.SZ,SZ,xtdata.get_stock_list_in_sector
2026-07-07,2026-07-07 09:29:54,沪深ETF,1195,159258.SZ,SZ,xtdata.get_stock_list_in_sector
2026-07-07,2026-07-07 09:29:54,沪深ETF,1196,159643.SZ,SZ,xtdata.get_stock_list_in_sector
2026-07-07,2026-07-07 09:29:54,沪深ETF,1197,159982.SZ,SZ,xtdata.get_stock_list_in_sector
2026-07-07,2026-07-07 09:29:54,沪深ETF,1198,159028.SZ,SZ,xtdata.get_stock_list_in_sector
2026-07-07,2026-07-07 09:29:54,沪深ETF,1199,159545.SZ,SZ,xtdata.get_stock_list_in_sector
2026-07-07,2026-07-07 09:29:54,沪深ETF,1200,159531.SZ,SZ,xtdata.get_stock_list_in_sector
2026-07-07,2026-07-07 09:29:54,沪深ETF,1201,159880.SZ,SZ,xtdata.get_stock_list_in_sector
2026-07-07,2026-07-07 09:29:54,沪深ETF,1202,159400.SZ,SZ,xtdata.get_stock_list_in_sector
2026-07-07,2026-07-07 09:29:54,沪深ETF,1203,159087.SZ,SZ,xtdata.get_stock_list_in_sector
2026-07-07,2026-07-07 09:29:54,沪深ETF,1204,159959.SZ,SZ,xtdata.get_stock_list_in_sector
2026-07-07,2026-07-07 09:29:54,沪深ETF,1205,159185.SZ,SZ,xtdata.get_stock_list_in_sector
2026-07-07,2026-07-07 09:29:54,沪深ETF,1206,159576.SZ,SZ,xtdata.get_stock_list_in_sector
2026-07-07,2026-07-07 09:29:54,沪深ETF,1207,159119.SZ,SZ,xtdata.get_stock_list_in_sector
2026-07-07,2026-07-07 09:29:54,沪深ETF,1208,159502.SZ,SZ,xtdata.get_stock_list_in_sector
2026-07-07,2026-07-07 09:29:54,沪深ETF,1209,159381.SZ,SZ,xtdata.get_stock_list_in_sector
2026-07-07,2026-07-07 09:29:54,沪深ETF,1210,159706.SZ,SZ,xtdata.get_stock_list_in_sector
2026-07-07,2026-07-07 09:29:54,沪深ETF,1211,159369.SZ,SZ,xtdata.get_stock_list_in_sector
2026-07-07,2026-07-07 09:29:54,沪深ETF,1212,159670.SZ,SZ,xtdata.get_stock_list_in_sector
2026-07-07,2026-07-07 09:29:54,沪深ETF,1213,159283.SZ,SZ,xtdata.get_stock_list_in_sector
2026-07-07,2026-07-07 09:29:54,沪深ETF,1214,159698.SZ,SZ,xtdata.get_stock_list_in_sector
2026-07-07,2026-07-07 09:29:54,沪深ETF,1215,159715.SZ,SZ,xtdata.get_stock_list_in_sector
2026-07-07,2026-07-07 09:29:54,沪深ETF,1216,159761.SZ,SZ,xtdata.get_stock_list_in_sector
2026-07-07,2026-07-07 09:29:54,沪深ETF,1217,159392.SZ,SZ,xtdata.get_stock_list_in_sector
2026-07-07,2026-07-07 09:29:54,沪深ETF,1218,159290.SZ,SZ,xtdata.get_stock_list_in_sector
2026-07-07,2026-07-07 09:29:54,沪深ETF,1219,159617.SZ,SZ,xtdata.get_stock_list_in_sector
2026-07-07,2026-07-07 09:29:54,沪深ETF,1220,159663.SZ,SZ,xtdata.get_stock_list_in_sector
2026-07-07,2026-07-07 09:29:54,沪深ETF,1221,159278.SZ,SZ,xtdata.get_stock_list_in_sector
2026-07-07,2026-07-07 09:29:54,沪深ETF,1222,159008.SZ,SZ,xtdata.get_stock_list_in_sector
2026-07-07,2026-07-07 09:29:54,沪深ETF,1223,159565.SZ,SZ,xtdata.get_stock_list_in_sector
2026-07-07,2026-07-07 09:29:54,沪深ETF,1224,159511.SZ,SZ,xtdata.get_stock_list_in_sector
2026-07-07,2026-07-07 09:29:54,沪深ETF,1225,159196.SZ,SZ,xtdata.get_stock_list_in_sector
2026-07-07,2026-07-07 09:29:54,沪深ETF,1226,159848.SZ,SZ,xtdata.get_stock_list_in_sector
2026-07-07,2026-07-07 09:29:54,沪深ETF,1227,159631.SZ,SZ,xtdata.get_stock_list_in_sector
2026-07-07,2026-07-07 09:29:54,沪深ETF,1228,159645.SZ,SZ,xtdata.get_stock_list_in_sector
2026-07-07,2026-07-07 09:29:54,沪深ETF,1229,159328.SZ,SZ,xtdata.get_stock_list_in_sector
2026-07-07,2026-07-07 09:29:54,沪深ETF,1230,159747.SZ,SZ,xtdata.get_stock_list_in_sector
2026-07-07,2026-07-07 09:29:54,沪深ETF,1231,159543.SZ,SZ,xtdata.get_stock_list_in_sector
2026-07-07,2026-07-07 09:29:54,沪深ETF,1232,159158.SZ,SZ,xtdata.get_stock_list_in_sector
2026-07-07,2026-07-07 09:29:54,沪深ETF,1233,159537.SZ,SZ,xtdata.get_stock_list_in_sector
2026-07-07,2026-07-07 09:29:54,沪深ETF,1234,159886.SZ,SZ,xtdata.get_stock_list_in_sector
2026-07-07,2026-07-07 09:29:54,沪深ETF,1235,159918.SZ,SZ,xtdata.get_stock_list_in_sector
2026-07-07,2026-07-07 09:29:54,沪深ETF,1236,159550.SZ,SZ,xtdata.get_stock_list_in_sector
2026-07-07,2026-07-07 09:29:54,沪深ETF,1237,159895.SZ,SZ,xtdata.get_stock_list_in_sector
2026-07-07,2026-07-07 09:29:54,沪深ETF,1238,159997.SZ,SZ,xtdata.get_stock_list_in_sector
2026-07-07,2026-07-07 09:29:54,沪深ETF,1239,159239.SZ,SZ,xtdata.get_stock_list_in_sector
2026-07-07,2026-07-07 09:29:54,沪深ETF,1240,159622.SZ,SZ,xtdata.get_stock_list_in_sector
2026-07-07,2026-07-07 09:29:54,沪深ETF,1241,159656.SZ,SZ,xtdata.get_stock_list_in_sector
2026-07-07,2026-07-07 09:29:54,沪深ETF,1242,159720.SZ,SZ,xtdata.get_stock_list_in_sector
2026-07-07,2026-07-07 09:29:54,沪深ETF,1243,159160.SZ,SZ,xtdata.get_stock_list_in_sector
2026-07-07,2026-07-07 09:29:54,沪深ETF,1244,159856.SZ,SZ,xtdata.get_stock_list_in_sector
2026-07-07,2026-07-07 09:29:54,沪深ETF,1245,159593.SZ,SZ,xtdata.get_stock_list_in_sector
2026-07-07,2026-07-07 09:29:54,沪深ETF,1246,159188.SZ,SZ,xtdata.get_stock_list_in_sector
2026-07-07,2026-07-07 09:29:54,沪深ETF,1247,159822.SZ,SZ,xtdata.get_stock_list_in_sector
2026-07-07,2026-07-07 09:29:54,沪深ETF,1248,159954.SZ,SZ,xtdata.get_stock_list_in_sector
2026-07-07,2026-07-07 09:29:54,沪深ETF,1249,159920.SZ,SZ,xtdata.get_stock_list_in_sector
2026-07-07,2026-07-07 09:29:54,沪深ETF,1250,159016.SZ,SZ,xtdata.get_stock_list_in_sector
2026-07-07,2026-07-07 09:29:54,沪深ETF,1251,159062.SZ,SZ,xtdata.get_stock_list_in_sector
2026-07-07,2026-07-07 09:29:54,沪深ETF,1252,159695.SZ,SZ,xtdata.get_stock_list_in_sector
2026-07-07,2026-07-07 09:29:54,沪深ETF,1253,159266.SZ,SZ,xtdata.get_stock_list_in_sector
2026-07-07,2026-07-07 09:29:54,沪深ETF,1254,159609.SZ,SZ,xtdata.get_stock_list_in_sector
2026-07-07,2026-07-07 09:29:54,沪深ETF,1255,159212.SZ,SZ,xtdata.get_stock_list_in_sector
2026-07-07,2026-07-07 09:29:54,沪深ETF,1256,159310.SZ,SZ,xtdata.get_stock_list_in_sector
2026-07-07,2026-07-07 09:29:54,沪深ETF,1257,159797.SZ,SZ,xtdata.get_stock_list_in_sector
2026-07-07,2026-07-07 09:29:54,沪深ETF,1258,159275.SZ,SZ,xtdata.get_stock_list_in_sector
2026-07-07,2026-07-07 09:29:54,沪深ETF,1259,159201.SZ,SZ,xtdata.get_stock_list_in_sector
2026-07-07,2026-07-07 09:29:54,沪深ETF,1260,159686.SZ,SZ,xtdata.get_stock_list_in_sector
2026-07-07,2026-07-07 09:29:54,沪深ETF,1261,159377.SZ,SZ,xtdata.get_stock_list_in_sector
2026-07-07,2026-07-07 09:29:54,沪深ETF,1262,159718.SZ,SZ,xtdata.get_stock_list_in_sector
2026-07-07,2026-07-07 09:29:54,沪深ETF,1263,159303.SZ,SZ,xtdata.get_stock_list_in_sector
2026-07-07,2026-07-07 09:29:54,沪深ETF,1264,159845.SZ,SZ,xtdata.get_stock_list_in_sector
2026-07-07,2026-07-07 09:29:54,沪深ETF,1265,159831.SZ,SZ,xtdata.get_stock_list_in_sector
2026-07-07,2026-07-07 09:29:54,沪深ETF,1266,159107.SZ,SZ,xtdata.get_stock_list_in_sector
2026-07-07,2026-07-07 09:29:54,沪深ETF,1267,159173.SZ,SZ,xtdata.get_stock_list_in_sector
2026-07-07,2026-07-07 09:29:54,沪深ETF,1268,159568.SZ,SZ,xtdata.get_stock_list_in_sector
2026-07-07,2026-07-07 09:29:54,沪深ETF,1269,159005.SZ,SZ,xtdata.get_stock_list_in_sector
2026-07-07,2026-07-07 09:29:54,沪深ETF,1270,159071.SZ,SZ,xtdata.get_stock_list_in_sector
2026-07-07,2026-07-07 09:29:54,沪深ETF,1271,159933.SZ,SZ,xtdata.get_stock_list_in_sector
2026-07-07,2026-07-07 09:29:54,沪深ETF,1272,159099.SZ,SZ,xtdata.get_stock_list_in_sector
2026-07-07,2026-07-07 09:29:54,沪深ETF,1273,159351.SZ,SZ,xtdata.get_stock_list_in_sector
2026-07-07,2026-07-07 09:29:54,沪深ETF,1274,159325.SZ,SZ,xtdata.get_stock_list_in_sector
2026-07-07,2026-07-07 09:29:54,沪深ETF,1275,159253.SZ,SZ,xtdata.get_stock_list_in_sector
2026-07-07,2026-07-07 09:29:54,沪深ETF,1276,159227.SZ,SZ,xtdata.get_stock_list_in_sector
2026-07-07,2026-07-07 09:29:54,沪深ETF,1277,159023.SZ,SZ,xtdata.get_stock_list_in_sector
2026-07-07,2026-07-07 09:29:54,沪深ETF,1278,159057.SZ,SZ,xtdata.get_stock_list_in_sector
2026-07-07,2026-07-07 09:29:54,沪深ETF,1279,159961.SZ,SZ,xtdata.get_stock_list_in_sector
2026-07-07,2026-07-07 09:29:54,沪深ETF,1280,159915.SZ,SZ,xtdata.get_stock_list_in_sector
2026-07-07,2026-07-07 09:29:54,沪深ETF,1281,159863.SZ,SZ,xtdata.get_stock_list_in_sector
2026-07-07,2026-07-07 09:29:54,沪深ETF,1282,159121.SZ,SZ,xtdata.get_stock_list_in_sector
2026-07-07,2026-07-07 09:29:54,沪深ETF,1283,159155.SZ,SZ,xtdata.get_stock_list_in_sector
2026-07-07,2026-07-07 09:29:54,沪深ETF,1284,159972.SZ,SZ,xtdata.get_stock_list_in_sector
2026-07-07,2026-07-07 09:29:54,沪深ETF,1285,159906.SZ,SZ,xtdata.get_stock_list_in_sector
2026-07-07,2026-07-07 09:29:54,沪深ETF,1286,159030.SZ,SZ,xtdata.get_stock_list_in_sector
2026-07-07,2026-07-07 09:29:54,沪深ETF,1287,159529.SZ,SZ,xtdata.get_stock_list_in_sector
2026-07-07,2026-07-07 09:29:54,沪深ETF,1288,159132.SZ,SZ,xtdata.get_stock_list_in_sector
2026-07-07,2026-07-07 09:29:54,沪深ETF,1289,159898.SZ,SZ,xtdata.get_stock_list_in_sector
2026-07-07,2026-07-07 09:29:54,沪深ETF,1290,159146.SZ,SZ,xtdata.get_stock_list_in_sector
2026-07-07,2026-07-07 09:29:54,沪深ETF,1291,159870.SZ,SZ,xtdata.get_stock_list_in_sector
2026-07-07,2026-07-07 09:29:54,沪深ETF,1292,159804.SZ,SZ,xtdata.get_stock_list_in_sector
2026-07-07,2026-07-07 09:29:54,沪深ETF,1293,159336.SZ,SZ,xtdata.get_stock_list_in_sector
2026-07-07,2026-07-07 09:29:54,沪深ETF,1294,159240.SZ,SZ,xtdata.get_stock_list_in_sector
2026-07-07,2026-07-07 09:29:54,沪深ETF,1295,159375.SZ,SZ,xtdata.get_stock_list_in_sector
2026-07-07,2026-07-07 09:29:54,沪深ETF,1296,159301.SZ,SZ,xtdata.get_stock_list_in_sector
2026-07-07,2026-07-07 09:29:54,沪深ETF,1297,159786.SZ,SZ,xtdata.get_stock_list_in_sector
2026-07-07,2026-07-07 09:29:54,沪深ETF,1298,159277.SZ,SZ,xtdata.get_stock_list_in_sector
2026-07-07,2026-07-07 09:29:54,沪深ETF,1299,159618.SZ,SZ,xtdata.get_stock_list_in_sector
2026-07-07,2026-07-07 09:29:54,沪深ETF,1300,159203.SZ,SZ,xtdata.get_stock_list_in_sector
2026-07-07,2026-07-07 09:29:54,沪深ETF,1301,159945.SZ,SZ,xtdata.get_stock_list_in_sector
2026-07-07,2026-07-07 09:29:54,沪深ETF,1302,159931.SZ,SZ,xtdata.get_stock_list_in_sector
2026-07-07,2026-07-07 09:29:54,沪深ETF,1303,159007.SZ,SZ,xtdata.get_stock_list_in_sector
2026-07-07,2026-07-07 09:29:54,沪深ETF,1304,159105.SZ,SZ,xtdata.get_stock_list_in_sector
2026-07-07,2026-07-07 09:29:54,沪深ETF,1305,159171.SZ,SZ,xtdata.get_stock_list_in_sector
2026-07-07,2026-07-07 09:29:54,沪深ETF,1306,159847.SZ,SZ,xtdata.get_stock_list_in_sector
2026-07-07,2026-07-07 09:29:54,沪深ETF,1307,159582.SZ,SZ,xtdata.get_stock_list_in_sector
2026-07-07,2026-07-07 09:29:54,沪深ETF,1308,159199.SZ,SZ,xtdata.get_stock_list_in_sector
2026-07-07,2026-07-07 09:29:54,沪深ETF,1309,159060.SZ,SZ,xtdata.get_stock_list_in_sector
2026-07-07,2026-07-07 09:29:54,沪深ETF,1310,159956.SZ,SZ,xtdata.get_stock_list_in_sector
2026-07-07,2026-07-07 09:29:54,沪深ETF,1311,159922.SZ,SZ,xtdata.get_stock_list_in_sector
2026-07-07,2026-07-07 09:29:54,沪深ETF,1312,159820.SZ,SZ,xtdata.get_stock_list_in_sector
2026-07-07,2026-07-07 09:29:54,沪深ETF,1313,159591.SZ,SZ,xtdata.get_stock_list_in_sector
2026-07-07,2026-07-07 09:29:54,沪深ETF,1314,159116.SZ,SZ,xtdata.get_stock_list_in_sector
2026-07-07,2026-07-07 09:29:54,沪深ETF,1315,159162.SZ,SZ,xtdata.get_stock_list_in_sector
2026-07-07,2026-07-07 09:29:54,沪深ETF,1316,159795.SZ,SZ,xtdata.get_stock_list_in_sector
2026-07-07,2026-07-07 09:29:54,沪深ETF,1317,159366.SZ,SZ,xtdata.get_stock_list_in_sector
2026-07-07,2026-07-07 09:29:54,沪深ETF,1318,159709.SZ,SZ,xtdata.get_stock_list_in_sector
2026-07-07,2026-07-07 09:29:54,沪深ETF,1319,159312.SZ,SZ,xtdata.get_stock_list_in_sector
2026-07-07,2026-07-07 09:29:54,沪深ETF,1320,159210.SZ,SZ,xtdata.get_stock_list_in_sector
2026-07-07,2026-07-07 09:29:54,沪深ETF,1321,159697.SZ,SZ,xtdata.get_stock_list_in_sector
2026-07-07,2026-07-07 09:29:54,沪深ETF,1322,159872.SZ,SZ,xtdata.get_stock_list_in_sector
2026-07-07,2026-07-07 09:29:54,沪深ETF,1323,159806.SZ,SZ,xtdata.get_stock_list_in_sector
2026-07-07,2026-07-07 09:29:54,沪深ETF,1324,159130.SZ,SZ,xtdata.get_stock_list_in_sector
2026-07-07,2026-07-07 09:29:54,沪深ETF,1325,159032.SZ,SZ,xtdata.get_stock_list_in_sector
2026-07-07,2026-07-07 09:29:54,沪深ETF,1326,159998.SZ,SZ,xtdata.get_stock_list_in_sector
2026-07-07,2026-07-07 09:29:54,沪深ETF,1327,159046.SZ,SZ,xtdata.get_stock_list_in_sector
2026-07-07,2026-07-07 09:29:54,沪深ETF,1328,159970.SZ,SZ,xtdata.get_stock_list_in_sector
2026-07-07,2026-07-07 09:29:54,沪深ETF,1329,159242.SZ,SZ,xtdata.get_stock_list_in_sector
2026-07-07,2026-07-07 09:29:54,沪深ETF,1330,159659.SZ,SZ,xtdata.get_stock_list_in_sector
2026-07-07,2026-07-07 09:29:54,沪深ETF,1331,159236.SZ,SZ,xtdata.get_stock_list_in_sector
2026-07-07,2026-07-07 09:29:54,沪深ETF,1332,159251.SZ,SZ,xtdata.get_stock_list_in_sector
2026-07-07,2026-07-07 09:29:54,沪深ETF,1333,159225.SZ,SZ,xtdata.get_stock_list_in_sector
2026-07-07,2026-07-07 09:29:54,沪深ETF,1334,159353.SZ,SZ,xtdata.get_stock_list_in_sector
2026-07-07,2026-07-07 09:29:54,沪深ETF,1335,159748.SZ,SZ,xtdata.get_stock_list_in_sector
2026-07-07,2026-07-07 09:29:54,沪深ETF,1336,159327.SZ,SZ,xtdata.get_stock_list_in_sector
2026-07-07,2026-07-07 09:29:54,沪深ETF,1337,159889.SZ,SZ,xtdata.get_stock_list_in_sector
2026-07-07,2026-07-07 09:29:54,沪深ETF,1338,159538.SZ,SZ,xtdata.get_stock_list_in_sector
2026-07-07,2026-07-07 09:29:54,沪深ETF,1339,159123.SZ,SZ,xtdata.get_stock_list_in_sector
2026-07-07,2026-07-07 09:29:54,沪深ETF,1340,159157.SZ,SZ,xtdata.get_stock_list_in_sector
2026-07-07,2026-07-07 09:29:54,沪深ETF,1341,159861.SZ,SZ,xtdata.get_stock_list_in_sector
2026-07-07,2026-07-07 09:29:54,沪深ETF,1342,159021.SZ,SZ,xtdata.get_stock_list_in_sector
2026-07-07,2026-07-07 09:29:54,沪深ETF,1343,159055.SZ,SZ,xtdata.get_stock_list_in_sector
2026-07-07,2026-07-07 09:29:54,沪深ETF,1344,159615.SZ,SZ,xtdata.get_stock_list_in_sector
2026-07-07,2026-07-07 09:29:54,沪深ETF,1345,159661.SZ,SZ,xtdata.get_stock_list_in_sector
2026-07-07,2026-07-07 09:29:54,沪深ETF,1346,159292.SZ,SZ,xtdata.get_stock_list_in_sector
2026-07-07,2026-07-07 09:29:54,沪深ETF,1347,159689.SZ,SZ,xtdata.get_stock_list_in_sector
2026-07-07,2026-07-07 09:29:54,沪深ETF,1348,159390.SZ,SZ,xtdata.get_stock_list_in_sector
2026-07-07,2026-07-07 09:29:54,沪深ETF,1349,159717.SZ,SZ,xtdata.get_stock_list_in_sector
2026-07-07,2026-07-07 09:29:54,沪深ETF,1350,159763.SZ,SZ,xtdata.get_stock_list_in_sector
2026-07-07,2026-07-07 09:29:54,沪深ETF,1351,159378.SZ,SZ,xtdata.get_stock_list_in_sector
2026-07-07,2026-07-07 09:29:54,沪深ETF,1352,159567.SZ,SZ,xtdata.get_stock_list_in_sector
2026-07-07,2026-07-07 09:29:54,沪深ETF,1353,159108.SZ,SZ,xtdata.get_stock_list_in_sector
2026-07-07,2026-07-07 09:29:54,沪深ETF,1354,159513.SZ,SZ,xtdata.get_stock_list_in_sector
2026-07-07,2026-07-07 09:29:54,沪深ETF,1355,159948.SZ,SZ,xtdata.get_stock_list_in_sector
2026-07-07,2026-07-07 09:29:54,沪深ETF,1356,159500.SZ,SZ,xtdata.get_stock_list_in_sector
2026-07-07,2026-07-07 09:29:54,沪深ETF,1357,159187.SZ,SZ,xtdata.get_stock_list_in_sector
2026-07-07,2026-07-07 09:29:54,沪深ETF,1358,159859.SZ,SZ,xtdata.get_stock_list_in_sector
2026-07-07,2026-07-07 09:29:54,沪深ETF,1359,159085.SZ,SZ,xtdata.get_stock_list_in_sector
2026-07-07,2026-07-07 09:29:54,沪深ETF,1360,159019.SZ,SZ,xtdata.get_stock_list_in_sector
2026-07-07,2026-07-07 09:29:54,沪深ETF,1361,159281.SZ,SZ,xtdata.get_stock_list_in_sector
2026-07-07,2026-07-07 09:29:54,沪深ETF,1362,159606.SZ,SZ,xtdata.get_stock_list_in_sector
2026-07-07,2026-07-07 09:29:54,沪深ETF,1363,159672.SZ,SZ,xtdata.get_stock_list_in_sector
2026-07-07,2026-07-07 09:29:54,沪深ETF,1364,159269.SZ,SZ,xtdata.get_stock_list_in_sector
2026-07-07,2026-07-07 09:29:54,沪深ETF,1365,159770.SZ,SZ,xtdata.get_stock_list_in_sector
2026-07-07,2026-07-07 09:29:54,沪深ETF,1366,159383.SZ,SZ,xtdata.get_stock_list_in_sector
2026-07-07,2026-07-07 09:29:54,沪深ETF,1367,159798.SZ,SZ,xtdata.get_stock_list_in_sector
2026-07-07,2026-07-07 09:29:54,沪深ETF,1368,159909.SZ,SZ,xtdata.get_stock_list_in_sector
2026-07-07,2026-07-07 09:29:54,沪深ETF,1369,159995.SZ,SZ,xtdata.get_stock_list_in_sector
2026-07-07,2026-07-07 09:29:54,沪深ETF,1370,159552.SZ,SZ,xtdata.get_stock_list_in_sector
2026-07-07,2026-07-07 09:29:54,沪深ETF,1371,159149.SZ,SZ,xtdata.get_stock_list_in_sector
2026-07-07,2026-07-07 09:29:54,沪深ETF,1372,159526.SZ,SZ,xtdata.get_stock_list_in_sector
2026-07-07,2026-07-07 09:29:54,沪深ETF,1373,159339.SZ,SZ,xtdata.get_stock_list_in_sector
2026-07-07,2026-07-07 09:29:54,沪深ETF,1374,159620.SZ,SZ,xtdata.get_stock_list_in_sector
2026-07-07,2026-07-07 09:29:54,沪深ETF,1375,159731.SZ,SZ,xtdata.get_stock_list_in_sector
2026-07-07,2026-07-07 09:29:54,沪深ETF,1376,159745.SZ,SZ,xtdata.get_stock_list_in_sector
2026-07-07,2026-07-07 09:29:54,沪深ETF,1377,159228.SZ,SZ,xtdata.get_stock_list_in_sector
2026-07-07,2026-07-07 09:29:54,沪深ETF,1378,159633.SZ,SZ,xtdata.get_stock_list_in_sector
2026-07-07,2026-07-07 09:29:54,沪深ETF,1379,159647.SZ,SZ,xtdata.get_stock_list_in_sector
2026-07-07,2026-07-07 09:29:54,沪深ETF,1380,159541.SZ,SZ,xtdata.get_stock_list_in_sector
2026-07-07,2026-07-07 09:29:54,沪深ETF,1381,159535.SZ,SZ,xtdata.get_stock_list_in_sector
2026-07-07,2026-07-07 09:29:54,沪深ETF,1382,159929.SZ,SZ,xtdata.get_stock_list_in_sector
2026-07-07,2026-07-07 09:29:54,沪深ETF,1383,159181.SZ,SZ,xtdata.get_stock_list_in_sector
2026-07-07,2026-07-07 09:29:54,沪深ETF,1384,159169.SZ,SZ,xtdata.get_stock_list_in_sector
2026-07-07,2026-07-07 09:29:54,沪深ETF,1385,159572.SZ,SZ,xtdata.get_stock_list_in_sector
2026-07-07,2026-07-07 09:29:54,沪深ETF,1386,159506.SZ,SZ,xtdata.get_stock_list_in_sector
2026-07-07,2026-07-07 09:29:54,沪深ETF,1387,159385.SZ,SZ,xtdata.get_stock_list_in_sector
2026-07-07,2026-07-07 09:29:54,沪深ETF,1388,159776.SZ,SZ,xtdata.get_stock_list_in_sector
2026-07-07,2026-07-07 09:29:54,沪深ETF,1389,159600.SZ,SZ,xtdata.get_stock_list_in_sector
2026-07-07,2026-07-07 09:29:54,沪深ETF,1390,159287.SZ,SZ,xtdata.get_stock_list_in_sector
2026-07-07,2026-07-07 09:29:54,沪深ETF,1391,159711.SZ,SZ,xtdata.get_stock_list_in_sector
2026-07-07,2026-07-07 09:29:54,沪深ETF,1392,159396.SZ,SZ,xtdata.get_stock_list_in_sector
2026-07-07,2026-07-07 09:29:54,沪深ETF,1393,159613.SZ,SZ,xtdata.get_stock_list_in_sector
2026-07-07,2026-07-07 09:29:54,沪深ETF,1394,159208.SZ,SZ,xtdata.get_stock_list_in_sector
2026-07-07,2026-07-07 09:29:54,沪深ETF,1395,159667.SZ,SZ,xtdata.get_stock_list_in_sector
2026-07-07,2026-07-07 09:29:54,沪深ETF,1396,159561.SZ,SZ,xtdata.get_stock_list_in_sector
2026-07-07,2026-07-07 09:29:54,沪深ETF,1397,159515.SZ,SZ,xtdata.get_stock_list_in_sector
2026-07-07,2026-07-07 09:29:54,沪深ETF,1398,159838.SZ,SZ,xtdata.get_stock_list_in_sector
2026-07-07,2026-07-07 09:29:54,沪深ETF,1399,159589.SZ,SZ,xtdata.get_stock_list_in_sector
2026-07-07,2026-07-07 09:29:54,沪深ETF,1400,159192.SZ,SZ,xtdata.get_stock_list_in_sector
2026-07-07,2026-07-07 09:29:54,沪深ETF,1401,159635.SZ,SZ,xtdata.get_stock_list_in_sector
2026-07-07,2026-07-07 09:29:54,沪深ETF,1402,159641.SZ,SZ,xtdata.get_stock_list_in_sector
2026-07-07,2026-07-07 09:29:54,沪深ETF,1403,159358.SZ,SZ,xtdata.get_stock_list_in_sector
2026-07-07,2026-07-07 09:29:54,沪深ETF,1404,159743.SZ,SZ,xtdata.get_stock_list_in_sector
2026-07-07,2026-07-07 09:29:54,沪深ETF,1405,159547.SZ,SZ,xtdata.get_stock_list_in_sector
2026-07-07,2026-07-07 09:29:54,沪深ETF,1406,159533.SZ,SZ,xtdata.get_stock_list_in_sector
2026-07-07,2026-07-07 09:29:54,沪深ETF,1407,159128.SZ,SZ,xtdata.get_stock_list_in_sector
2026-07-07,2026-07-07 09:29:54,沪深ETF,1408,159968.SZ,SZ,xtdata.get_stock_list_in_sector
2026-07-07,2026-07-07 09:29:54,沪深ETF,1409,159980.SZ,SZ,xtdata.get_stock_list_in_sector
2026-07-07,2026-07-07 09:29:54,沪深ETF,1410,159891.SZ,SZ,xtdata.get_stock_list_in_sector
2026-07-07,2026-07-07 09:29:54,沪深ETF,1411,159520.SZ,SZ,xtdata.get_stock_list_in_sector
2026-07-07,2026-07-07 09:29:54,沪深ETF,1412,159039.SZ,SZ,xtdata.get_stock_list_in_sector
2026-07-07,2026-07-07 09:29:54,沪深ETF,1413,159993.SZ,SZ,xtdata.get_stock_list_in_sector
2026-07-07,2026-07-07 09:29:54,沪深ETF,1414,159249.SZ,SZ,xtdata.get_stock_list_in_sector
2026-07-07,2026-07-07 09:29:54,沪深ETF,1415,159652.SZ,SZ,xtdata.get_stock_list_in_sector
2026-07-07,2026-07-07 09:29:54,沪深ETF,1416,159750.SZ,SZ,xtdata.get_stock_list_in_sector
2026-07-07,2026-07-07 09:29:54,沪深ETF,1417,159110.SZ,SZ,xtdata.get_stock_list_in_sector
2026-07-07,2026-07-07 09:29:54,沪深ETF,1418,159852.SZ,SZ,xtdata.get_stock_list_in_sector
2026-07-07,2026-07-07 09:29:54,沪深ETF,1419,159597.SZ,SZ,xtdata.get_stock_list_in_sector
2026-07-07,2026-07-07 09:29:54,沪深ETF,1420,159012.SZ,SZ,xtdata.get_stock_list_in_sector
2026-07-07,2026-07-07 09:29:54,沪深ETF,1421,159066.SZ,SZ,xtdata.get_stock_list_in_sector
2026-07-07,2026-07-07 09:29:54,沪深ETF,1422,159691.SZ,SZ,xtdata.get_stock_list_in_sector
2026-07-07,2026-07-07 09:29:54,沪深ETF,1423,159679.SZ,SZ,xtdata.get_stock_list_in_sector
2026-07-07,2026-07-07 09:29:54,沪深ETF,1424,159262.SZ,SZ,xtdata.get_stock_list_in_sector
2026-07-07,2026-07-07 09:29:54,沪深ETF,1425,159216.SZ,SZ,xtdata.get_stock_list_in_sector
2026-07-07,2026-07-07 09:29:54,沪深ETF,1426,159360.SZ,SZ,xtdata.get_stock_list_in_sector
2026-07-07,2026-07-07 09:29:54,沪深ETF,1427,159388.SZ,SZ,xtdata.get_stock_list_in_sector
2026-07-07,2026-07-07 09:29:54,沪深ETF,1428,159793.SZ,SZ,xtdata.get_stock_list_in_sector
2026-07-07,2026-07-07 09:29:54,沪深ETF,1429,159271.SZ,SZ,xtdata.get_stock_list_in_sector
2026-07-07,2026-07-07 09:29:54,沪深ETF,1430,159205.SZ,SZ,xtdata.get_stock_list_in_sector
2026-07-07,2026-07-07 09:29:54,沪深ETF,1431,159299.SZ,SZ,xtdata.get_stock_list_in_sector
2026-07-07,2026-07-07 09:29:54,沪深ETF,1432,159682.SZ,SZ,xtdata.get_stock_list_in_sector
2026-07-07,2026-07-07 09:29:54,沪深ETF,1433,159780.SZ,SZ,xtdata.get_stock_list_in_sector
2026-07-07,2026-07-07 09:29:54,沪深ETF,1434,159768.SZ,SZ,xtdata.get_stock_list_in_sector
2026-07-07,2026-07-07 09:29:54,沪深ETF,1435,159373.SZ,SZ,xtdata.get_stock_list_in_sector
2026-07-07,2026-07-07 09:29:54,沪深ETF,1436,159307.SZ,SZ,xtdata.get_stock_list_in_sector
2026-07-07,2026-07-07 09:29:54,沪深ETF,1437,159841.SZ,SZ,xtdata.get_stock_list_in_sector
2026-07-07,2026-07-07 09:29:54,沪深ETF,1438,159835.SZ,SZ,xtdata.get_stock_list_in_sector
2026-07-07,2026-07-07 09:29:54,沪深ETF,1439,159103.SZ,SZ,xtdata.get_stock_list_in_sector
2026-07-07,2026-07-07 09:29:54,沪深ETF,1440,159518.SZ,SZ,xtdata.get_stock_list_in_sector
2026-07-07,2026-07-07 09:29:54,沪深ETF,1441,159177.SZ,SZ,xtdata.get_stock_list_in_sector
2026-07-07,2026-07-07 09:29:54,沪深ETF,1442,159001.SZ,SZ,xtdata.get_stock_list_in_sector
2026-07-07,2026-07-07 09:29:54,沪深ETF,1443,159943.SZ,SZ,xtdata.get_stock_list_in_sector
2026-07-07,2026-07-07 09:29:54,沪深ETF,1444,159937.SZ,SZ,xtdata.get_stock_list_in_sector
2026-07-07,2026-07-07 09:29:54,沪深ETF,1445,159355.SZ,SZ,xtdata.get_stock_list_in_sector
2026-07-07,2026-07-07 09:29:54,沪深ETF,1446,159321.SZ,SZ,xtdata.get_stock_list_in_sector
2026-07-07,2026-07-07 09:29:54,沪深ETF,1447,159257.SZ,SZ,xtdata.get_stock_list_in_sector
2026-07-07,2026-07-07 09:29:54,沪深ETF,1448,159223.SZ,SZ,xtdata.get_stock_list_in_sector
2026-07-07,2026-07-07 09:29:54,沪深ETF,1449,159638.SZ,SZ,xtdata.get_stock_list_in_sector
2026-07-07,2026-07-07 09:29:54,沪深ETF,1450,159027.SZ,SZ,xtdata.get_stock_list_in_sector
2026-07-07,2026-07-07 09:29:54,沪深ETF,1451,159053.SZ,SZ,xtdata.get_stock_list_in_sector
2026-07-07,2026-07-07 09:29:54,沪深ETF,1452,159965.SZ,SZ,xtdata.get_stock_list_in_sector
2026-07-07,2026-07-07 09:29:54,沪深ETF,1453,159867.SZ,SZ,xtdata.get_stock_list_in_sector
2026-07-07,2026-07-07 09:29:54,沪深ETF,1454,159813.SZ,SZ,xtdata.get_stock_list_in_sector
2026-07-07,2026-07-07 09:29:54,沪深ETF,1455,159125.SZ,SZ,xtdata.get_stock_list_in_sector
2026-07-07,2026-07-07 09:29:54,沪深ETF,1456,159151.SZ,SZ,xtdata.get_stock_list_in_sector
2026-07-07,2026-07-07 09:29:54,沪深ETF,1457,159976.SZ,SZ,xtdata.get_stock_list_in_sector
2026-07-07,2026-07-07 09:29:54,沪深ETF,1458,159902.SZ,SZ,xtdata.get_stock_list_in_sector
2026-07-07,2026-07-07 09:29:54,沪深ETF,1459,159040.SZ,SZ,xtdata.get_stock_list_in_sector
2026-07-07,2026-07-07 09:29:54,沪深ETF,1460,159136.SZ,SZ,xtdata.get_stock_list_in_sector
2026-07-07,2026-07-07 09:29:54,沪深ETF,1461,159559.SZ,SZ,xtdata.get_stock_list_in_sector
2026-07-07,2026-07-07 09:29:54,沪深ETF,1462,159142.SZ,SZ,xtdata.get_stock_list_in_sector
2026-07-07,2026-07-07 09:29:54,沪深ETF,1463,159800.SZ,SZ,xtdata.get_stock_list_in_sector
2026-07-07,2026-07-07 09:29:54,沪深ETF,1464,159332.SZ,SZ,xtdata.get_stock_list_in_sector
2026-07-07,2026-07-07 09:29:54,沪深ETF,1465,159729.SZ,SZ,xtdata.get_stock_list_in_sector
2026-07-07,2026-07-07 09:29:54,沪深ETF,1466,159230.SZ,SZ,xtdata.get_stock_list_in_sector
2026-07-07,2026-07-07 09:29:54,沪深ETF,1467,159910.SZ,SZ,xtdata.get_stock_list_in_sector
2026-07-07,2026-07-07 09:29:54,沪深ETF,1468,159964.SZ,SZ,xtdata.get_stock_list_in_sector
2026-07-07,2026-07-07 09:29:54,沪深ETF,1469,159052.SZ,SZ,xtdata.get_stock_list_in_sector
2026-07-07,2026-07-07 09:29:54,沪深ETF,1470,159026.SZ,SZ,xtdata.get_stock_list_in_sector
2026-07-07,2026-07-07 09:29:54,沪深ETF,1471,159150.SZ,SZ,xtdata.get_stock_list_in_sector
2026-07-07,2026-07-07 09:29:54,沪深ETF,1472,159812.SZ,SZ,xtdata.get_stock_list_in_sector
2026-07-07,2026-07-07 09:29:54,沪深ETF,1473,159866.SZ,SZ,xtdata.get_stock_list_in_sector
2026-07-07,2026-07-07 09:29:54,沪深ETF,1474,159320.SZ,SZ,xtdata.get_stock_list_in_sector
2026-07-07,2026-07-07 09:29:54,沪深ETF,1475,159639.SZ,SZ,xtdata.get_stock_list_in_sector
2026-07-07,2026-07-07 09:29:54,沪深ETF,1476,159222.SZ,SZ,xtdata.get_stock_list_in_sector
2026-07-07,2026-07-07 09:29:54,沪深ETF,1477,159256.SZ,SZ,xtdata.get_stock_list_in_sector
2026-07-07,2026-07-07 09:29:54,沪深ETF,1478,159728.SZ,SZ,xtdata.get_stock_list_in_sector
2026-07-07,2026-07-07 09:29:54,沪深ETF,1479,159333.SZ,SZ,xtdata.get_stock_list_in_sector
2026-07-07,2026-07-07 09:29:54,沪深ETF,1480,159231.SZ,SZ,xtdata.get_stock_list_in_sector
2026-07-07,2026-07-07 09:29:54,沪深ETF,1481,159245.SZ,SZ,xtdata.get_stock_list_in_sector
2026-07-07,2026-07-07 09:29:54,沪深ETF,1482,159041.SZ,SZ,xtdata.get_stock_list_in_sector
2026-07-07,2026-07-07 09:29:54,沪深ETF,1483,159035.SZ,SZ,xtdata.get_stock_list_in_sector
2026-07-07,2026-07-07 09:29:54,沪深ETF,1484,159903.SZ,SZ,xtdata.get_stock_list_in_sector
2026-07-07,2026-07-07 09:29:54,沪深ETF,1485,159977.SZ,SZ,xtdata.get_stock_list_in_sector
2026-07-07,2026-07-07 09:29:54,沪深ETF,1486,159801.SZ,SZ,xtdata.get_stock_list_in_sector
2026-07-07,2026-07-07 09:29:54,沪深ETF,1487,159875.SZ,SZ,xtdata.get_stock_list_in_sector
2026-07-07,2026-07-07 09:29:54,沪深ETF,1488,159143.SZ,SZ,xtdata.get_stock_list_in_sector
2026-07-07,2026-07-07 09:29:54,沪深ETF,1489,159558.SZ,SZ,xtdata.get_stock_list_in_sector
2026-07-07,2026-07-07 09:29:54,沪深ETF,1490,159137.SZ,SZ,xtdata.get_stock_list_in_sector
2026-07-07,2026-07-07 09:29:54,沪深ETF,1491,159217.SZ,SZ,xtdata.get_stock_list_in_sector
2026-07-07,2026-07-07 09:29:54,沪深ETF,1492,159263.SZ,SZ,xtdata.get_stock_list_in_sector
2026-07-07,2026-07-07 09:29:54,沪深ETF,1493,159678.SZ,SZ,xtdata.get_stock_list_in_sector
2026-07-07,2026-07-07 09:29:54,沪深ETF,1494,159690.SZ,SZ,xtdata.get_stock_list_in_sector
2026-07-07,2026-07-07 09:29:54,沪深ETF,1495,159792.SZ,SZ,xtdata.get_stock_list_in_sector
2026-07-07,2026-07-07 09:29:54,沪深ETF,1496,159389.SZ,SZ,xtdata.get_stock_list_in_sector
2026-07-07,2026-07-07 09:29:54,沪深ETF,1497,159315.SZ,SZ,xtdata.get_stock_list_in_sector
2026-07-07,2026-07-07 09:29:54,沪深ETF,1498,159361.SZ,SZ,xtdata.get_stock_list_in_sector
2026-07-07,2026-07-07 09:29:54,沪深ETF,1499,159827.SZ,SZ,xtdata.get_stock_list_in_sector
2026-07-07,2026-07-07 09:29:54,沪深ETF,1500,159596.SZ,SZ,xtdata.get_stock_list_in_sector
2026-07-07,2026-07-07 09:29:54,沪深ETF,1501,159165.SZ,SZ,xtdata.get_stock_list_in_sector
2026-07-07,2026-07-07 09:29:54,沪深ETF,1502,159111.SZ,SZ,xtdata.get_stock_list_in_sector
2026-07-07,2026-07-07 09:29:54,沪深ETF,1503,159013.SZ,SZ,xtdata.get_stock_list_in_sector
2026-07-07,2026-07-07 09:29:54,沪深ETF,1504,159925.SZ,SZ,xtdata.get_stock_list_in_sector
2026-07-07,2026-07-07 09:29:54,沪深ETF,1505,159176.SZ,SZ,xtdata.get_stock_list_in_sector
2026-07-07,2026-07-07 09:29:54,沪深ETF,1506,159519.SZ,SZ,xtdata.get_stock_list_in_sector
2026-07-07,2026-07-07 09:29:54,沪深ETF,1507,159102.SZ,SZ,xtdata.get_stock_list_in_sector
2026-07-07,2026-07-07 09:29:54,沪深ETF,1508,159834.SZ,SZ,xtdata.get_stock_list_in_sector
2026-07-07,2026-07-07 09:29:54,沪深ETF,1509,159840.SZ,SZ,xtdata.get_stock_list_in_sector
2026-07-07,2026-07-07 09:29:54,沪深ETF,1510,159936.SZ,SZ,xtdata.get_stock_list_in_sector
2026-07-07,2026-07-07 09:29:54,沪深ETF,1511,159298.SZ,SZ,xtdata.get_stock_list_in_sector
2026-07-07,2026-07-07 09:29:54,沪深ETF,1512,159270.SZ,SZ,xtdata.get_stock_list_in_sector
2026-07-07,2026-07-07 09:29:54,沪深ETF,1513,159306.SZ,SZ,xtdata.get_stock_list_in_sector
2026-07-07,2026-07-07 09:29:54,沪深ETF,1514,159372.SZ,SZ,xtdata.get_stock_list_in_sector
2026-07-07,2026-07-07 09:29:54,沪深ETF,1515,159781.SZ,SZ,xtdata.get_stock_list_in_sector
2026-07-07,2026-07-07 09:29:54,沪深ETF,1516,159883.SZ,SZ,xtdata.get_stock_list_in_sector
2026-07-07,2026-07-07 09:29:54,沪深ETF,1517,159129.SZ,SZ,xtdata.get_stock_list_in_sector
2026-07-07,2026-07-07 09:29:54,沪深ETF,1518,159532.SZ,SZ,xtdata.get_stock_list_in_sector
2026-07-07,2026-07-07 09:29:54,沪深ETF,1519,159546.SZ,SZ,xtdata.get_stock_list_in_sector
2026-07-07,2026-07-07 09:29:54,沪深ETF,1520,159981.SZ,SZ,xtdata.get_stock_list_in_sector
2026-07-07,2026-07-07 09:29:54,沪深ETF,1521,159640.SZ,SZ,xtdata.get_stock_list_in_sector
2026-07-07,2026-07-07 09:29:54,沪深ETF,1522,159742.SZ,SZ,xtdata.get_stock_list_in_sector
2026-07-07,2026-07-07 09:29:54,沪深ETF,1523,159359.SZ,SZ,xtdata.get_stock_list_in_sector
2026-07-07,2026-07-07 09:29:54,沪深ETF,1524,159736.SZ,SZ,xtdata.get_stock_list_in_sector
2026-07-07,2026-07-07 09:29:54,沪深ETF,1525,159653.SZ,SZ,xtdata.get_stock_list_in_sector
2026-07-07,2026-07-07 09:29:54,沪深ETF,1526,159248.SZ,SZ,xtdata.get_stock_list_in_sector
2026-07-07,2026-07-07 09:29:54,沪深ETF,1527,159627.SZ,SZ,xtdata.get_stock_list_in_sector
2026-07-07,2026-07-07 09:29:54,沪深ETF,1528,159751.SZ,SZ,xtdata.get_stock_list_in_sector
2026-07-07,2026-07-07 09:29:54,沪深ETF,1529,159725.SZ,SZ,xtdata.get_stock_list_in_sector
2026-07-07,2026-07-07 09:29:54,沪深ETF,1530,159890.SZ,SZ,xtdata.get_stock_list_in_sector
2026-07-07,2026-07-07 09:29:54,沪深ETF,1531,159521.SZ,SZ,xtdata.get_stock_list_in_sector
2026-07-07,2026-07-07 09:29:54,沪深ETF,1532,159555.SZ,SZ,xtdata.get_stock_list_in_sector
2026-07-07,2026-07-07 09:29:54,沪深ETF,1533,159038.SZ,SZ,xtdata.get_stock_list_in_sector
2026-07-07,2026-07-07 09:29:54,沪深ETF,1534,159992.SZ,SZ,xtdata.get_stock_list_in_sector
2026-07-07,2026-07-07 09:29:54,沪深ETF,1535,159777.SZ,SZ,xtdata.get_stock_list_in_sector
2026-07-07,2026-07-07 09:29:54,沪深ETF,1536,159318.SZ,SZ,xtdata.get_stock_list_in_sector
2026-07-07,2026-07-07 09:29:54,沪深ETF,1537,159703.SZ,SZ,xtdata.get_stock_list_in_sector
2026-07-07,2026-07-07 09:29:54,沪深ETF,1538,159286.SZ,SZ,xtdata.get_stock_list_in_sector
2026-07-07,2026-07-07 09:29:54,沪深ETF,1539,159675.SZ,SZ,xtdata.get_stock_list_in_sector
2026-07-07,2026-07-07 09:29:54,沪深ETF,1540,159601.SZ,SZ,xtdata.get_stock_list_in_sector
2026-07-07,2026-07-07 09:29:54,沪深ETF,1541,159928.SZ,SZ,xtdata.get_stock_list_in_sector
2026-07-07,2026-07-07 09:29:54,沪深ETF,1542,159507.SZ,SZ,xtdata.get_stock_list_in_sector
2026-07-07,2026-07-07 09:29:54,沪深ETF,1543,159573.SZ,SZ,xtdata.get_stock_list_in_sector
2026-07-07,2026-07-07 09:29:54,沪深ETF,1544,159168.SZ,SZ,xtdata.get_stock_list_in_sector
2026-07-07,2026-07-07 09:29:54,沪深ETF,1545,159180.SZ,SZ,xtdata.get_stock_list_in_sector
2026-07-07,2026-07-07 09:29:54,沪深ETF,1546,159079.SZ,SZ,xtdata.get_stock_list_in_sector
2026-07-07,2026-07-07 09:29:54,沪深ETF,1547,159839.SZ,SZ,xtdata.get_stock_list_in_sector
2026-07-07,2026-07-07 09:29:54,沪深ETF,1548,159193.SZ,SZ,xtdata.get_stock_list_in_sector
2026-07-07,2026-07-07 09:29:54,沪深ETF,1549,159588.SZ,SZ,xtdata.get_stock_list_in_sector
2026-07-07,2026-07-07 09:29:54,沪深ETF,1550,159560.SZ,SZ,xtdata.get_stock_list_in_sector
2026-07-07,2026-07-07 09:29:54,沪深ETF,1551,159397.SZ,SZ,xtdata.get_stock_list_in_sector
2026-07-07,2026-07-07 09:29:54,沪深ETF,1552,159666.SZ,SZ,xtdata.get_stock_list_in_sector
2026-07-07,2026-07-07 09:29:54,沪深ETF,1553,159209.SZ,SZ,xtdata.get_stock_list_in_sector
2026-07-07,2026-07-07 09:29:54,沪深ETF,1554,159612.SZ,SZ,xtdata.get_stock_list_in_sector
2026-07-07,2026-07-07 09:29:54,沪深ETF,1555,159295.SZ,SZ,xtdata.get_stock_list_in_sector
2026-07-07,2026-07-07 09:29:54,沪深ETF,1556,159757.SZ,SZ,xtdata.get_stock_list_in_sector
2026-07-07,2026-07-07 09:29:54,沪深ETF,1557,159723.SZ,SZ,xtdata.get_stock_list_in_sector
2026-07-07,2026-07-07 09:29:54,沪深ETF,1558,159338.SZ,SZ,xtdata.get_stock_list_in_sector
2026-07-07,2026-07-07 09:29:54,沪深ETF,1559,159655.SZ,SZ,xtdata.get_stock_list_in_sector
2026-07-07,2026-07-07 09:29:54,沪深ETF,1560,159621.SZ,SZ,xtdata.get_stock_list_in_sector
2026-07-07,2026-07-07 09:29:54,沪深ETF,1561,159994.SZ,SZ,xtdata.get_stock_list_in_sector
2026-07-07,2026-07-07 09:29:54,沪深ETF,1562,159908.SZ,SZ,xtdata.get_stock_list_in_sector
2026-07-07,2026-07-07 09:29:54,沪深ETF,1563,159896.SZ,SZ,xtdata.get_stock_list_in_sector
2026-07-07,2026-07-07 09:29:54,沪深ETF,1564,159527.SZ,SZ,xtdata.get_stock_list_in_sector
2026-07-07,2026-07-07 09:29:54,沪深ETF,1565,159148.SZ,SZ,xtdata.get_stock_list_in_sector
2026-07-07,2026-07-07 09:29:54,沪深ETF,1566,159553.SZ,SZ,xtdata.get_stock_list_in_sector
2026-07-07,2026-07-07 09:29:54,沪深ETF,1567,159059.SZ,SZ,xtdata.get_stock_list_in_sector
2026-07-07,2026-07-07 09:29:54,沪深ETF,1568,159885.SZ,SZ,xtdata.get_stock_list_in_sector
2026-07-07,2026-07-07 09:29:54,沪深ETF,1569,159540.SZ,SZ,xtdata.get_stock_list_in_sector
2026-07-07,2026-07-07 09:29:54,沪深ETF,1570,159819.SZ,SZ,xtdata.get_stock_list_in_sector
2026-07-07,2026-07-07 09:29:54,沪深ETF,1571,159730.SZ,SZ,xtdata.get_stock_list_in_sector
2026-07-07,2026-07-07 09:29:54,沪深ETF,1572,159632.SZ,SZ,xtdata.get_stock_list_in_sector
2026-07-07,2026-07-07 09:29:54,沪深ETF,1573,159229.SZ,SZ,xtdata.get_stock_list_in_sector
2026-07-07,2026-07-07 09:29:54,沪深ETF,1574,159512.SZ,SZ,xtdata.get_stock_list_in_sector
2026-07-07,2026-07-07 09:29:54,沪深ETF,1575,159109.SZ,SZ,xtdata.get_stock_list_in_sector
2026-07-07,2026-07-07 09:29:54,沪深ETF,1576,159566.SZ,SZ,xtdata.get_stock_list_in_sector
2026-07-07,2026-07-07 09:29:54,沪深ETF,1577,159195.SZ,SZ,xtdata.get_stock_list_in_sector
2026-07-07,2026-07-07 09:29:54,沪深ETF,1578,159949.SZ,SZ,xtdata.get_stock_list_in_sector
2026-07-07,2026-07-07 09:29:54,沪深ETF,1579,159688.SZ,SZ,xtdata.get_stock_list_in_sector
2026-07-07,2026-07-07 09:29:54,沪深ETF,1580,159293.SZ,SZ,xtdata.get_stock_list_in_sector
2026-07-07,2026-07-07 09:29:54,沪深ETF,1581,159660.SZ,SZ,xtdata.get_stock_list_in_sector
2026-07-07,2026-07-07 09:29:54,沪深ETF,1582,159379.SZ,SZ,xtdata.get_stock_list_in_sector
2026-07-07,2026-07-07 09:29:54,沪深ETF,1583,159716.SZ,SZ,xtdata.get_stock_list_in_sector
2026-07-07,2026-07-07 09:29:54,沪深ETF,1584,159391.SZ,SZ,xtdata.get_stock_list_in_sector
2026-07-07,2026-07-07 09:29:54,沪深ETF,1585,159268.SZ,SZ,xtdata.get_stock_list_in_sector
2026-07-07,2026-07-07 09:29:54,沪深ETF,1586,159673.SZ,SZ,xtdata.get_stock_list_in_sector
2026-07-07,2026-07-07 09:29:54,沪深ETF,1587,159607.SZ,SZ,xtdata.get_stock_list_in_sector
2026-07-07,2026-07-07 09:29:54,沪深ETF,1588,159280.SZ,SZ,xtdata.get_stock_list_in_sector
2026-07-07,2026-07-07 09:29:54,沪深ETF,1589,159382.SZ,SZ,xtdata.get_stock_list_in_sector
2026-07-07,2026-07-07 09:29:54,沪深ETF,1590,159858.SZ,SZ,xtdata.get_stock_list_in_sector
2026-07-07,2026-07-07 09:29:54,沪深ETF,1591,159186.SZ,SZ,xtdata.get_stock_list_in_sector
2026-07-07,2026-07-07 09:29:54,沪深ETF,1592,159501.SZ,SZ,xtdata.get_stock_list_in_sector
2026-07-07,2026-07-07 09:29:54,沪深ETF,1593,159575.SZ,SZ,xtdata.get_stock_list_in_sector
2026-07-07,2026-07-07 09:29:54,沪深ETF,1594,159018.SZ,SZ,xtdata.get_stock_list_in_sector
2026-07-07,2026-07-07 09:29:54,沪深ETF,1595,159237.SZ,SZ,xtdata.get_stock_list_in_sector
2026-07-07,2026-07-07 09:29:54,沪深ETF,1596,159658.SZ,SZ,xtdata.get_stock_list_in_sector
2026-07-07,2026-07-07 09:29:54,沪深ETF,1597,159243.SZ,SZ,xtdata.get_stock_list_in_sector
2026-07-07,2026-07-07 09:29:54,沪深ETF,1598,159335.SZ,SZ,xtdata.get_stock_list_in_sector
2026-07-07,2026-07-07 09:29:54,沪深ETF,1599,159145.SZ,SZ,xtdata.get_stock_list_in_sector
2026-07-07,2026-07-07 09:29:54,沪深ETF,1600,159131.SZ,SZ,xtdata.get_stock_list_in_sector
2026-07-07,2026-07-07 09:29:54,沪深ETF,1601,159807.SZ,SZ,xtdata.get_stock_list_in_sector
2026-07-07,2026-07-07 09:29:54,沪深ETF,1602,159873.SZ,SZ,xtdata.get_stock_list_in_sector
2026-07-07,2026-07-07 09:29:54,沪深ETF,1603,159905.SZ,SZ,xtdata.get_stock_list_in_sector
2026-07-07,2026-07-07 09:29:54,沪深ETF,1604,159971.SZ,SZ,xtdata.get_stock_list_in_sector
2026-07-07,2026-07-07 09:29:54,沪深ETF,1605,159033.SZ,SZ,xtdata.get_stock_list_in_sector
2026-07-07,2026-07-07 09:29:54,沪深ETF,1606,159814.SZ,SZ,xtdata.get_stock_list_in_sector
2026-07-07,2026-07-07 09:29:54,沪深ETF,1607,159156.SZ,SZ,xtdata.get_stock_list_in_sector
2026-07-07,2026-07-07 09:29:54,沪深ETF,1608,159888.SZ,SZ,xtdata.get_stock_list_in_sector
2026-07-07,2026-07-07 09:29:54,沪深ETF,1609,159122.SZ,SZ,xtdata.get_stock_list_in_sector
2026-07-07,2026-07-07 09:29:54,沪深ETF,1610,159539.SZ,SZ,xtdata.get_stock_list_in_sector
2026-07-07,2026-07-07 09:29:54,沪深ETF,1611,159020.SZ,SZ,xtdata.get_stock_list_in_sector
2026-07-07,2026-07-07 09:29:54,沪深ETF,1612,159916.SZ,SZ,xtdata.get_stock_list_in_sector
2026-07-07,2026-07-07 09:29:54,沪深ETF,1613,159326.SZ,SZ,xtdata.get_stock_list_in_sector
2026-07-07,2026-07-07 09:29:54,沪深ETF,1614,159352.SZ,SZ,xtdata.get_stock_list_in_sector
2026-07-07,2026-07-07 09:29:54,沪深ETF,1615,159930.SZ,SZ,xtdata.get_stock_list_in_sector
2026-07-07,2026-07-07 09:29:54,沪深ETF,1616,159944.SZ,SZ,xtdata.get_stock_list_in_sector
2026-07-07,2026-07-07 09:29:54,沪深ETF,1617,159198.SZ,SZ,xtdata.get_stock_list_in_sector
2026-07-07,2026-07-07 09:29:54,沪深ETF,1618,159583.SZ,SZ,xtdata.get_stock_list_in_sector
2026-07-07,2026-07-07 09:29:54,沪深ETF,1619,159170.SZ,SZ,xtdata.get_stock_list_in_sector
2026-07-07,2026-07-07 09:29:54,沪深ETF,1620,159787.SZ,SZ,xtdata.get_stock_list_in_sector
2026-07-07,2026-07-07 09:29:54,沪深ETF,1621,159300.SZ,SZ,xtdata.get_stock_list_in_sector
2026-07-07,2026-07-07 09:29:54,沪深ETF,1622,159202.SZ,SZ,xtdata.get_stock_list_in_sector
2026-07-07,2026-07-07 09:29:54,沪深ETF,1623,159619.SZ,SZ,xtdata.get_stock_list_in_sector
2026-07-07,2026-07-07 09:29:54,沪深ETF,1624,159276.SZ,SZ,xtdata.get_stock_list_in_sector
2026-07-07,2026-07-07 09:29:54,沪深ETF,1625,159685.SZ,SZ,xtdata.get_stock_list_in_sector
2026-07-07,2026-07-07 09:29:54,沪深ETF,1626,159708.SZ,SZ,xtdata.get_stock_list_in_sector
2026-07-07,2026-07-07 09:29:54,沪深ETF,1627,159367.SZ,SZ,xtdata.get_stock_list_in_sector
2026-07-07,2026-07-07 09:29:54,沪深ETF,1628,159696.SZ,SZ,xtdata.get_stock_list_in_sector
2026-07-07,2026-07-07 09:29:54,沪深ETF,1629,159211.SZ,SZ,xtdata.get_stock_list_in_sector
2026-07-07,2026-07-07 09:29:54,沪深ETF,1630,159265.SZ,SZ,xtdata.get_stock_list_in_sector
2026-07-07,2026-07-07 09:29:54,沪深ETF,1631,159923.SZ,SZ,xtdata.get_stock_list_in_sector
2026-07-07,2026-07-07 09:29:54,沪深ETF,1632,159957.SZ,SZ,xtdata.get_stock_list_in_sector
2026-07-07,2026-07-07 09:29:54,沪深ETF,1633,159061.SZ,SZ,xtdata.get_stock_list_in_sector
2026-07-07,2026-07-07 09:29:54,沪深ETF,1634,159015.SZ,SZ,xtdata.get_stock_list_in_sector
2026-07-07,2026-07-07 09:29:54,沪深ETF,1635,159578.SZ,SZ,xtdata.get_stock_list_in_sector
2026-07-07,2026-07-07 09:29:54,沪深ETF,1636,159163.SZ,SZ,xtdata.get_stock_list_in_sector
2026-07-07,2026-07-07 09:29:54,沪深ETF,1637,159117.SZ,SZ,xtdata.get_stock_list_in_sector
2026-07-07,2026-07-07 09:29:54,沪深ETF,1638,159821.SZ,SZ,xtdata.get_stock_list_in_sector
2026-07-07,2026-07-07 09:29:54,沪深ETF,1639,159590.SZ,SZ,xtdata.get_stock_list_in_sector
2026-07-07,2026-07-07 09:29:54,沪深ETF,1640,159855.SZ,SZ,xtdata.get_stock_list_in_sector
2026-07-07,2026-07-07 09:29:54,沪市ETF,1,560923.SH,SH,xtdata.get_stock_list_in_sector
2026-07-07,2026-07-07 09:29:54,沪市ETF,2,589820.SH,SH,xtdata.get_stock_list_in_sector
2026-07-07,2026-07-07 09:29:54,沪市ETF,3,512260.SH,SH,xtdata.get_stock_list_in_sector
2026-07-07,2026-07-07 09:29:54,沪市ETF,4,520610.SH,SH,xtdata.get_stock_list_in_sector
2026-07-07,2026-07-07 09:29:54,沪市ETF,5,511930.SH,SH,xtdata.get_stock_list_in_sector
2026-07-07,2026-07-07 09:29:54,沪市ETF,6,562000.SH,SH,xtdata.get_stock_list_in_sector
2026-07-07,2026-07-07 09:29:54,沪市ETF,7,563680.SH,SH,xtdata.get_stock_list_in_sector
2026-07-07,2026-07-07 09:29:54,沪市ETF,8,589060.SH,SH,xtdata.get_stock_list_in_sector
2026-07-07,2026-07-07 09:29:54,沪市ETF,9,560590.SH,SH,xtdata.get_stock_list_in_sector
2026-07-07,2026-07-07 09:29:54,沪市ETF,10,561310.SH,SH,xtdata.get_stock_list_in_sector
2026-07-07,2026-07-07 09:29:54,沪市ETF,11,589210.SH,SH,xtdata.get_stock_list_in_sector
2026-07-07,2026-07-07 09:29:54,沪市ETF,12,518800.SH,SH,xtdata.get_stock_list_in_sector
2026-07-07,2026-07-07 09:29:54,沪市ETF,13,561160.SH,SH,xtdata.get_stock_list_in_sector
2026-07-07,2026-07-07 09:29:54,沪市ETF,14,517520.SH,SH,xtdata.get_stock_list_in_sector
2026-07-07,2026-07-07 09:29:54,沪市ETF,15,510580.SH,SH,xtdata.get_stock_list_in_sector
2026-07-07,2026-07-07 09:29:54,沪市ETF,16,513690.SH,SH,xtdata.get_stock_list_in_sector
2026-07-07,2026-07-07 09:29:54,沪市ETF,17,561920.SH,SH,xtdata.get_stock_list_in_sector
2026-07-07,2026-07-07 09:29:54,沪市ETF,18,512010.SH,SH,xtdata.get_stock_list_in_sector
2026-07-07,2026-07-07 09:29:54,沪市ETF,19,515450.SH,SH,xtdata.get_stock_list_in_sector
2026-07-07,2026-07-07 09:29:54,沪市ETF,20,563010.SH,SH,xtdata.get_stock_list_in_sector
2026-07-07,2026-07-07 09:29:54,沪市ETF,21,588070.SH,SH,xtdata.get_stock_list_in_sector
2026-07-07,2026-07-07 09:29:54,沪市ETF,22,561580.SH,SH,xtdata.get_stock_list_in_sector
2026-07-07,2026-07-07 09:29:54,沪市ETF,23,560300.SH,SH,xtdata.get_stock_list_in_sector
2026-07-07,2026-07-07 09:29:54,沪市ETF,24,510160.SH,SH,xtdata.get_stock_list_in_sector
2026-07-07,2026-07-07 09:29:54,沪市ETF,25,563850.SH,SH,xtdata.get_stock_list_in_sector
2026-07-07,2026-07-07 09:29:54,沪市ETF,26,588830.SH,SH,xtdata.get_stock_list_in_sector
2026-07-07,2026-07-07 09:29:54,沪市ETF,27,510310.SH,SH,xtdata.get_stock_list_in_sector
2026-07-07,2026-07-07 09:29:54,沪市ETF,28,512680.SH,SH,xtdata.get_stock_list_in_sector
2026-07-07,2026-07-07 09:29:54,沪市ETF,29,513000.SH,SH,xtdata.get_stock_list_in_sector
2026-07-07,2026-07-07 09:29:54,沪市ETF,30,560930.SH,SH,xtdata.get_stock_list_in_sector
2026-07-07,2026-07-07 09:29:54,沪市ETF,31,530380.SH,SH,xtdata.get_stock_list_in_sector
2026-07-07,2026-07-07 09:29:54,沪市ETF,32,588200.SH,SH,xtdata.get_stock_list_in_sector
2026-07-07,2026-07-07 09:29:54,沪市ETF,33,560170.SH,SH,xtdata.get_stock_list_in_sector
2026-07-07,2026-07-07 09:29:54,沪市ETF,34,516530.SH,SH,xtdata.get_stock_list_in_sector
2026-07-07,2026-07-07 09:29:54,沪市ETF,35,520990.SH,SH,xtdata.get_stock_list_in_sector
2026-07-07,2026-07-07 09:29:54,沪市ETF,36,517090.SH,SH,xtdata.get_stock_list_in_sector
2026-07-07,2026-07-07 09:29:54,沪市ETF,37,588120.SH,SH,xtdata.get_stock_list_in_sector
2026-07-07,2026-07-07 09:29:54,沪市ETF,38,516610.SH,SH,xtdata.get_stock_list_in_sector
2026-07-07,2026-07-07 09:29:54,沪市ETF,39,560250.SH,SH,xtdata.get_stock_list_in_sector
2026-07-07,2026-07-07 09:29:54,沪市ETF,40,589353.SH,SH,xtdata.get_stock_list_in_sector
2026-07-07,2026-07-07 09:29:54,沪市ETF,41,561023.SH,SH,xtdata.get_stock_list_in_sector
2026-07-07,2026-07-07 09:29:54,沪市ETF,42,588960.SH,SH,xtdata.get_stock_list_in_sector
2026-07-07,2026-07-07 09:29:54,沪市ETF,43,513320.SH,SH,xtdata.get_stock_list_in_sector
2026-07-07,2026-07-07 09:29:54,沪市ETF,44,563900.SH,SH,xtdata.get_stock_list_in_sector
2026-07-07,2026-07-07 09:29:54,沪市ETF,45,510030.SH,SH,xtdata.get_stock_list_in_sector
2026-07-07,2026-07-07 09:29:54,沪市ETF,46,560860.SH,SH,xtdata.get_stock_list_in_sector
2026-07-07,2026-07-07 09:29:54,沪市ETF,47,513150.SH,SH,xtdata.get_stock_list_in_sector
2026-07-07,2026-07-07 09:29:54,沪市ETF,48,520753.SH,SH,xtdata.get_stock_list_in_sector
2026-07-07,2026-07-07 09:29:54,沪市ETF,49,588350.SH,SH,xtdata.get_stock_list_in_sector
2026-07-07,2026-07-07 09:29:54,沪市ETF,50,513910.SH,SH,xtdata.get_stock_list_in_sector
2026-07-07,2026-07-07 09:29:54,沪市ETF,51,516460.SH,SH,xtdata.get_stock_list_in_sector
2026-07-07,2026-07-07 09:29:54,沪市ETF,52,560020.SH,SH,xtdata.get_stock_list_in_sector
2026-07-07,2026-07-07 09:29:54,沪市ETF,53,563330.SH,SH,xtdata.get_stock_list_in_sector
2026-07-07,2026-07-07 09:29:54,沪市ETF,54,515770.SH,SH,xtdata.get_stock_list_in_sector
2026-07-07,2026-07-07 09:29:54,沪市ETF,55,561253.SH,SH,xtdata.get_stock_list_in_sector
2026-07-07,2026-07-07 09:29:54,沪市ETF,56,512330.SH,SH,xtdata.get_stock_list_in_sector
2026-07-07,2026-07-07 09:29:54,沪市ETF,57,511020.SH,SH,xtdata.get_stock_list_in_sector
2026-07-07,2026-07-07 09:29:54,沪市ETF,58,562910.SH,SH,xtdata.get_stock_list_in_sector
2026-07-07,2026-07-07 09:29:54,沪市ETF,59,516080.SH,SH,xtdata.get_stock_list_in_sector
2026-07-07,2026-07-07 09:29:54,沪市ETF,60,589130.SH,SH,xtdata.get_stock_list_in_sector
2026-07-07,2026-07-07 09:29:54,沪市ETF,61,511860.SH,SH,xtdata.get_stock_list_in_sector
2026-07-07,2026-07-07 09:29:54,沪市ETF,62,515390.SH,SH,xtdata.get_stock_list_in_sector
2026-07-07,2026-07-07 09:29:54,沪市ETF,63,561030.SH,SH,xtdata.get_stock_list_in_sector
2026-07-07,2026-07-07 09:29:54,沪市ETF,64,512900.SH,SH,xtdata.get_stock_list_in_sector
2026-07-07,2026-07-07 09:29:54,沪市ETF,65,562320.SH,SH,xtdata.get_stock_list_in_sector
2026-07-07,2026-07-07 09:29:54,沪市ETF,66,520530.SH,SH,xtdata.get_stock_list_in_sector
2026-07-07,2026-07-07 09:29:54,沪市ETF,67,512140.SH,SH,xtdata.get_stock_list_in_sector
2026-07-07,2026-07-07 09:29:54,沪市ETF,68,561870.SH,SH,xtdata.get_stock_list_in_sector
2026-07-07,2026-07-07 09:29:54,沪市ETF,69,510290.SH,SH,xtdata.get_stock_list_in_sector
2026-07-07,2026-07-07 09:29:54,沪市ETF,70,513180.SH,SH,xtdata.get_stock_list_in_sector
2026-07-07,2026-07-07 09:29:54,沪市ETF,71,512700.SH,SH,xtdata.get_stock_list_in_sector
2026-07-07,2026-07-07 09:29:54,沪市ETF,72,562560.SH,SH,xtdata.get_stock_list_in_sector
2026-07-07,2026-07-07 09:29:54,沪市ETF,73,589500.SH,SH,xtdata.get_stock_list_in_sector
2026-07-07,2026-07-07 09:29:54,沪市ETF,74,588380.SH,SH,xtdata.get_stock_list_in_sector
2026-07-07,2026-07-07 09:29:54,沪市ETF,75,560280.SH,SH,xtdata.get_stock_list_in_sector
2026-07-07,2026-07-07 09:29:54,沪市ETF,76,589770.SH,SH,xtdata.get_stock_list_in_sector
2026-07-07,2026-07-07 09:29:54,沪市ETF,77,520940.SH,SH,xtdata.get_stock_list_in_sector
2026-07-07,2026-07-07 09:29:54,沪市ETF,78,511660.SH,SH,xtdata.get_stock_list_in_sector
2026-07-07,2026-07-07 09:29:54,沪市ETF,79,512570.SH,SH,xtdata.get_stock_list_in_sector
2026-07-07,2026-07-07 09:29:54,沪市ETF,80,517800.SH,SH,xtdata.get_stock_list_in_sector
2026-07-07,2026-07-07 09:29:54,沪市ETF,81,561413.SH,SH,xtdata.get_stock_list_in_sector
2026-07-07,2026-07-07 09:29:54,沪市ETF,82,563570.SH,SH,xtdata.get_stock_list_in_sector
2026-07-07,2026-07-07 09:29:54,沪市ETF,83,515130.SH,SH,xtdata.get_stock_list_in_sector
2026-07-07,2026-07-07 09:29:54,沪市ETF,84,588510.SH,SH,xtdata.get_stock_list_in_sector
2026-07-07,2026-07-07 09:29:54,沪市ETF,85,516220.SH,SH,xtdata.get_stock_list_in_sector
2026-07-07,2026-07-07 09:29:54,沪市ETF,86,560660.SH,SH,xtdata.get_stock_list_in_sector
2026-07-07,2026-07-07 09:29:54,沪市ETF,87,515970.SH,SH,xtdata.get_stock_list_in_sector
2026-07-07,2026-07-07 09:29:54,沪市ETF,88,512190.SH,SH,xtdata.get_stock_list_in_sector
2026-07-07,2026-07-07 09:29:54,沪市ETF,89,510670.SH,SH,xtdata.get_stock_list_in_sector
2026-07-07,2026-07-07 09:29:54,沪市ETF,90,516810.SH,SH,xtdata.get_stock_list_in_sector
2026-07-07,2026-07-07 09:29:54,沪市ETF,91,513560.SH,SH,xtdata.get_stock_list_in_sector
2026-07-07,2026-07-07 09:29:54,沪市ETF,92,520790.SH,SH,xtdata.get_stock_list_in_sector
2026-07-07,2026-07-07 09:29:54,沪市ETF,93,563700.SH,SH,xtdata.get_stock_list_in_sector
2026-07-07,2026-07-07 09:29:54,沪市ETF,94,588760.SH,SH,xtdata.get_stock_list_in_sector
2026-07-07,2026-07-07 09:29:54,沪市ETF,95,516050.SH,SH,xtdata.get_stock_list_in_sector
2026-07-07,2026-07-07 09:29:54,沪市ETF,96,560410.SH,SH,xtdata.get_stock_list_in_sector
2026-07-07,2026-07-07 09:29:54,沪市ETF,97,512880.SH,SH,xtdata.get_stock_list_in_sector
2026-07-07,2026-07-07 09:29:54,沪市ETF,98,516370.SH,SH,xtdata.get_stock_list_in_sector
2026-07-07,2026-07-07 09:29:54,沪市ETF,99,515060.SH,SH,xtdata.get_stock_list_in_sector
2026-07-07,2026-07-07 09:29:54,沪市ETF,100,510550.SH,SH,xtdata.get_stock_list_in_sector
2026-07-07,2026-07-07 09:29:54,沪市ETF,101,510720.SH,SH,xtdata.get_stock_list_in_sector
2026-07-07,2026-07-07 09:29:54,沪市ETF,102,562890.SH,SH,xtdata.get_stock_list_in_sector
2026-07-07,2026-07-07 09:29:54,沪市ETF,103,516100.SH,SH,xtdata.get_stock_list_in_sector
2026-07-07,2026-07-07 09:29:54,沪市ETF,104,515210.SH,SH,xtdata.get_stock_list_in_sector
2026-07-07,2026-07-07 09:29:54,沪市ETF,105,563650.SH,SH,xtdata.get_stock_list_in_sector
2026-07-07,2026-07-07 09:29:54,沪市ETF,106,512650.SH,SH,xtdata.get_stock_list_in_sector
2026-07-07,2026-07-07 09:29:54,沪市ETF,107,518600.SH,SH,xtdata.get_stock_list_in_sector
2026-07-07,2026-07-07 09:29:54,沪市ETF,108,513890.SH,SH,xtdata.get_stock_list_in_sector
2026-07-07,2026-07-07 09:29:54,沪市ETF,109,517360.SH,SH,xtdata.get_stock_list_in_sector
2026-07-07,2026-07-07 09:29:54,沪市ETF,110,520810.SH,SH,xtdata.get_stock_list_in_sector
2026-07-07,2026-07-07 09:29:54,沪市ETF,111,516790.SH,SH,xtdata.get_stock_list_in_sector
2026-07-07,2026-07-07 09:29:54,沪市ETF,112,561550.SH,SH,xtdata.get_stock_list_in_sector
2026-07-07,2026-07-07 09:29:54,沪市ETF,113,517110.SH,SH,xtdata.get_stock_list_in_sector
2026-07-07,2026-07-07 09:29:54,沪市ETF,114,515480.SH,SH,xtdata.get_stock_list_in_sector
2026-07-07,2026-07-07 09:29:54,沪市ETF,115,517950.SH,SH,xtdata.get_stock_list_in_sector
2026-07-07,2026-07-07 09:29:54,沪市ETF,116,563880.SH,SH,xtdata.get_stock_list_in_sector
2026-07-07,2026-07-07 09:29:54,沪市ETF,117,588460.SH,SH,xtdata.get_stock_list_in_sector
2026-07-07,2026-07-07 09:29:54,沪市ETF,118,561190.SH,SH,xtdata.get_stock_list_in_sector
2026-07-07,2026-07-07 09:29:54,沪市ETF,119,560710.SH,SH,xtdata.get_stock_list_in_sector
2026-07-07,2026-07-07 09:29:54,沪市ETF,120,516350.SH,SH,xtdata.get_stock_list_in_sector
2026-07-07,2026-07-07 09:29:54,沪市ETF,121,515800.SH,SH,xtdata.get_stock_list_in_sector
2026-07-07,2026-07-07 09:29:54,沪市ETF,122,510570.SH,SH,xtdata.get_stock_list_in_sector
2026-07-07,2026-07-07 09:29:54,沪市ETF,123,512413.SH,SH,xtdata.get_stock_list_in_sector
2026-07-07,2026-07-07 09:29:54,沪市ETF,124,513660.SH,SH,xtdata.get_stock_list_in_sector
2026-07-07,2026-07-07 09:29:54,沪市ETF,125,511180.SH,SH,xtdata.get_stock_list_in_sector
2026-07-07,2026-07-07 09:29:54,沪市ETF,126,512290.SH,SH,xtdata.get_stock_list_in_sector
2026-07-07,2026-07-07 09:29:54,沪市ETF,127,516960.SH,SH,xtdata.get_stock_list_in_sector
2026-07-07,2026-07-07 09:29:54,沪市ETF,128,515230.SH,SH,xtdata.get_stock_list_in_sector
2026-07-07,2026-07-07 09:29:54,沪市ETF,129,563670.SH,SH,xtdata.get_stock_list_in_sector
2026-07-07,2026-07-07 09:29:54,沪市ETF,130,561394.SH,SH,xtdata.get_stock_list_in_sector
2026-07-07,2026-07-07 09:29:54,沪市ETF,131,560560.SH,SH,xtdata.get_stock_list_in_sector
2026-07-07,2026-07-07 09:29:54,沪市ETF,132,516120.SH,SH,xtdata.get_stock_list_in_sector
2026-07-07,2026-07-07 09:29:54,沪市ETF,133,589090.SH,SH,xtdata.get_stock_list_in_sector
2026-07-07,2026-07-07 09:29:54,沪市ETF,134,512670.SH,SH,xtdata.get_stock_list_in_sector
2026-07-07,2026-07-07 09:29:54,沪市ETF,135,560180.SH,SH,xtdata.get_stock_list_in_sector
2026-07-07,2026-07-07 09:29:54,沪市ETF,136,561700.SH,SH,xtdata.get_stock_list_in_sector
2026-07-07,2026-07-07 09:29:54,沪市ETF,137,562660.SH,SH,xtdata.get_stock_list_in_sector
2026-07-07,2026-07-07 09:29:54,沪市ETF,138,520830.SH,SH,xtdata.get_stock_list_in_sector
2026-07-07,2026-07-07 09:29:54,沪市ETF,139,530100.SH,SH,xtdata.get_stock_list_in_sector
2026-07-07,2026-07-07 09:29:54,沪市ETF,140,589600.SH,SH,xtdata.get_stock_list_in_sector
2026-07-07,2026-07-07 09:29:54,沪市ETF,141,561570.SH,SH,xtdata.get_stock_list_in_sector
2026-07-07,2026-07-07 09:29:54,沪市ETF,142,517130.SH,SH,xtdata.get_stock_list_in_sector
2026-07-07,2026-07-07 09:29:54,沪市ETF,143,588080.SH,SH,xtdata.get_stock_list_in_sector
2026-07-07,2026-07-07 09:29:54,沪市ETF,144,510190.SH,SH,xtdata.get_stock_list_in_sector
2026-07-07,2026-07-07 09:29:54,沪市ETF,145,513280.SH,SH,xtdata.get_stock_list_in_sector
2026-07-07,2026-07-07 09:29:54,沪市ETF,146,512400.SH,SH,xtdata.get_stock_list_in_sector
2026-07-07,2026-07-07 09:29:54,沪市ETF,147,512720.SH,SH,xtdata.get_stock_list_in_sector
2026-07-07,2026-07-07 09:29:54,沪市ETF,148,589520.SH,SH,xtdata.get_stock_list_in_sector
2026-07-07,2026-07-07 09:29:54,沪市ETF,149,561624.SH,SH,xtdata.get_stock_list_in_sector
2026-07-07,2026-07-07 09:29:54,沪市ETF,150,530050.SH,SH,xtdata.get_stock_list_in_sector
2026-07-07,2026-07-07 09:29:54,沪市ETF,151,520960.SH,SH,xtdata.get_stock_list_in_sector
2026-07-07,2026-07-07 09:29:54,沪市ETF,152,510880.SH,SH,xtdata.get_stock_list_in_sector
2026-07-07,2026-07-07 09:29:54,沪市ETF,153,588990.SH,SH,xtdata.get_stock_list_in_sector
2026-07-07,2026-07-07 09:29:54,沪市ETF,154,512550.SH,SH,xtdata.get_stock_list_in_sector
2026-07-07,2026-07-07 09:29:54,沪市ETF,155,516200.SH,SH,xtdata.get_stock_list_in_sector
2026-07-07,2026-07-07 09:29:54,沪市ETF,156,561433.SH,SH,xtdata.get_stock_list_in_sector
2026-07-07,2026-07-07 09:29:54,沪市ETF,157,563550.SH,SH,xtdata.get_stock_list_in_sector
2026-07-07,2026-07-07 09:29:54,沪市ETF,158,515110.SH,SH,xtdata.get_stock_list_in_sector
2026-07-07,2026-07-07 09:29:54,沪市ETF,159,561880.SH,SH,xtdata.get_stock_list_in_sector
2026-07-07,2026-07-07 09:29:54,沪市ETF,160,513730.SH,SH,xtdata.get_stock_list_in_sector
2026-07-07,2026-07-07 09:29:54,沪市ETF,161,515950.SH,SH,xtdata.get_stock_list_in_sector
2026-07-07,2026-07-07 09:29:54,沪市ETF,162,516830.SH,SH,xtdata.get_stock_list_in_sector
2026-07-07,2026-07-07 09:29:54,沪市ETF,163,589980.SH,SH,xtdata.get_stock_list_in_sector
2026-07-07,2026-07-07 09:29:54,沪市ETF,164,510650.SH,SH,xtdata.get_stock_list_in_sector
2026-07-07,2026-07-07 09:29:54,沪市ETF,165,516070.SH,SH,xtdata.get_stock_list_in_sector
2026-07-07,2026-07-07 09:29:54,沪市ETF,166,515360.SH,SH,xtdata.get_stock_list_in_sector
2026-07-07,2026-07-07 09:29:54,沪市ETF,167,510850.SH,SH,xtdata.get_stock_list_in_sector
2026-07-07,2026-07-07 09:29:54,沪市ETF,168,551510.SH,SH,xtdata.get_stock_list_in_sector
2026-07-07,2026-07-07 09:29:54,沪市ETF,169,588100.SH,SH,xtdata.get_stock_list_in_sector
2026-07-07,2026-07-07 09:29:54,沪市ETF,170,516630.SH,SH,xtdata.get_stock_list_in_sector
2026-07-07,2026-07-07 09:29:54,沪市ETF,171,589780.SH,SH,xtdata.get_stock_list_in_sector
2026-07-07,2026-07-07 09:29:54,沪市ETF,172,560270.SH,SH,xtdata.get_stock_list_in_sector
2026-07-07,2026-07-07 09:29:54,沪市ETF,173,530080.SH,SH,xtdata.get_stock_list_in_sector
2026-07-07,2026-07-07 09:29:54,沪市ETF,174,510010.SH,SH,xtdata.get_stock_list_in_sector
2026-07-07,2026-07-07 09:29:54,沪市ETF,175,511690.SH,SH,xtdata.get_stock_list_in_sector
2026-07-07,2026-07-07 09:29:54,沪市ETF,176,588940.SH,SH,xtdata.get_stock_list_in_sector
2026-07-07,2026-07-07 09:29:54,沪市ETF,177,512580.SH,SH,xtdata.get_stock_list_in_sector
2026-07-07,2026-07-07 09:29:54,沪市ETF,178,513300.SH,SH,xtdata.get_stock_list_in_sector
2026-07-07,2026-07-07 09:29:54,沪市ETF,179,513170.SH,SH,xtdata.get_stock_list_in_sector
2026-07-07,2026-07-07 09:29:54,沪市ETF,180,515750.SH,SH,xtdata.get_stock_list_in_sector
2026-07-07,2026-07-07 09:29:54,沪市ETF,181,562590.SH,SH,xtdata.get_stock_list_in_sector
2026-07-07,2026-07-07 09:29:54,沪市ETF,182,561680.SH,SH,xtdata.get_stock_list_in_sector
2026-07-07,2026-07-07 09:29:54,沪市ETF,183,588370.SH,SH,xtdata.get_stock_list_in_sector
2026-07-07,2026-07-07 09:29:54,沪市ETF,184,560000.SH,SH,xtdata.get_stock_list_in_sector
2026-07-07,2026-07-07 09:29:54,沪市ETF,185,513930.SH,SH,xtdata.get_stock_list_in_sector
2026-07-07,2026-07-07 09:29:54,沪市ETF,186,562930.SH,SH,xtdata.get_stock_list_in_sector
2026-07-07,2026-07-07 09:29:54,沪市ETF,187,510680.SH,SH,xtdata.get_stock_list_in_sector
2026-07-07,2026-07-07 09:29:54,沪市ETF,188,520760.SH,SH,xtdata.get_stock_list_in_sector
2026-07-07,2026-07-07 09:29:54,沪市ETF,189,513590.SH,SH,xtdata.get_stock_list_in_sector
2026-07-07,2026-07-07 09:29:54,沪市ETF,190,589950.SH,SH,xtdata.get_stock_list_in_sector
2026-07-07,2026-07-07 09:29:54,沪市ETF,191,589110.SH,SH,xtdata.get_stock_list_in_sector
2026-07-07,2026-07-07 09:29:54,沪市ETF,192,588790.SH,SH,xtdata.get_stock_list_in_sector
2026-07-07,2026-07-07 09:29:54,沪市ETF,193,561260.SH,SH,xtdata.get_stock_list_in_sector
2026-07-07,2026-07-07 09:29:54,沪市ETF,194,562300.SH,SH,xtdata.get_stock_list_in_sector
2026-07-07,2026-07-07 09:29:54,沪市ETF,195,563580.SH,SH,xtdata.get_stock_list_in_sector
2026-07-07,2026-07-07 09:29:54,沪市ETF,196,560690.SH,SH,xtdata.get_stock_list_in_sector
2026-07-07,2026-07-07 09:29:54,沪市ETF,197,589360.SH,SH,xtdata.get_stock_list_in_sector
2026-07-07,2026-07-07 09:29:54,沪市ETF,198,561010.SH,SH,xtdata.get_stock_list_in_sector
2026-07-07,2026-07-07 09:29:54,沪市ETF,199,511270.SH,SH,xtdata.get_stock_list_in_sector
2026-07-07,2026-07-07 09:29:54,沪市ETF,200,515980.SH,SH,xtdata.get_stock_list_in_sector
2026-07-07,2026-07-07 09:29:54,沪市ETF,201,520510.SH,SH,xtdata.get_stock_list_in_sector
2026-07-07,2026-07-07 09:29:54,沪市ETF,202,512160.SH,SH,xtdata.get_stock_list_in_sector
2026-07-07,2026-07-07 09:29:54,沪市ETF,203,589800.SH,SH,xtdata.get_stock_list_in_sector
2026-07-07,2026-07-07 09:29:54,沪市ETF,204,512240.SH,SH,xtdata.get_stock_list_in_sector
2026-07-07,2026-07-07 09:29:54,沪市ETF,205,520630.SH,SH,xtdata.get_stock_list_in_sector
2026-07-07,2026-07-07 09:29:54,沪市ETF,206,511150.SH,SH,xtdata.get_stock_list_in_sector
2026-07-07,2026-07-07 09:29:54,沪市ETF,207,562860.SH,SH,xtdata.get_stock_list_in_sector
2026-07-07,2026-07-07 09:29:54,沪市ETF,208,561330.SH,SH,xtdata.get_stock_list_in_sector
2026-07-07,2026-07-07 09:29:54,沪市ETF,209,517770.SH,SH,xtdata.get_stock_list_in_sector
2026-07-07,2026-07-07 09:29:54,沪市ETF,210,511910.SH,SH,xtdata.get_stock_list_in_sector
2026-07-07,2026-07-07 09:29:54,沪市ETF,211,530530.SH,SH,xtdata.get_stock_list_in_sector
2026-07-07,2026-07-07 09:29:54,沪市ETF,212,589230.SH,SH,xtdata.get_stock_list_in_sector
2026-07-07,2026-07-07 09:29:54,沪市ETF,213,516380.SH,SH,xtdata.get_stock_list_in_sector
2026-07-07,2026-07-07 09:29:54,沪市ETF,214,512870.SH,SH,xtdata.get_stock_list_in_sector
2026-07-07,2026-07-07 09:29:54,沪市ETF,215,510913.SH,SH,xtdata.get_stock_list_in_sector
2026-07-07,2026-07-07 09:29:54,沪市ETF,216,515090.SH,SH,xtdata.get_stock_list_in_sector
2026-07-07,2026-07-07 09:29:54,沪市ETF,217,512030.SH,SH,xtdata.get_stock_list_in_sector
2026-07-07,2026-07-07 09:29:54,沪市ETF,218,561900.SH,SH,xtdata.get_stock_list_in_sector
2026-07-07,2026-07-07 09:29:54,沪市ETF,219,588050.SH,SH,xtdata.get_stock_list_in_sector
2026-07-07,2026-07-07 09:29:54,沪市ETF,220,560320.SH,SH,xtdata.get_stock_list_in_sector
2026-07-07,2026-07-07 09:29:54,沪市ETF,221,516760.SH,SH,xtdata.get_stock_list_in_sector
2026-07-07,2026-07-07 09:29:54,沪市ETF,222,510900.SH,SH,xtdata.get_stock_list_in_sector
2026-07-07,2026-07-07 09:29:54,沪市ETF,223,563030.SH,SH,xtdata.get_stock_list_in_sector
2026-07-07,2026-07-07 09:29:54,沪市ETF,224,588810.SH,SH,xtdata.get_stock_list_in_sector
2026-07-07,2026-07-07 09:29:54,沪市ETF,225,563870.SH,SH,xtdata.get_stock_list_in_sector
2026-07-07,2026-07-07 09:29:54,沪市ETF,226,510140.SH,SH,xtdata.get_stock_list_in_sector
2026-07-07,2026-07-07 09:29:54,沪市ETF,227,560910.SH,SH,xtdata.get_stock_list_in_sector
2026-07-07,2026-07-07 09:29:54,沪市ETF,228,513020.SH,SH,xtdata.get_stock_list_in_sector
2026-07-07,2026-07-07 09:29:54,沪市ETF,229,510330.SH,SH,xtdata.get_stock_list_in_sector
2026-07-07,2026-07-07 09:29:54,沪市ETF,230,588220.SH,SH,xtdata.get_stock_list_in_sector
2026-07-07,2026-07-07 09:29:54,沪市ETF,231,517390.SH,SH,xtdata.get_stock_list_in_sector
2026-07-07,2026-07-07 09:29:54,沪市ETF,232,513860.SH,SH,xtdata.get_stock_list_in_sector
2026-07-07,2026-07-07 09:29:54,沪市ETF,233,560150.SH,SH,xtdata.get_stock_list_in_sector
2026-07-07,2026-07-07 09:29:54,沪市ETF,234,516510.SH,SH,xtdata.get_stock_list_in_sector
2026-07-07,2026-07-07 09:29:54,沪市ETF,235,515600.SH,SH,xtdata.get_stock_list_in_sector
2026-07-07,2026-07-07 09:29:54,沪市ETF,236,510050.SH,SH,xtdata.get_stock_list_in_sector
2026-07-07,2026-07-07 09:29:54,沪市ETF,237,563960.SH,SH,xtdata.get_stock_list_in_sector
2026-07-07,2026-07-07 09:29:54,沪市ETF,238,588900.SH,SH,xtdata.get_stock_list_in_sector
2026-07-07,2026-07-07 09:29:54,沪市ETF,239,530880.SH,SH,xtdata.get_stock_list_in_sector
2026-07-07,2026-07-07 09:29:54,沪市ETF,240,515560.SH,SH,xtdata.get_stock_list_in_sector
2026-07-07,2026-07-07 09:29:54,沪市ETF,241,510810.SH,SH,xtdata.get_stock_list_in_sector
2026-07-07,2026-07-07 09:29:54,沪市ETF,242,589333.SH,SH,xtdata.get_stock_list_in_sector
2026-07-07,2026-07-07 09:29:54,沪市ETF,243,551550.SH,SH,xtdata.get_stock_list_in_sector
2026-07-07,2026-07-07 09:29:54,沪市ETF,244,560230.SH,SH,xtdata.get_stock_list_in_sector
2026-07-07,2026-07-07 09:29:54,沪市ETF,245,516670.SH,SH,xtdata.get_stock_list_in_sector
2026-07-07,2026-07-07 09:29:54,沪市ETF,246,588140.SH,SH,xtdata.get_stock_list_in_sector
2026-07-07,2026-07-07 09:29:54,沪市ETF,247,515710.SH,SH,xtdata.get_stock_list_in_sector
2026-07-07,2026-07-07 09:29:54,沪市ETF,248,563350.SH,SH,xtdata.get_stock_list_in_sector
2026-07-07,2026-07-07 09:29:54,沪市ETF,249,513970.SH,SH,xtdata.get_stock_list_in_sector
2026-07-07,2026-07-07 09:29:54,沪市ETF,250,588330.SH,SH,xtdata.get_stock_list_in_sector
2026-07-07,2026-07-07 09:29:54,沪市ETF,251,513130.SH,SH,xtdata.get_stock_list_in_sector
2026-07-07,2026-07-07 09:29:54,沪市ETF,252,560800.SH,SH,xtdata.get_stock_list_in_sector
2026-07-07,2026-07-07 09:29:54,沪市ETF,253,511800.SH,SH,xtdata.get_stock_list_in_sector
2026-07-07,2026-07-07 09:29:54,沪市ETF,254,561254.SH,SH,xtdata.get_stock_list_in_sector
2026-07-07,2026-07-07 09:29:54,沪市ETF,255,561220.SH,SH,xtdata.get_stock_list_in_sector
2026-07-07,2026-07-07 09:29:54,沪市ETF,256,517660.SH,SH,xtdata.get_stock_list_in_sector
2026-07-07,2026-07-07 09:29:54,沪市ETF,257,589150.SH,SH,xtdata.get_stock_list_in_sector
2026-07-07,2026-07-07 09:29:54,沪市ETF,258,562970.SH,SH,xtdata.get_stock_list_in_sector
2026-07-07,2026-07-07 09:29:54,沪市ETF,259,520720.SH,SH,xtdata.get_stock_list_in_sector
2026-07-07,2026-07-07 09:29:54,沪市ETF,260,520550.SH,SH,xtdata.get_stock_list_in_sector
2026-07-07,2026-07-07 09:29:54,沪市ETF,261,512120.SH,SH,xtdata.get_stock_list_in_sector
2026-07-07,2026-07-07 09:29:54,沪市ETF,262,515180.SH,SH,xtdata.get_stock_list_in_sector
2026-07-07,2026-07-07 09:29:54,沪市ETF,263,562340.SH,SH,xtdata.get_stock_list_in_sector
2026-07-07,2026-07-07 09:29:54,沪市ETF,264,561024.SH,SH,xtdata.get_stock_list_in_sector
2026-07-07,2026-07-07 09:29:54,沪市ETF,265,512960.SH,SH,xtdata.get_stock_list_in_sector
2026-07-07,2026-07-07 09:29:54,沪市ETF,266,561050.SH,SH,xtdata.get_stock_list_in_sector
2026-07-07,2026-07-07 09:29:54,沪市ETF,267,516290.SH,SH,xtdata.get_stock_list_in_sector
2026-07-07,2026-07-07 09:29:54,沪市ETF,268,589320.SH,SH,xtdata.get_stock_list_in_sector
2026-07-07,2026-07-07 09:29:54,沪市ETF,269,588680.SH,SH,xtdata.get_stock_list_in_sector
2026-07-07,2026-07-07 09:29:54,沪市ETF,270,561370.SH,SH,xtdata.get_stock_list_in_sector
2026-07-07,2026-07-07 09:29:54,沪市ETF,271,589000.SH,SH,xtdata.get_stock_list_in_sector
2026-07-07,2026-07-07 09:29:54,沪市ETF,272,562060.SH,SH,xtdata.get_stock_list_in_sector
2026-07-07,2026-07-07 09:29:54,沪市ETF,273,511950.SH,SH,xtdata.get_stock_list_in_sector
2026-07-07,2026-07-07 09:29:54,沪市ETF,274,512200.SH,SH,xtdata.get_stock_list_in_sector
2026-07-07,2026-07-07 09:29:54,沪市ETF,275,520670.SH,SH,xtdata.get_stock_list_in_sector
2026-07-07,2026-07-07 09:29:54,沪市ETF,276,511110.SH,SH,xtdata.get_stock_list_in_sector
2026-07-07,2026-07-07 09:29:54,沪市ETF,277,562820.SH,SH,xtdata.get_stock_list_in_sector
2026-07-07,2026-07-07 09:29:54,沪市ETF,278,512070.SH,SH,xtdata.get_stock_list_in_sector
2026-07-07,2026-07-07 09:29:54,沪市ETF,279,515890.SH,SH,xtdata.get_stock_list_in_sector
2026-07-07,2026-07-07 09:29:54,沪市ETF,280,511360.SH,SH,xtdata.get_stock_list_in_sector
2026-07-07,2026-07-07 09:29:54,沪市ETF,281,518860.SH,SH,xtdata.get_stock_list_in_sector
2026-07-07,2026-07-07 09:29:54,沪市ETF,282,561100.SH,SH,xtdata.get_stock_list_in_sector
2026-07-07,2026-07-07 09:29:54,沪市ETF,283,560780.SH,SH,xtdata.get_stock_list_in_sector
2026-07-07,2026-07-07 09:29:54,沪市ETF,284,589270.SH,SH,xtdata.get_stock_list_in_sector
2026-07-07,2026-07-07 09:29:54,沪市ETF,285,513210.SH,SH,xtdata.get_stock_list_in_sector
2026-07-07,2026-07-07 09:29:54,沪市ETF,286,588850.SH,SH,xtdata.get_stock_list_in_sector
2026-07-07,2026-07-07 09:29:54,沪市ETF,287,563830.SH,SH,xtdata.get_stock_list_in_sector
2026-07-07,2026-07-07 09:29:54,沪市ETF,288,510100.SH,SH,xtdata.get_stock_list_in_sector
2026-07-07,2026-07-07 09:29:54,沪市ETF,289,516720.SH,SH,xtdata.get_stock_list_in_sector
2026-07-07,2026-07-07 09:29:54,沪市ETF,290,560360.SH,SH,xtdata.get_stock_list_in_sector
2026-07-07,2026-07-07 09:29:54,沪市ETF,291,588010.SH,SH,xtdata.get_stock_list_in_sector
2026-07-07,2026-07-07 09:29:54,沪市ETF,292,513820.SH,SH,xtdata.get_stock_list_in_sector
2026-07-07,2026-07-07 09:29:54,沪市ETF,293,516550.SH,SH,xtdata.get_stock_list_in_sector
2026-07-07,2026-07-07 09:29:54,沪市ETF,294,560110.SH,SH,xtdata.get_stock_list_in_sector
2026-07-07,2026-07-07 09:29:54,沪市ETF,295,561790.SH,SH,xtdata.get_stock_list_in_sector
2026-07-07,2026-07-07 09:29:54,沪市ETF,296,588260.SH,SH,xtdata.get_stock_list_in_sector
2026-07-07,2026-07-07 09:29:54,沪市ETF,297,563200.SH,SH,xtdata.get_stock_list_in_sector
2026-07-07,2026-07-07 09:29:54,沪市ETF,298,515640.SH,SH,xtdata.get_stock_list_in_sector
2026-07-07,2026-07-07 09:29:54,沪市ETF,299,560950.SH,SH,xtdata.get_stock_list_in_sector
2026-07-07,2026-07-07 09:29:54,沪市ETF,300,513060.SH,SH,xtdata.get_stock_list_in_sector
2026-07-07,2026-07-07 09:29:54,沪市ETF,301,510370.SH,SH,xtdata.get_stock_list_in_sector
2026-07-07,2026-07-07 09:29:54,沪市ETF,302,510530.SH,SH,xtdata.get_stock_list_in_sector
2026-07-07,2026-07-07 09:29:54,沪市ETF,303,513620.SH,SH,xtdata.get_stock_list_in_sector
2026-07-07,2026-07-07 09:29:54,沪市ETF,304,561990.SH,SH,xtdata.get_stock_list_in_sector
2026-07-07,2026-07-07 09:29:54,沪市ETF,305,515000.SH,SH,xtdata.get_stock_list_in_sector
2026-07-07,2026-07-07 09:29:54,沪市ETF,306,551030.SH,SH,xtdata.get_stock_list_in_sector
2026-07-07,2026-07-07 09:29:54,沪市ETF,307,516310.SH,SH,xtdata.get_stock_list_in_sector
2026-07-07,2026-07-07 09:29:54,沪市ETF,308,560750.SH,SH,xtdata.get_stock_list_in_sector
2026-07-07,2026-07-07 09:29:54,沪市ETF,309,588420.SH,SH,xtdata.get_stock_list_in_sector
2026-07-07,2026-07-07 09:29:54,沪市ETF,310,511980.SH,SH,xtdata.get_stock_list_in_sector
2026-07-07,2026-07-07 09:29:54,沪市ETF,311,563630.SH,SH,xtdata.get_stock_list_in_sector
2026-07-07,2026-07-07 09:29:54,沪市ETF,312,589423.SH,SH,xtdata.get_stock_list_in_sector
2026-07-07,2026-07-07 09:29:54,沪市ETF,313,516160.SH,SH,xtdata.get_stock_list_in_sector
2026-07-07,2026-07-07 09:29:54,沪市ETF,314,560520.SH,SH,xtdata.get_stock_list_in_sector
2026-07-07,2026-07-07 09:29:54,沪市ETF,315,589890.SH,SH,xtdata.get_stock_list_in_sector
2026-07-07,2026-07-07 09:29:54,沪市ETF,316,516920.SH,SH,xtdata.get_stock_list_in_sector
2026-07-07,2026-07-07 09:29:54,沪市ETF,317,517300.SH,SH,xtdata.get_stock_list_in_sector
2026-07-07,2026-07-07 09:29:54,沪市ETF,318,516580.SH,SH,xtdata.get_stock_list_in_sector
2026-07-07,2026-07-07 09:29:54,沪市ETF,319,511520.SH,SH,xtdata.get_stock_list_in_sector
2026-07-07,2026-07-07 09:29:54,沪市ETF,320,518660.SH,SH,xtdata.get_stock_list_in_sector
2026-07-07,2026-07-07 09:29:54,沪市ETF,321,512630.SH,SH,xtdata.get_stock_list_in_sector
2026-07-07,2026-07-07 09:29:54,沪市ETF,322,560980.SH,SH,xtdata.get_stock_list_in_sector
2026-07-07,2026-07-07 09:29:54,沪市ETF,323,588880.SH,SH,xtdata.get_stock_list_in_sector
2026-07-07,2026-07-07 09:29:54,沪市ETF,324,510990.SH,SH,xtdata.get_stock_list_in_sector
2026-07-07,2026-07-07 09:29:54,沪市ETF,325,520870.SH,SH,xtdata.get_stock_list_in_sector
2026-07-07,2026-07-07 09:29:54,沪市ETF,326,517170.SH,SH,xtdata.get_stock_list_in_sector
2026-07-07,2026-07-07 09:29:54,沪市ETF,327,589560.SH,SH,xtdata.get_stock_list_in_sector
2026-07-07,2026-07-07 09:29:54,沪市ETF,328,560090.SH,SH,xtdata.get_stock_list_in_sector
2026-07-07,2026-07-07 09:29:54,沪市ETF,329,563380.SH,SH,xtdata.get_stock_list_in_sector
2026-07-07,2026-07-07 09:29:54,沪市ETF,330,562500.SH,SH,xtdata.get_stock_list_in_sector
2026-07-07,2026-07-07 09:29:54,沪市ETF,331,512760.SH,SH,xtdata.get_stock_list_in_sector
2026-07-07,2026-07-07 09:29:54,沪市ETF,332,512510.SH,SH,xtdata.get_stock_list_in_sector
2026-07-07,2026-07-07 09:29:54,沪市ETF,333,513390.SH,SH,xtdata.get_stock_list_in_sector
2026-07-07,2026-07-07 09:29:54,沪市ETF,334,511600.SH,SH,xtdata.get_stock_list_in_sector
2026-07-07,2026-07-07 09:29:54,沪市ETF,335,561460.SH,SH,xtdata.get_stock_list_in_sector
2026-07-07,2026-07-07 09:29:54,沪市ETF,336,588190.SH,SH,xtdata.get_stock_list_in_sector
2026-07-07,2026-07-07 09:29:54,沪市ETF,337,520920.SH,SH,xtdata.get_stock_list_in_sector
2026-07-07,2026-07-07 09:29:54,沪市ETF,338,561414.SH,SH,xtdata.get_stock_list_in_sector
2026-07-07,2026-07-07 09:29:54,沪市ETF,339,551580.SH,SH,xtdata.get_stock_list_in_sector
2026-07-07,2026-07-07 09:29:54,沪市ETF,340,513770.SH,SH,xtdata.get_stock_list_in_sector
2026-07-07,2026-07-07 09:29:54,沪市ETF,341,520580.SH,SH,xtdata.get_stock_list_in_sector
2026-07-07,2026-07-07 09:29:54,沪市ETF,342,515910.SH,SH,xtdata.get_stock_list_in_sector
2026-07-07,2026-07-07 09:29:54,沪市ETF,343,561080.SH,SH,xtdata.get_stock_list_in_sector
2026-07-07,2026-07-07 09:29:54,沪市ETF,344,561473.SH,SH,xtdata.get_stock_list_in_sector
2026-07-07,2026-07-07 09:29:54,沪市ETF,345,562390.SH,SH,xtdata.get_stock_list_in_sector
2026-07-07,2026-07-07 09:29:54,沪市ETF,346,515150.SH,SH,xtdata.get_stock_list_in_sector
2026-07-07,2026-07-07 09:29:54,沪市ETF,347,563510.SH,SH,xtdata.get_stock_list_in_sector
2026-07-07,2026-07-07 09:29:54,沪市ETF,348,560470.SH,SH,xtdata.get_stock_list_in_sector
2026-07-07,2026-07-07 09:29:54,沪市ETF,349,589180.SH,SH,xtdata.get_stock_list_in_sector
2026-07-07,2026-07-07 09:29:54,沪市ETF,350,588700.SH,SH,xtdata.get_stock_list_in_sector
2026-07-07,2026-07-07 09:29:54,沪市ETF,351,530680.SH,SH,xtdata.get_stock_list_in_sector
2026-07-07,2026-07-07 09:29:54,沪市ETF,352,515320.SH,SH,xtdata.get_stock_list_in_sector
2026-07-07,2026-07-07 09:29:54,沪市ETF,353,563760.SH,SH,xtdata.get_stock_list_in_sector
2026-07-07,2026-07-07 09:29:54,沪市ETF,354,513500.SH,SH,xtdata.get_stock_list_in_sector
2026-07-07,2026-07-07 09:29:54,沪市ETF,355,512380.SH,SH,xtdata.get_stock_list_in_sector
2026-07-07,2026-07-07 09:29:54,沪市ETF,356,511090.SH,SH,xtdata.get_stock_list_in_sector
2026-07-07,2026-07-07 09:29:54,沪市ETF,357,562520.SH,SH,xtdata.get_stock_list_in_sector
2026-07-07,2026-07-07 09:29:54,沪市ETF,358,513980.SH,SH,xtdata.get_stock_list_in_sector
2026-07-07,2026-07-07 09:29:54,沪市ETF,359,563990.SH,SH,xtdata.get_stock_list_in_sector
2026-07-07,2026-07-07 09:29:54,沪市ETF,360,511620.SH,SH,xtdata.get_stock_list_in_sector
2026-07-07,2026-07-07 09:29:54,沪市ETF,361,512530.SH,SH,xtdata.get_stock_list_in_sector
2026-07-07,2026-07-07 09:29:54,沪市ETF,362,515590.SH,SH,xtdata.get_stock_list_in_sector
2026-07-07,2026-07-07 09:29:54,沪市ETF,363,517000.SH,SH,xtdata.get_stock_list_in_sector
2026-07-07,2026-07-07 09:29:54,沪市ETF,364,520900.SH,SH,xtdata.get_stock_list_in_sector
2026-07-07,2026-07-07 09:29:54,沪市ETF,365,551900.SH,SH,xtdata.get_stock_list_in_sector
2026-07-07,2026-07-07 09:29:54,沪市ETF,366,513750.SH,SH,xtdata.get_stock_list_in_sector
2026-07-07,2026-07-07 09:29:54,沪市ETF,367,515170.SH,SH,xtdata.get_stock_list_in_sector
2026-07-07,2026-07-07 09:29:54,沪市ETF,368,563530.SH,SH,xtdata.get_stock_list_in_sector
2026-07-07,2026-07-07 09:29:54,沪市ETF,369,560620.SH,SH,xtdata.get_stock_list_in_sector
2026-07-07,2026-07-07 09:29:54,沪市ETF,370,516260.SH,SH,xtdata.get_stock_list_in_sector
2026-07-07,2026-07-07 09:29:54,沪市ETF,371,588550.SH,SH,xtdata.get_stock_list_in_sector
2026-07-07,2026-07-07 09:29:54,沪市ETF,372,512990.SH,SH,xtdata.get_stock_list_in_sector
2026-07-07,2026-07-07 09:29:54,沪市ETF,373,561623.SH,SH,xtdata.get_stock_list_in_sector
2026-07-07,2026-07-07 09:29:54,沪市ETF,374,515300.SH,SH,xtdata.get_stock_list_in_sector
2026-07-07,2026-07-07 09:29:54,沪市ETF,375,560450.SH,SH,xtdata.get_stock_list_in_sector
2026-07-07,2026-07-07 09:29:54,沪市ETF,376,516010.SH,SH,xtdata.get_stock_list_in_sector
2026-07-07,2026-07-07 09:29:54,沪市ETF,377,588720.SH,SH,xtdata.get_stock_list_in_sector
2026-07-07,2026-07-07 09:29:54,沪市ETF,378,510630.SH,SH,xtdata.get_stock_list_in_sector
2026-07-07,2026-07-07 09:29:54,沪市ETF,379,516850.SH,SH,xtdata.get_stock_list_in_sector
2026-07-07,2026-07-07 09:29:54,沪市ETF,380,513520.SH,SH,xtdata.get_stock_list_in_sector
2026-07-07,2026-07-07 09:29:54,沪市ETF,381,513600.SH,SH,xtdata.get_stock_list_in_sector
2026-07-07,2026-07-07 09:29:54,沪市ETF,382,512080.SH,SH,xtdata.get_stock_list_in_sector
2026-07-07,2026-07-07 09:29:54,沪市ETF,383,510510.SH,SH,xtdata.get_stock_list_in_sector
2026-07-07,2026-07-07 09:29:54,沪市ETF,384,515860.SH,SH,xtdata.get_stock_list_in_sector
2026-07-07,2026-07-07 09:29:54,沪市ETF,385,530580.SH,SH,xtdata.get_stock_list_in_sector
2026-07-07,2026-07-07 09:29:54,沪市ETF,386,516330.SH,SH,xtdata.get_stock_list_in_sector
2026-07-07,2026-07-07 09:29:54,沪市ETF,387,589280.SH,SH,xtdata.get_stock_list_in_sector
2026-07-07,2026-07-07 09:29:54,沪市ETF,388,560770.SH,SH,xtdata.get_stock_list_in_sector
2026-07-07,2026-07-07 09:29:54,沪市ETF,389,518890.SH,SH,xtdata.get_stock_list_in_sector
2026-07-07,2026-07-07 09:29:54,沪市ETF,390,588400.SH,SH,xtdata.get_stock_list_in_sector
2026-07-07,2026-07-07 09:29:54,沪市ETF,391,515020.SH,SH,xtdata.get_stock_list_in_sector
2026-07-07,2026-07-07 09:29:54,沪市ETF,392,560500.SH,SH,xtdata.get_stock_list_in_sector
2026-07-07,2026-07-07 09:29:54,沪市ETF,393,561380.SH,SH,xtdata.get_stock_list_in_sector
2026-07-07,2026-07-07 09:29:54,沪市ETF,394,588670.SH,SH,xtdata.get_stock_list_in_sector
2026-07-07,2026-07-07 09:29:54,沪市ETF,395,515250.SH,SH,xtdata.get_stock_list_in_sector
2026-07-07,2026-07-07 09:29:54,沪市ETF,396,589403.SH,SH,xtdata.get_stock_list_in_sector
2026-07-07,2026-07-07 09:29:54,沪市ETF,397,520680.SH,SH,xtdata.get_stock_list_in_sector
2026-07-07,2026-07-07 09:29:54,沪市ETF,398,516900.SH,SH,xtdata.get_stock_list_in_sector
2026-07-07,2026-07-07 09:29:54,沪市ETF,399,510760.SH,SH,xtdata.get_stock_list_in_sector
2026-07-07,2026-07-07 09:29:54,沪市ETF,400,588290.SH,SH,xtdata.get_stock_list_in_sector
2026-07-07,2026-07-07 09:29:54,沪市ETF,401,561760.SH,SH,xtdata.get_stock_list_in_sector
2026-07-07,2026-07-07 09:29:54,沪市ETF,402,561393.SH,SH,xtdata.get_stock_list_in_sector
2026-07-07,2026-07-07 09:29:54,沪市ETF,403,513090.SH,SH,xtdata.get_stock_list_in_sector
2026-07-07,2026-07-07 09:29:54,沪市ETF,404,510380.SH,SH,xtdata.get_stock_list_in_sector
2026-07-07,2026-07-07 09:29:54,沪市ETF,405,512460.SH,SH,xtdata.get_stock_list_in_sector
2026-07-07,2026-07-07 09:29:54,沪市ETF,406,511770.SH,SH,xtdata.get_stock_list_in_sector
2026-07-07,2026-07-07 09:29:54,沪市ETF,407,520850.SH,SH,xtdata.get_stock_list_in_sector
2026-07-07,2026-07-07 09:29:54,沪市ETF,408,561510.SH,SH,xtdata.get_stock_list_in_sector
2026-07-07,2026-07-07 09:29:54,沪市ETF,409,560390.SH,SH,xtdata.get_stock_list_in_sector
2026-07-07,2026-07-07 09:29:54,沪市ETF,410,589660.SH,SH,xtdata.get_stock_list_in_sector
2026-07-07,2026-07-07 09:29:54,沪市ETF,411,563080.SH,SH,xtdata.get_stock_list_in_sector
2026-07-07,2026-07-07 09:29:54,沪市ETF,412,562600.SH,SH,xtdata.get_stock_list_in_sector
2026-07-07,2026-07-07 09:29:54,沪市ETF,413,589293.SH,SH,xtdata.get_stock_list_in_sector
2026-07-07,2026-07-07 09:29:54,沪市ETF,414,511970.SH,SH,xtdata.get_stock_list_in_sector
2026-07-07,2026-07-07 09:29:54,沪市ETF,415,561350.SH,SH,xtdata.get_stock_list_in_sector
2026-07-07,2026-07-07 09:29:54,沪市ETF,416,589020.SH,SH,xtdata.get_stock_list_in_sector
2026-07-07,2026-07-07 09:29:54,沪市ETF,417,516190.SH,SH,xtdata.get_stock_list_in_sector
2026-07-07,2026-07-07 09:29:54,沪市ETF,418,562800.SH,SH,xtdata.get_stock_list_in_sector
2026-07-07,2026-07-07 09:29:54,沪市ETF,419,511130.SH,SH,xtdata.get_stock_list_in_sector
2026-07-07,2026-07-07 09:29:54,沪市ETF,420,512220.SH,SH,xtdata.get_stock_list_in_sector
2026-07-07,2026-07-07 09:29:54,沪市ETF,421,589860.SH,SH,xtdata.get_stock_list_in_sector
2026-07-07,2026-07-07 09:29:54,沪市ETF,422,520650.SH,SH,xtdata.get_stock_list_in_sector
2026-07-07,2026-07-07 09:29:54,沪市ETF,423,561960.SH,SH,xtdata.get_stock_list_in_sector
2026-07-07,2026-07-07 09:29:54,沪市ETF,424,512050.SH,SH,xtdata.get_stock_list_in_sector
2026-07-07,2026-07-07 09:29:54,沪市ETF,425,512810.SH,SH,xtdata.get_stock_list_in_sector
2026-07-07,2026-07-07 09:29:54,沪市ETF,426,561120.SH,SH,xtdata.get_stock_list_in_sector
2026-07-07,2026-07-07 09:29:54,沪市ETF,427,589250.SH,SH,xtdata.get_stock_list_in_sector
2026-07-07,2026-07-07 09:29:54,沪市ETF,428,513230.SH,SH,xtdata.get_stock_list_in_sector
2026-07-07,2026-07-07 09:29:54,沪市ETF,429,588870.SH,SH,xtdata.get_stock_list_in_sector
2026-07-07,2026-07-07 09:29:54,沪市ETF,430,563050.SH,SH,xtdata.get_stock_list_in_sector
2026-07-07,2026-07-07 09:29:54,沪市ETF,431,516700.SH,SH,xtdata.get_stock_list_in_sector
2026-07-07,2026-07-07 09:29:54,沪市ETF,432,588030.SH,SH,xtdata.get_stock_list_in_sector
2026-07-07,2026-07-07 09:29:54,沪市ETF,433,517180.SH,SH,xtdata.get_stock_list_in_sector
2026-07-07,2026-07-07 09:29:54,沪市ETF,434,520880.SH,SH,xtdata.get_stock_list_in_sector
2026-07-07,2026-07-07 09:29:54,沪市ETF,435,563220.SH,SH,xtdata.get_stock_list_in_sector
2026-07-07,2026-07-07 09:29:54,沪市ETF,436,515660.SH,SH,xtdata.get_stock_list_in_sector
2026-07-07,2026-07-07 09:29:54,沪市ETF,437,516570.SH,SH,xtdata.get_stock_list_in_sector
2026-07-07,2026-07-07 09:29:54,沪市ETF,438,560130.SH,SH,xtdata.get_stock_list_in_sector
2026-07-07,2026-07-07 09:29:54,沪市ETF,439,513800.SH,SH,xtdata.get_stock_list_in_sector
2026-07-07,2026-07-07 09:29:54,沪市ETF,440,588240.SH,SH,xtdata.get_stock_list_in_sector
2026-07-07,2026-07-07 09:29:54,沪市ETF,441,510350.SH,SH,xtdata.get_stock_list_in_sector
2026-07-07,2026-07-07 09:29:54,沪市ETF,442,513040.SH,SH,xtdata.get_stock_list_in_sector
2026-07-07,2026-07-07 09:29:54,沪市ETF,443,560970.SH,SH,xtdata.get_stock_list_in_sector
2026-07-07,2026-07-07 09:29:54,沪市ETF,444,513360.SH,SH,xtdata.get_stock_list_in_sector
2026-07-07,2026-07-07 09:29:54,沪市ETF,445,588920.SH,SH,xtdata.get_stock_list_in_sector
2026-07-07,2026-07-07 09:29:54,沪市ETF,446,560210.SH,SH,xtdata.get_stock_list_in_sector
2026-07-07,2026-07-07 09:29:54,沪市ETF,447,516650.SH,SH,xtdata.get_stock_list_in_sector
2026-07-07,2026-07-07 09:29:54,沪市ETF,448,588160.SH,SH,xtdata.get_stock_list_in_sector
2026-07-07,2026-07-07 09:29:54,沪市ETF,449,589313.SH,SH,xtdata.get_stock_list_in_sector
2026-07-07,2026-07-07 09:29:54,沪市ETF,450,513950.SH,SH,xtdata.get_stock_list_in_sector
2026-07-07,2026-07-07 09:29:54,沪市ETF,451,560060.SH,SH,xtdata.get_stock_list_in_sector
2026-07-07,2026-07-07 09:29:54,沪市ETF,452,588310.SH,SH,xtdata.get_stock_list_in_sector
2026-07-07,2026-07-07 09:29:54,沪市ETF,453,515730.SH,SH,xtdata.get_stock_list_in_sector
2026-07-07,2026-07-07 09:29:54,沪市ETF,454,560820.SH,SH,xtdata.get_stock_list_in_sector
2026-07-07,2026-07-07 09:29:54,沪市ETF,455,513110.SH,SH,xtdata.get_stock_list_in_sector
2026-07-07,2026-07-07 09:29:54,沪市ETF,456,510200.SH,SH,xtdata.get_stock_list_in_sector
2026-07-07,2026-07-07 09:29:54,沪市ETF,457,561200.SH,SH,xtdata.get_stock_list_in_sector
2026-07-07,2026-07-07 09:29:54,沪市ETF,458,589170.SH,SH,xtdata.get_stock_list_in_sector
2026-07-07,2026-07-07 09:29:54,沪市ETF,459,560480.SH,SH,xtdata.get_stock_list_in_sector
2026-07-07,2026-07-07 09:29:54,沪市ETF,460,563790.SH,SH,xtdata.get_stock_list_in_sector
2026-07-07,2026-07-07 09:29:54,沪市ETF,461,511820.SH,SH,xtdata.get_stock_list_in_sector
2026-07-07,2026-07-07 09:29:54,沪市ETF,462,520700.SH,SH,xtdata.get_stock_list_in_sector
2026-07-07,2026-07-07 09:29:54,沪市ETF,463,512370.SH,SH,xtdata.get_stock_list_in_sector
2026-07-07,2026-07-07 09:29:54,沪市ETF,464,516880.SH,SH,xtdata.get_stock_list_in_sector
2026-07-07,2026-07-07 09:29:54,沪市ETF,465,511060.SH,SH,xtdata.get_stock_list_in_sector
2026-07-07,2026-07-07 09:29:54,沪市ETF,466,562950.SH,SH,xtdata.get_stock_list_in_sector
2026-07-07,2026-07-07 09:29:54,沪市ETF,467,520570.SH,SH,xtdata.get_stock_list_in_sector
2026-07-07,2026-07-07 09:29:54,沪市ETF,468,512100.SH,SH,xtdata.get_stock_list_in_sector
2026-07-07,2026-07-07 09:29:54,沪市ETF,469,513780.SH,SH,xtdata.get_stock_list_in_sector
2026-07-07,2026-07-07 09:29:54,沪市ETF,470,512940.SH,SH,xtdata.get_stock_list_in_sector
2026-07-07,2026-07-07 09:29:54,沪市ETF,471,589300.SH,SH,xtdata.get_stock_list_in_sector
2026-07-07,2026-07-07 09:29:54,沪市ETF,472,562360.SH,SH,xtdata.get_stock_list_in_sector
2026-07-07,2026-07-07 09:29:54,沪市ETF,473,510020.SH,SH,xtdata.get_stock_list_in_sector
2026-07-07,2026-07-07 09:29:54,沪市ETF,474,513330.SH,SH,xtdata.get_stock_list_in_sector
2026-07-07,2026-07-07 09:29:54,沪市ETF,475,551520.SH,SH,xtdata.get_stock_list_in_sector
2026-07-07,2026-07-07 09:29:54,沪市ETF,476,563150.SH,SH,xtdata.get_stock_list_in_sector
2026-07-07,2026-07-07 09:29:54,沪市ETF,477,588130.SH,SH,xtdata.get_stock_list_in_sector
2026-07-07,2026-07-07 09:29:54,沪市ETF,478,517080.SH,SH,xtdata.get_stock_list_in_sector
2026-07-07,2026-07-07 09:29:54,沪市ETF,479,516600.SH,SH,xtdata.get_stock_list_in_sector
2026-07-07,2026-07-07 09:29:54,沪市ETF,480,520980.SH,SH,xtdata.get_stock_list_in_sector
2026-07-07,2026-07-07 09:29:54,沪市ETF,481,563320.SH,SH,xtdata.get_stock_list_in_sector
2026-07-07,2026-07-07 09:29:54,沪市ETF,482,515760.SH,SH,xtdata.get_stock_list_in_sector
2026-07-07,2026-07-07 09:29:54,沪市ETF,483,560030.SH,SH,xtdata.get_stock_list_in_sector
2026-07-07,2026-07-07 09:29:54,沪市ETF,484,513900.SH,SH,xtdata.get_stock_list_in_sector
2026-07-07,2026-07-07 09:29:54,沪市ETF,485,520743.SH,SH,xtdata.get_stock_list_in_sector
2026-07-07,2026-07-07 09:29:54,沪市ETF,486,513140.SH,SH,xtdata.get_stock_list_in_sector
2026-07-07,2026-07-07 09:29:54,沪市ETF,487,560870.SH,SH,xtdata.get_stock_list_in_sector
2026-07-07,2026-07-07 09:29:54,沪市ETF,488,515380.SH,SH,xtdata.get_stock_list_in_sector
2026-07-07,2026-07-07 09:29:54,沪市ETF,489,589120.SH,SH,xtdata.get_stock_list_in_sector
2026-07-07,2026-07-07 09:29:54,沪市ETF,490,516090.SH,SH,xtdata.get_stock_list_in_sector
2026-07-07,2026-07-07 09:29:54,沪市ETF,491,562900.SH,SH,xtdata.get_stock_list_in_sector
2026-07-07,2026-07-07 09:29:54,沪市ETF,492,511030.SH,SH,xtdata.get_stock_list_in_sector
2026-07-07,2026-07-07 09:29:54,沪市ETF,493,589960.SH,SH,xtdata.get_stock_list_in_sector
2026-07-07,2026-07-07 09:29:54,沪市ETF,494,512150.SH,SH,xtdata.get_stock_list_in_sector
2026-07-07,2026-07-07 09:29:54,沪市ETF,495,520520.SH,SH,xtdata.get_stock_list_in_sector
2026-07-07,2026-07-07 09:29:54,沪市ETF,496,562330.SH,SH,xtdata.get_stock_list_in_sector
2026-07-07,2026-07-07 09:29:54,沪市ETF,497,589350.SH,SH,xtdata.get_stock_list_in_sector
2026-07-07,2026-07-07 09:29:54,沪市ETF,498,512910.SH,SH,xtdata.get_stock_list_in_sector
2026-07-07,2026-07-07 09:29:54,沪市ETF,499,589070.SH,SH,xtdata.get_stock_list_in_sector
2026-07-07,2026-07-07 09:29:54,沪市ETF,500,560580.SH,SH,xtdata.get_stock_list_in_sector
2026-07-07,2026-07-07 09:29:54,沪市ETF,501,561300.SH,SH,xtdata.get_stock_list_in_sector
2026-07-07,2026-07-07 09:29:54,沪市ETF,502,562010.SH,SH,xtdata.get_stock_list_in_sector
2026-07-07,2026-07-07 09:29:54,沪市ETF,503,511920.SH,SH,xtdata.get_stock_list_in_sector
2026-07-07,2026-07-07 09:29:54,沪市ETF,504,563690.SH,SH,xtdata.get_stock_list_in_sector
2026-07-07,2026-07-07 09:29:54,沪市ETF,505,520600.SH,SH,xtdata.get_stock_list_in_sector
2026-07-07,2026-07-07 09:29:54,沪市ETF,506,516980.SH,SH,xtdata.get_stock_list_in_sector
2026-07-07,2026-07-07 09:29:54,沪市ETF,507,511160.SH,SH,xtdata.get_stock_list_in_sector
2026-07-07,2026-07-07 09:29:54,沪市ETF,508,562850.SH,SH,xtdata.get_stock_list_in_sector
2026-07-07,2026-07-07 09:29:54,沪市ETF,509,512000.SH,SH,xtdata.get_stock_list_in_sector
2026-07-07,2026-07-07 09:29:54,沪市ETF,510,561930.SH,SH,xtdata.get_stock_list_in_sector
2026-07-07,2026-07-07 09:29:54,沪市ETF,511,510590.SH,SH,xtdata.get_stock_list_in_sector
2026-07-07,2026-07-07 09:29:54,沪市ETF,512,589200.SH,SH,xtdata.get_stock_list_in_sector
2026-07-07,2026-07-07 09:29:54,沪市ETF,513,561170.SH,SH,xtdata.get_stock_list_in_sector
2026-07-07,2026-07-07 09:29:54,沪市ETF,514,588480.SH,SH,xtdata.get_stock_list_in_sector
2026-07-07,2026-07-07 09:29:54,沪市ETF,515,588820.SH,SH,xtdata.get_stock_list_in_sector
2026-07-07,2026-07-07 09:29:54,沪市ETF,516,517990.SH,SH,xtdata.get_stock_list_in_sector
2026-07-07,2026-07-07 09:29:54,沪市ETF,517,513260.SH,SH,xtdata.get_stock_list_in_sector
2026-07-07,2026-07-07 09:29:54,沪市ETF,518,510170.SH,SH,xtdata.get_stock_list_in_sector
2026-07-07,2026-07-07 09:29:54,沪市ETF,519,588060.SH,SH,xtdata.get_stock_list_in_sector
2026-07-07,2026-07-07 09:29:54,沪市ETF,520,561590.SH,SH,xtdata.get_stock_list_in_sector
2026-07-07,2026-07-07 09:29:54,沪市ETF,521,560310.SH,SH,xtdata.get_stock_list_in_sector
2026-07-07,2026-07-07 09:29:54,沪市ETF,522,516750.SH,SH,xtdata.get_stock_list_in_sector
2026-07-07,2026-07-07 09:29:54,沪市ETF,523,563000.SH,SH,xtdata.get_stock_list_in_sector
2026-07-07,2026-07-07 09:29:54,沪市ETF,524,588210.SH,SH,xtdata.get_stock_list_in_sector
2026-07-07,2026-07-07 09:29:54,沪市ETF,525,513850.SH,SH,xtdata.get_stock_list_in_sector
2026-07-07,2026-07-07 09:29:54,沪市ETF,526,560160.SH,SH,xtdata.get_stock_list_in_sector
2026-07-07,2026-07-07 09:29:54,沪市ETF,527,516520.SH,SH,xtdata.get_stock_list_in_sector
2026-07-07,2026-07-07 09:29:54,沪市ETF,528,515630.SH,SH,xtdata.get_stock_list_in_sector
2026-07-07,2026-07-07 09:29:54,沪市ETF,529,512690.SH,SH,xtdata.get_stock_list_in_sector
2026-07-07,2026-07-07 09:29:54,沪市ETF,530,560920.SH,SH,xtdata.get_stock_list_in_sector
2026-07-07,2026-07-07 09:29:54,沪市ETF,531,513010.SH,SH,xtdata.get_stock_list_in_sector
2026-07-07,2026-07-07 09:29:54,沪市ETF,532,510300.SH,SH,xtdata.get_stock_list_in_sector
2026-07-07,2026-07-07 09:29:54,沪市ETF,533,511580.SH,SH,xtdata.get_stock_list_in_sector
2026-07-07,2026-07-07 09:29:54,沪市ETF,534,512423.SH,SH,xtdata.get_stock_list_in_sector
2026-07-07,2026-07-07 09:29:54,沪市ETF,535,551800.SH,SH,xtdata.get_stock_list_in_sector
2026-07-07,2026-07-07 09:29:54,沪市ETF,536,515844.SH,SH,xtdata.get_stock_list_in_sector
2026-07-07,2026-07-07 09:29:54,沪市ETF,537,513650.SH,SH,xtdata.get_stock_list_in_sector
2026-07-07,2026-07-07 09:29:54,沪市ETF,538,515070.SH,SH,xtdata.get_stock_list_in_sector
2026-07-07,2026-07-07 09:29:54,沪市ETF,539,588450.SH,SH,xtdata.get_stock_list_in_sector
2026-07-07,2026-07-07 09:29:54,沪市ETF,540,512890.SH,SH,xtdata.get_stock_list_in_sector
2026-07-07,2026-07-07 09:29:54,沪市ETF,541,560720.SH,SH,xtdata.get_stock_list_in_sector
2026-07-07,2026-07-07 09:29:54,沪市ETF,542,516360.SH,SH,xtdata.get_stock_list_in_sector
2026-07-07,2026-07-07 09:29:54,沪市ETF,543,515483.SH,SH,xtdata.get_stock_list_in_sector
2026-07-07,2026-07-07 09:29:54,沪市ETF,544,515200.SH,SH,xtdata.get_stock_list_in_sector
2026-07-07,2026-07-07 09:29:54,沪市ETF,545,560550.SH,SH,xtdata.get_stock_list_in_sector
2026-07-07,2026-07-07 09:29:54,沪市ETF,546,516110.SH,SH,xtdata.get_stock_list_in_sector
2026-07-07,2026-07-07 09:29:54,沪市ETF,547,562880.SH,SH,xtdata.get_stock_list_in_sector
2026-07-07,2026-07-07 09:29:54,沪市ETF,548,516950.SH,SH,xtdata.get_stock_list_in_sector
2026-07-07,2026-07-07 09:29:54,沪市ETF,549,513880.SH,SH,xtdata.get_stock_list_in_sector
2026-07-07,2026-07-07 09:29:54,沪市ETF,550,512640.SH,SH,xtdata.get_stock_list_in_sector
2026-07-07,2026-07-07 09:29:54,沪市ETF,551,563890.SH,SH,xtdata.get_stock_list_in_sector
2026-07-07,2026-07-07 09:29:54,沪市ETF,552,512430.SH,SH,xtdata.get_stock_list_in_sector
2026-07-07,2026-07-07 09:29:54,沪市ETF,553,560733.SH,SH,xtdata.get_stock_list_in_sector
2026-07-07,2026-07-07 09:29:54,沪市ETF,554,589630.SH,SH,xtdata.get_stock_list_in_sector
2026-07-07,2026-07-07 09:29:54,沪市ETF,555,516780.SH,SH,xtdata.get_stock_list_in_sector
2026-07-07,2026-07-07 09:29:54,沪市ETF,556,517100.SH,SH,xtdata.get_stock_list_in_sector
2026-07-07,2026-07-07 09:29:54,沪市ETF,557,588390.SH,SH,xtdata.get_stock_list_in_sector
2026-07-07,2026-07-07 09:29:54,沪市ETF,558,561660.SH,SH,xtdata.get_stock_list_in_sector
2026-07-07,2026-07-07 09:29:54,沪市ETF,559,562570.SH,SH,xtdata.get_stock_list_in_sector
2026-07-07,2026-07-07 09:29:54,沪市ETF,560,513190.SH,SH,xtdata.get_stock_list_in_sector
2026-07-07,2026-07-07 09:29:54,沪市ETF,561,512710.SH,SH,xtdata.get_stock_list_in_sector
2026-07-07,2026-07-07 09:29:54,沪市ETF,562,512560.SH,SH,xtdata.get_stock_list_in_sector
2026-07-07,2026-07-07 09:29:54,沪市ETF,563,511670.SH,SH,xtdata.get_stock_list_in_sector
2026-07-07,2026-07-07 09:29:54,沪市ETF,564,520950.SH,SH,xtdata.get_stock_list_in_sector
2026-07-07,2026-07-07 09:29:54,沪市ETF,565,530060.SH,SH,xtdata.get_stock_list_in_sector
2026-07-07,2026-07-07 09:29:54,沪市ETF,566,560290.SH,SH,xtdata.get_stock_list_in_sector
2026-07-07,2026-07-07 09:29:54,沪市ETF,567,517050.SH,SH,xtdata.get_stock_list_in_sector
2026-07-07,2026-07-07 09:29:54,沪市ETF,568,562700.SH,SH,xtdata.get_stock_list_in_sector
2026-07-07,2026-07-07 09:29:54,沪市ETF,569,563180.SH,SH,xtdata.get_stock_list_in_sector
2026-07-07,2026-07-07 09:29:54,沪市ETF,570,589393.SH,SH,xtdata.get_stock_list_in_sector
2026-07-07,2026-07-07 09:29:54,沪市ETF,571,512180.SH,SH,xtdata.get_stock_list_in_sector
2026-07-07,2026-07-07 09:29:54,沪市ETF,572,513700.SH,SH,xtdata.get_stock_list_in_sector
2026-07-07,2026-07-07 09:29:54,沪市ETF,573,510410.SH,SH,xtdata.get_stock_list_in_sector
2026-07-07,2026-07-07 09:29:54,沪市ETF,574,515960.SH,SH,xtdata.get_stock_list_in_sector
2026-07-07,2026-07-07 09:29:54,沪市ETF,575,588500.SH,SH,xtdata.get_stock_list_in_sector
2026-07-07,2026-07-07 09:29:54,沪市ETF,576,516230.SH,SH,xtdata.get_stock_list_in_sector
2026-07-07,2026-07-07 09:29:54,沪市ETF,577,589380.SH,SH,xtdata.get_stock_list_in_sector
2026-07-07,2026-07-07 09:29:54,沪市ETF,578,560670.SH,SH,xtdata.get_stock_list_in_sector
2026-07-07,2026-07-07 09:29:54,沪市ETF,579,563560.SH,SH,xtdata.get_stock_list_in_sector
2026-07-07,2026-07-07 09:29:54,沪市ETF,580,515120.SH,SH,xtdata.get_stock_list_in_sector
2026-07-07,2026-07-07 09:29:54,沪市ETF,581,561403.SH,SH,xtdata.get_stock_list_in_sector
2026-07-07,2026-07-07 09:29:54,沪市ETF,582,561280.SH,SH,xtdata.get_stock_list_in_sector
2026-07-07,2026-07-07 09:29:54,沪市ETF,583,588770.SH,SH,xtdata.get_stock_list_in_sector
2026-07-07,2026-07-07 09:29:54,沪市ETF,584,560400.SH,SH,xtdata.get_stock_list_in_sector
2026-07-07,2026-07-07 09:29:54,沪市ETF,585,515350.SH,SH,xtdata.get_stock_list_in_sector
2026-07-07,2026-07-07 09:29:54,沪市ETF,586,520780.SH,SH,xtdata.get_stock_list_in_sector
2026-07-07,2026-07-07 09:29:54,沪市ETF,587,516800.SH,SH,xtdata.get_stock_list_in_sector
2026-07-07,2026-07-07 09:29:54,沪市ETF,588,510660.SH,SH,xtdata.get_stock_list_in_sector
2026-07-07,2026-07-07 09:29:54,沪市ETF,589,562550.SH,SH,xtdata.get_stock_list_in_sector
2026-07-07,2026-07-07 09:29:54,沪市ETF,590,515790.SH,SH,xtdata.get_stock_list_in_sector
2026-07-07,2026-07-07 09:29:54,沪市ETF,591,561634.SH,SH,xtdata.get_stock_list_in_sector
2026-07-07,2026-07-07 09:29:54,沪市ETF,592,517200.SH,SH,xtdata.get_stock_list_in_sector
2026-07-07,2026-07-07 09:29:54,沪市ETF,593,560880.SH,SH,xtdata.get_stock_list_in_sector
2026-07-07,2026-07-07 09:29:54,沪市ETF,594,512730.SH,SH,xtdata.get_stock_list_in_sector
2026-07-07,2026-07-07 09:29:54,沪市ETF,595,511650.SH,SH,xtdata.get_stock_list_in_sector
2026-07-07,2026-07-07 09:29:54,沪市ETF,596,530800.SH,SH,xtdata.get_stock_list_in_sector
2026-07-07,2026-07-07 09:29:54,沪市ETF,597,588980.SH,SH,xtdata.get_stock_list_in_sector
2026-07-07,2026-07-07 09:29:54,沪市ETF,598,588533.SH,SH,xtdata.get_stock_list_in_sector
2026-07-07,2026-07-07 09:29:54,沪市ETF,599,520970.SH,SH,xtdata.get_stock_list_in_sector
2026-07-07,2026-07-07 09:29:54,沪市ETF,600,561430.SH,SH,xtdata.get_stock_list_in_sector
2026-07-07,2026-07-07 09:29:54,沪市ETF,601,513720.SH,SH,xtdata.get_stock_list_in_sector
2026-07-07,2026-07-07 09:29:54,沪市ETF,602,515100.SH,SH,xtdata.get_stock_list_in_sector
2026-07-07,2026-07-07 09:29:54,沪市ETF,603,561423.SH,SH,xtdata.get_stock_list_in_sector
2026-07-07,2026-07-07 09:29:54,沪市ETF,604,588520.SH,SH,xtdata.get_stock_list_in_sector
2026-07-07,2026-07-07 09:29:54,沪市ETF,605,516210.SH,SH,xtdata.get_stock_list_in_sector
2026-07-07,2026-07-07 09:29:54,沪市ETF,606,560650.SH,SH,xtdata.get_stock_list_in_sector
2026-07-07,2026-07-07 09:29:54,沪市ETF,607,515370.SH,SH,xtdata.get_stock_list_in_sector
2026-07-07,2026-07-07 09:29:54,沪市ETF,608,511880.SH,SH,xtdata.get_stock_list_in_sector
2026-07-07,2026-07-07 09:29:54,沪市ETF,609,588750.SH,SH,xtdata.get_stock_list_in_sector
2026-07-07,2026-07-07 09:29:54,沪市ETF,610,516060.SH,SH,xtdata.get_stock_list_in_sector
2026-07-07,2026-07-07 09:29:54,沪市ETF,611,560420.SH,SH,xtdata.get_stock_list_in_sector
2026-07-07,2026-07-07 09:29:54,沪市ETF,612,589990.SH,SH,xtdata.get_stock_list_in_sector
2026-07-07,2026-07-07 09:29:54,沪市ETF,613,516820.SH,SH,xtdata.get_stock_list_in_sector
2026-07-07,2026-07-07 09:29:54,沪市ETF,614,513550.SH,SH,xtdata.get_stock_list_in_sector
2026-07-07,2026-07-07 09:29:54,沪市ETF,615,510560.SH,SH,xtdata.get_stock_list_in_sector
2026-07-07,2026-07-07 09:29:54,沪市ETF,616,515810.SH,SH,xtdata.get_stock_list_in_sector
2026-07-07,2026-07-07 09:29:54,沪市ETF,617,588470.SH,SH,xtdata.get_stock_list_in_sector
2026-07-07,2026-07-07 09:29:54,沪市ETF,618,561180.SH,SH,xtdata.get_stock_list_in_sector
2026-07-07,2026-07-07 09:29:54,沪市ETF,619,560700.SH,SH,xtdata.get_stock_list_in_sector
2026-07-07,2026-07-07 09:29:54,沪市ETF,620,517133.SH,SH,xtdata.get_stock_list_in_sector
2026-07-07,2026-07-07 09:29:54,沪市ETF,621,551060.SH,SH,xtdata.get_stock_list_in_sector
2026-07-07,2026-07-07 09:29:54,沪市ETF,622,515050.SH,SH,xtdata.get_stock_list_in_sector
2026-07-07,2026-07-07 09:29:54,沪市ETF,623,560570.SH,SH,xtdata.get_stock_list_in_sector
2026-07-07,2026-07-07 09:29:54,沪市ETF,624,589080.SH,SH,xtdata.get_stock_list_in_sector
2026-07-07,2026-07-07 09:29:54,沪市ETF,625,516130.SH,SH,xtdata.get_stock_list_in_sector
2026-07-07,2026-07-07 09:29:54,沪市ETF,626,515220.SH,SH,xtdata.get_stock_list_in_sector
2026-07-07,2026-07-07 09:29:54,沪市ETF,627,563660.SH,SH,xtdata.get_stock_list_in_sector
2026-07-07,2026-07-07 09:29:54,沪市ETF,628,513400.SH,SH,xtdata.get_stock_list_in_sector
2026-07-07,2026-07-07 09:29:54,沪市ETF,629,516970.SH,SH,xtdata.get_stock_list_in_sector
2026-07-07,2026-07-07 09:29:54,沪市ETF,630,510710.SH,SH,xtdata.get_stock_list_in_sector
2026-07-07,2026-07-07 09:29:54,沪市ETF,631,511190.SH,SH,xtdata.get_stock_list_in_sector
2026-07-07,2026-07-07 09:29:54,沪市ETF,632,560190.SH,SH,xtdata.get_stock_list_in_sector
2026-07-07,2026-07-07 09:29:54,沪市ETF,633,517350.SH,SH,xtdata.get_stock_list_in_sector
2026-07-07,2026-07-07 09:29:54,沪市ETF,634,589414.SH,SH,xtdata.get_stock_list_in_sector
2026-07-07,2026-07-07 09:29:54,沪市ETF,635,563280.SH,SH,xtdata.get_stock_list_in_sector
2026-07-07,2026-07-07 09:29:54,沪市ETF,636,512660.SH,SH,xtdata.get_stock_list_in_sector
2026-07-07,2026-07-07 09:29:54,沪市ETF,637,513290.SH,SH,xtdata.get_stock_list_in_sector
2026-07-07,2026-07-07 09:29:54,沪市ETF,638,511700.SH,SH,xtdata.get_stock_list_in_sector
2026-07-07,2026-07-07 09:29:54,沪市ETF,639,510180.SH,SH,xtdata.get_stock_list_in_sector
2026-07-07,2026-07-07 09:29:54,沪市ETF,640,561560.SH,SH,xtdata.get_stock_list_in_sector
2026-07-07,2026-07-07 09:29:54,沪市ETF,641,588090.SH,SH,xtdata.get_stock_list_in_sector
2026-07-07,2026-07-07 09:29:54,沪市ETF,642,517120.SH,SH,xtdata.get_stock_list_in_sector
2026-07-07,2026-07-07 09:29:54,沪市ETF,643,520820.SH,SH,xtdata.get_stock_list_in_sector
2026-07-07,2026-07-07 09:29:54,沪市ETF,644,515043.SH,SH,xtdata.get_stock_list_in_sector
2026-07-07,2026-07-07 09:29:54,沪市ETF,645,511900.SH,SH,xtdata.get_stock_list_in_sector
2026-07-07,2026-07-07 09:29:54,沪市ETF,646,562030.SH,SH,xtdata.get_stock_list_in_sector
2026-07-07,2026-07-07 09:29:54,沪市ETF,647,589050.SH,SH,xtdata.get_stock_list_in_sector
2026-07-07,2026-07-07 09:29:54,沪市ETF,648,561320.SH,SH,xtdata.get_stock_list_in_sector
2026-07-07,2026-07-07 09:29:54,沪市ETF,649,562870.SH,SH,xtdata.get_stock_list_in_sector
2026-07-07,2026-07-07 09:29:54,沪市ETF,650,520620.SH,SH,xtdata.get_stock_list_in_sector
2026-07-07,2026-07-07 09:29:54,沪市ETF,651,512250.SH,SH,xtdata.get_stock_list_in_sector
2026-07-07,2026-07-07 09:29:54,沪市ETF,652,510143.SH,SH,xtdata.get_stock_list_in_sector
2026-07-07,2026-07-07 09:29:54,沪市ETF,653,561910.SH,SH,xtdata.get_stock_list_in_sector
2026-07-07,2026-07-07 09:29:54,沪市ETF,654,512020.SH,SH,xtdata.get_stock_list_in_sector
2026-07-07,2026-07-07 09:29:54,沪市ETF,655,515080.SH,SH,xtdata.get_stock_list_in_sector
2026-07-07,2026-07-07 09:29:54,沪市ETF,656,516390.SH,SH,xtdata.get_stock_list_in_sector
2026-07-07,2026-07-07 09:29:54,沪市ETF,657,589220.SH,SH,xtdata.get_stock_list_in_sector
2026-07-07,2026-07-07 09:29:54,沪市ETF,658,510150.SH,SH,xtdata.get_stock_list_in_sector
2026-07-07,2026-07-07 09:29:54,沪市ETF,659,563860.SH,SH,xtdata.get_stock_list_in_sector
2026-07-07,2026-07-07 09:29:54,沪市ETF,660,588800.SH,SH,xtdata.get_stock_list_in_sector
2026-07-07,2026-07-07 09:29:54,沪市ETF,661,513240.SH,SH,xtdata.get_stock_list_in_sector
2026-07-07,2026-07-07 09:29:54,沪市ETF,662,515460.SH,SH,xtdata.get_stock_list_in_sector
2026-07-07,2026-07-07 09:29:54,沪市ETF,663,563020.SH,SH,xtdata.get_stock_list_in_sector
2026-07-07,2026-07-07 09:29:54,沪市ETF,664,510910.SH,SH,xtdata.get_stock_list_in_sector
2026-07-07,2026-07-07 09:29:54,沪市ETF,665,588040.SH,SH,xtdata.get_stock_list_in_sector
2026-07-07,2026-07-07 09:29:54,沪市ETF,666,560330.SH,SH,xtdata.get_stock_list_in_sector
2026-07-07,2026-07-07 09:29:54,沪市ETF,667,516770.SH,SH,xtdata.get_stock_list_in_sector
2026-07-07,2026-07-07 09:29:54,沪市ETF,668,517380.SH,SH,xtdata.get_stock_list_in_sector
2026-07-07,2026-07-07 09:29:54,沪市ETF,669,588230.SH,SH,xtdata.get_stock_list_in_sector
2026-07-07,2026-07-07 09:29:54,沪市ETF,670,516500.SH,SH,xtdata.get_stock_list_in_sector
2026-07-07,2026-07-07 09:29:54,沪市ETF,671,513870.SH,SH,xtdata.get_stock_list_in_sector
2026-07-07,2026-07-07 09:29:54,沪市ETF,672,510320.SH,SH,xtdata.get_stock_list_in_sector
2026-07-07,2026-07-07 09:29:54,沪市ETF,673,513030.SH,SH,xtdata.get_stock_list_in_sector
2026-07-07,2026-07-07 09:29:54,沪市ETF,674,560900.SH,SH,xtdata.get_stock_list_in_sector
2026-07-07,2026-07-07 09:29:54,沪市ETF,675,588950.SH,SH,xtdata.get_stock_list_in_sector
2026-07-07,2026-07-07 09:29:54,沪市ETF,676,513310.SH,SH,xtdata.get_stock_list_in_sector
2026-07-07,2026-07-07 09:29:54,沪市ETF,677,563930.SH,SH,xtdata.get_stock_list_in_sector
2026-07-07,2026-07-07 09:29:54,沪市ETF,678,588110.SH,SH,xtdata.get_stock_list_in_sector
2026-07-07,2026-07-07 09:29:54,沪市ETF,679,516620.SH,SH,xtdata.get_stock_list_in_sector
2026-07-07,2026-07-07 09:29:54,沪市ETF,680,560260.SH,SH,xtdata.get_stock_list_in_sector
2026-07-07,2026-07-07 09:29:54,沪市ETF,681,561494.SH,SH,xtdata.get_stock_list_in_sector
2026-07-07,2026-07-07 09:29:54,沪市ETF,682,551500.SH,SH,xtdata.get_stock_list_in_sector
2026-07-07,2026-07-07 09:29:54,沪市ETF,683,589363.SH,SH,xtdata.get_stock_list_in_sector
2026-07-07,2026-07-07 09:29:54,沪市ETF,684,515530.SH,SH,xtdata.get_stock_list_in_sector
2026-07-07,2026-07-07 09:29:54,沪市ETF,685,588360.SH,SH,xtdata.get_stock_list_in_sector
2026-07-07,2026-07-07 09:29:54,沪市ETF,686,513920.SH,SH,xtdata.get_stock_list_in_sector
2026-07-07,2026-07-07 09:29:54,沪市ETF,687,560010.SH,SH,xtdata.get_stock_list_in_sector
2026-07-07,2026-07-07 09:29:54,沪市ETF,688,563300.SH,SH,xtdata.get_stock_list_in_sector
2026-07-07,2026-07-07 09:29:54,沪市ETF,689,562580.SH,SH,xtdata.get_stock_list_in_sector
2026-07-07,2026-07-07 09:29:54,沪市ETF,690,560850.SH,SH,xtdata.get_stock_list_in_sector
2026-07-07,2026-07-07 09:29:54,沪市ETF,691,513160.SH,SH,xtdata.get_stock_list_in_sector
2026-07-07,2026-07-07 09:29:54,沪市ETF,692,510270.SH,SH,xtdata.get_stock_list_in_sector
2026-07-07,2026-07-07 09:29:54,沪市ETF,693,589100.SH,SH,xtdata.get_stock_list_in_sector
2026-07-07,2026-07-07 09:29:54,沪市ETF,694,588780.SH,SH,xtdata.get_stock_list_in_sector
2026-07-07,2026-07-07 09:29:54,沪市ETF,695,516443.SH,SH,xtdata.get_stock_list_in_sector
2026-07-07,2026-07-07 09:29:54,沪市ETF,696,511850.SH,SH,xtdata.get_stock_list_in_sector
2026-07-07,2026-07-07 09:29:54,沪市ETF,697,513580.SH,SH,xtdata.get_stock_list_in_sector
2026-07-07,2026-07-07 09:29:54,沪市ETF,698,520770.SH,SH,xtdata.get_stock_list_in_sector
2026-07-07,2026-07-07 09:29:54,沪市ETF,699,511010.SH,SH,xtdata.get_stock_list_in_sector
2026-07-07,2026-07-07 09:29:54,沪市ETF,700,562920.SH,SH,xtdata.get_stock_list_in_sector
2026-07-07,2026-07-07 09:29:54,沪市ETF,701,512170.SH,SH,xtdata.get_stock_list_in_sector
2026-07-07,2026-07-07 09:29:54,沪市ETF,702,520500.SH,SH,xtdata.get_stock_list_in_sector
2026-07-07,2026-07-07 09:29:54,沪市ETF,703,511260.SH,SH,xtdata.get_stock_list_in_sector
2026-07-07,2026-07-07 09:29:54,沪市ETF,704,515990.SH,SH,xtdata.get_stock_list_in_sector
2026-07-07,2026-07-07 09:29:54,沪市ETF,705,560680.SH,SH,xtdata.get_stock_list_in_sector
2026-07-07,2026-07-07 09:29:54,沪市ETF,706,561000.SH,SH,xtdata.get_stock_list_in_sector
2026-07-07,2026-07-07 09:29:54,沪市ETF,707,512930.SH,SH,xtdata.get_stock_list_in_sector
2026-07-07,2026-07-07 09:29:54,沪市ETF,708,562310.SH,SH,xtdata.get_stock_list_in_sector
2026-07-07,2026-07-07 09:29:54,沪市ETF,709,563590.SH,SH,xtdata.get_stock_list_in_sector
2026-07-07,2026-07-07 09:29:54,沪市ETF,710,511100.SH,SH,xtdata.get_stock_list_in_sector
2026-07-07,2026-07-07 09:29:54,沪市ETF,711,520660.SH,SH,xtdata.get_stock_list_in_sector
2026-07-07,2026-07-07 09:29:54,沪市ETF,712,589850.SH,SH,xtdata.get_stock_list_in_sector
2026-07-07,2026-07-07 09:29:54,沪市ETF,713,562070.SH,SH,xtdata.get_stock_list_in_sector
2026-07-07,2026-07-07 09:29:54,沪市ETF,714,588690.SH,SH,xtdata.get_stock_list_in_sector
2026-07-07,2026-07-07 09:29:54,沪市ETF,715,561360.SH,SH,xtdata.get_stock_list_in_sector
2026-07-07,2026-07-07 09:29:54,沪市ETF,716,589010.SH,SH,xtdata.get_stock_list_in_sector
2026-07-07,2026-07-07 09:29:54,沪市ETF,717,512820.SH,SH,xtdata.get_stock_list_in_sector
2026-07-07,2026-07-07 09:29:54,沪市ETF,718,517550.SH,SH,xtdata.get_stock_list_in_sector
2026-07-07,2026-07-07 09:29:54,沪市ETF,719,560790.SH,SH,xtdata.get_stock_list_in_sector
2026-07-07,2026-07-07 09:29:54,沪市ETF,720,589260.SH,SH,xtdata.get_stock_list_in_sector
2026-07-07,2026-07-07 09:29:54,沪市ETF,721,515880.SH,SH,xtdata.get_stock_list_in_sector
2026-07-07,2026-07-07 09:29:54,沪市ETF,722,561950.SH,SH,xtdata.get_stock_list_in_sector
2026-07-07,2026-07-07 09:29:54,沪市ETF,723,512060.SH,SH,xtdata.get_stock_list_in_sector
2026-07-07,2026-07-07 09:29:54,沪市ETF,724,563060.SH,SH,xtdata.get_stock_list_in_sector
2026-07-07,2026-07-07 09:29:54,沪市ETF,725,510950.SH,SH,xtdata.get_stock_list_in_sector
2026-07-07,2026-07-07 09:29:54,沪市ETF,726,516730.SH,SH,xtdata.get_stock_list_in_sector
2026-07-07,2026-07-07 09:29:54,沪市ETF,727,589680.SH,SH,xtdata.get_stock_list_in_sector
2026-07-07,2026-07-07 09:29:54,沪市ETF,728,560370.SH,SH,xtdata.get_stock_list_in_sector
2026-07-07,2026-07-07 09:29:54,沪市ETF,729,588000.SH,SH,xtdata.get_stock_list_in_sector
2026-07-07,2026-07-07 09:29:54,沪市ETF,730,530180.SH,SH,xtdata.get_stock_list_in_sector
2026-07-07,2026-07-07 09:29:54,沪市ETF,731,513200.SH,SH,xtdata.get_stock_list_in_sector
2026-07-07,2026-07-07 09:29:54,沪市ETF,732,588840.SH,SH,xtdata.get_stock_list_in_sector
2026-07-07,2026-07-07 09:29:54,沪市ETF,733,512480.SH,SH,xtdata.get_stock_list_in_sector
2026-07-07,2026-07-07 09:29:54,沪市ETF,734,510360.SH,SH,xtdata.get_stock_list_in_sector
2026-07-07,2026-07-07 09:29:54,沪市ETF,735,513070.SH,SH,xtdata.get_stock_list_in_sector
2026-07-07,2026-07-07 09:29:54,沪市ETF,736,563210.SH,SH,xtdata.get_stock_list_in_sector
2026-07-07,2026-07-07 09:29:54,沪市ETF,737,515650.SH,SH,xtdata.get_stock_list_in_sector
2026-07-07,2026-07-07 09:29:54,沪市ETF,738,560100.SH,SH,xtdata.get_stock_list_in_sector
2026-07-07,2026-07-07 09:29:54,沪市ETF,739,513830.SH,SH,xtdata.get_stock_list_in_sector
2026-07-07,2026-07-07 09:29:54,沪市ETF,740,561780.SH,SH,xtdata.get_stock_list_in_sector
2026-07-07,2026-07-07 09:29:54,沪市ETF,741,588270.SH,SH,xtdata.get_stock_list_in_sector
2026-07-07,2026-07-07 09:29:54,沪市ETF,742,560220.SH,SH,xtdata.get_stock_list_in_sector
2026-07-07,2026-07-07 09:29:54,沪市ETF,743,516660.SH,SH,xtdata.get_stock_list_in_sector
2026-07-07,2026-07-07 09:29:54,沪市ETF,744,588150.SH,SH,xtdata.get_stock_list_in_sector
2026-07-07,2026-07-07 09:29:54,沪市ETF,745,589323.SH,SH,xtdata.get_stock_list_in_sector
2026-07-07,2026-07-07 09:29:54,沪市ETF,746,510800.SH,SH,xtdata.get_stock_list_in_sector
2026-07-07,2026-07-07 09:29:54,沪市ETF,747,513350.SH,SH,xtdata.get_stock_list_in_sector
2026-07-07,2026-07-07 09:29:54,沪市ETF,748,588910.SH,SH,xtdata.get_stock_list_in_sector
2026-07-07,2026-07-07 09:29:54,沪市ETF,749,510040.SH,SH,xtdata.get_stock_list_in_sector
2026-07-07,2026-07-07 09:29:54,沪市ETF,750,560810.SH,SH,xtdata.get_stock_list_in_sector
2026-07-07,2026-07-07 09:29:54,沪市ETF,751,513120.SH,SH,xtdata.get_stock_list_in_sector
2026-07-07,2026-07-07 09:29:54,沪市ETF,752,510230.SH,SH,xtdata.get_stock_list_in_sector
2026-07-07,2026-07-07 09:29:54,沪市ETF,753,560050.SH,SH,xtdata.get_stock_list_in_sector
2026-07-07,2026-07-07 09:29:54,沪市ETF,754,588320.SH,SH,xtdata.get_stock_list_in_sector
2026-07-07,2026-07-07 09:29:54,沪市ETF,755,515700.SH,SH,xtdata.get_stock_list_in_sector
2026-07-07,2026-07-07 09:29:54,沪市ETF,756,520744.SH,SH,xtdata.get_stock_list_in_sector
2026-07-07,2026-07-07 09:29:54,沪市ETF,757,589900.SH,SH,xtdata.get_stock_list_in_sector
2026-07-07,2026-07-07 09:29:54,沪市ETF,758,520730.SH,SH,xtdata.get_stock_list_in_sector
2026-07-07,2026-07-07 09:29:54,沪市ETF,759,562960.SH,SH,xtdata.get_stock_list_in_sector
2026-07-07,2026-07-07 09:29:54,沪市ETF,760,561230.SH,SH,xtdata.get_stock_list_in_sector
2026-07-07,2026-07-07 09:29:54,沪市ETF,761,511810.SH,SH,xtdata.get_stock_list_in_sector
2026-07-07,2026-07-07 09:29:54,沪市ETF,762,517400.SH,SH,xtdata.get_stock_list_in_sector
2026-07-07,2026-07-07 09:29:54,沪市ETF,763,512970.SH,SH,xtdata.get_stock_list_in_sector
2026-07-07,2026-07-07 09:29:54,沪市ETF,764,589330.SH,SH,xtdata.get_stock_list_in_sector
2026-07-07,2026-07-07 09:29:54,沪市ETF,765,515190.SH,SH,xtdata.get_stock_list_in_sector
2026-07-07,2026-07-07 09:29:54,沪市ETF,766,562350.SH,SH,xtdata.get_stock_list_in_sector
2026-07-07,2026-07-07 09:29:54,沪市ETF,767,512130.SH,SH,xtdata.get_stock_list_in_sector
2026-07-07,2026-07-07 09:29:54,沪市ETF,768,561800.SH,SH,xtdata.get_stock_list_in_sector
2026-07-07,2026-07-07 09:29:54,沪市ETF,769,511220.SH,SH,xtdata.get_stock_list_in_sector
2026-07-07,2026-07-07 09:29:54,沪市ETF,770,512770.SH,SH,xtdata.get_stock_list_in_sector
2026-07-07,2026-07-07 09:29:54,沪市ETF,771,563390.SH,SH,xtdata.get_stock_list_in_sector
2026-07-07,2026-07-07 09:29:54,沪市ETF,772,562510.SH,SH,xtdata.get_stock_list_in_sector
2026-07-07,2026-07-07 09:29:54,沪市ETF,773,561600.SH,SH,xtdata.get_stock_list_in_sector
2026-07-07,2026-07-07 09:29:54,沪市ETF,774,560080.SH,SH,xtdata.get_stock_list_in_sector
2026-07-07,2026-07-07 09:29:54,沪市ETF,775,520930.SH,SH,xtdata.get_stock_list_in_sector
2026-07-07,2026-07-07 09:29:54,沪市ETF,776,561404.SH,SH,xtdata.get_stock_list_in_sector
2026-07-07,2026-07-07 09:29:54,沪市ETF,777,530000.SH,SH,xtdata.get_stock_list_in_sector
2026-07-07,2026-07-07 09:29:54,沪市ETF,778,517030.SH,SH,xtdata.get_stock_list_in_sector
2026-07-07,2026-07-07 09:29:54,沪市ETF,779,588180.SH,SH,xtdata.get_stock_list_in_sector
2026-07-07,2026-07-07 09:29:54,沪市ETF,780,589700.SH,SH,xtdata.get_stock_list_in_sector
2026-07-07,2026-07-07 09:29:54,沪市ETF,781,510090.SH,SH,xtdata.get_stock_list_in_sector
2026-07-07,2026-07-07 09:29:54,沪市ETF,782,512500.SH,SH,xtdata.get_stock_list_in_sector
2026-07-07,2026-07-07 09:29:54,沪市ETF,783,513380.SH,SH,xtdata.get_stock_list_in_sector
2026-07-07,2026-07-07 09:29:54,沪市ETF,784,562380.SH,SH,xtdata.get_stock_list_in_sector
2026-07-07,2026-07-07 09:29:54,沪市ETF,785,563500.SH,SH,xtdata.get_stock_list_in_sector
2026-07-07,2026-07-07 09:29:54,沪市ETF,786,561463.SH,SH,xtdata.get_stock_list_in_sector
2026-07-07,2026-07-07 09:29:54,沪市ETF,787,560610.SH,SH,xtdata.get_stock_list_in_sector
2026-07-07,2026-07-07 09:29:54,沪市ETF,788,516250.SH,SH,xtdata.get_stock_list_in_sector
2026-07-07,2026-07-07 09:29:54,沪市ETF,789,561090.SH,SH,xtdata.get_stock_list_in_sector
2026-07-07,2026-07-07 09:29:54,沪市ETF,790,515900.SH,SH,xtdata.get_stock_list_in_sector
2026-07-07,2026-07-07 09:29:54,沪市ETF,791,520590.SH,SH,xtdata.get_stock_list_in_sector
2026-07-07,2026-07-07 09:29:54,沪市ETF,792,510600.SH,SH,xtdata.get_stock_list_in_sector
2026-07-07,2026-07-07 09:29:54,沪市ETF,793,516860.SH,SH,xtdata.get_stock_list_in_sector
2026-07-07,2026-07-07 09:29:54,沪市ETF,794,512390.SH,SH,xtdata.get_stock_list_in_sector
2026-07-07,2026-07-07 09:29:54,沪市ETF,795,515330.SH,SH,xtdata.get_stock_list_in_sector
2026-07-07,2026-07-07 09:29:54,沪市ETF,796,563770.SH,SH,xtdata.get_stock_list_in_sector
2026-07-07,2026-07-07 09:29:54,沪市ETF,797,551300.SH,SH,xtdata.get_stock_list_in_sector
2026-07-07,2026-07-07 09:29:54,沪市ETF,798,560460.SH,SH,xtdata.get_stock_list_in_sector
2026-07-07,2026-07-07 09:29:54,沪市ETF,799,516020.SH,SH,xtdata.get_stock_list_in_sector
2026-07-07,2026-07-07 09:29:54,沪市ETF,800,589190.SH,SH,xtdata.get_stock_list_in_sector
2026-07-07,2026-07-07 09:29:54,沪市ETF,801,588710.SH,SH,xtdata.get_stock_list_in_sector
2026-07-07,2026-07-07 09:29:54,沪市ETF,802,516300.SH,SH,xtdata.get_stock_list_in_sector
2026-07-07,2026-07-07 09:29:54,沪市ETF,803,588430.SH,SH,xtdata.get_stock_list_in_sector
2026-07-07,2026-07-07 09:29:54,沪市ETF,804,515010.SH,SH,xtdata.get_stock_list_in_sector
2026-07-07,2026-07-07 09:29:54,沪市ETF,805,513630.SH,SH,xtdata.get_stock_list_in_sector
2026-07-07,2026-07-07 09:29:54,沪市ETF,806,561980.SH,SH,xtdata.get_stock_list_in_sector
2026-07-07,2026-07-07 09:29:54,沪市ETF,807,515850.SH,SH,xtdata.get_stock_list_in_sector
2026-07-07,2026-07-07 09:29:54,沪市ETF,808,516930.SH,SH,xtdata.get_stock_list_in_sector
2026-07-07,2026-07-07 09:29:54,沪市ETF,809,589880.SH,SH,xtdata.get_stock_list_in_sector
2026-07-07,2026-07-07 09:29:54,沪市ETF,810,560530.SH,SH,xtdata.get_stock_list_in_sector
2026-07-07,2026-07-07 09:29:54,沪市ETF,811,511990.SH,SH,xtdata.get_stock_list_in_sector
2026-07-07,2026-07-07 09:29:54,沪市ETF,812,563620.SH,SH,xtdata.get_stock_list_in_sector
2026-07-07,2026-07-07 09:29:54,沪市ETF,813,515260.SH,SH,xtdata.get_stock_list_in_sector
2026-07-07,2026-07-07 09:29:54,沪市ETF,814,512620.SH,SH,xtdata.get_stock_list_in_sector
2026-07-07,2026-07-07 09:29:54,沪市ETF,815,560990.SH,SH,xtdata.get_stock_list_in_sector
2026-07-07,2026-07-07 09:29:54,沪市ETF,816,561750.SH,SH,xtdata.get_stock_list_in_sector
2026-07-07,2026-07-07 09:29:54,沪市ETF,817,516590.SH,SH,xtdata.get_stock_list_in_sector
2026-07-07,2026-07-07 09:29:54,沪市ETF,818,515680.SH,SH,xtdata.get_stock_list_in_sector
2026-07-07,2026-07-07 09:29:54,沪市ETF,819,517160.SH,SH,xtdata.get_stock_list_in_sector
2026-07-07,2026-07-07 09:29:54,沪市ETF,820,520860.SH,SH,xtdata.get_stock_list_in_sector
2026-07-07,2026-07-07 09:29:54,沪市ETF,821,510980.SH,SH,xtdata.get_stock_list_in_sector
2026-07-07,2026-07-07 09:29:54,沪市ETF,822,588890.SH,SH,xtdata.get_stock_list_in_sector
2026-07-07,2026-07-07 09:29:54,沪市ETF,823,512450.SH,SH,xtdata.get_stock_list_in_sector
2026-07-07,2026-07-07 09:29:54,沪市ETF,824,512424.SH,SH,xtdata.get_stock_list_in_sector
2026-07-07,2026-07-07 09:29:54,沪市ETF,825,515843.SH,SH,xtdata.get_stock_list_in_sector
2026-07-07,2026-07-07 09:29:54,沪市ETF,826,515044.SH,SH,xtdata.get_stock_list_in_sector
2026-07-07,2026-07-07 09:29:54,沪市ETF,827,551000.SH,SH,xtdata.get_stock_list_in_sector
2026-07-07,2026-07-07 09:29:54,沪市ETF,828,515030.SH,SH,xtdata.get_stock_list_in_sector
2026-07-07,2026-07-07 09:29:54,沪市ETF,829,589290.SH,SH,xtdata.get_stock_list_in_sector
2026-07-07,2026-07-07 09:29:54,沪市ETF,830,516320.SH,SH,xtdata.get_stock_list_in_sector
2026-07-07,2026-07-07 09:29:54,沪市ETF,831,518880.SH,SH,xtdata.get_stock_list_in_sector
2026-07-07,2026-07-07 09:29:54,沪市ETF,832,588410.SH,SH,xtdata.get_stock_list_in_sector
2026-07-07,2026-07-07 09:29:54,沪市ETF,833,511380.SH,SH,xtdata.get_stock_list_in_sector
2026-07-07,2026-07-07 09:29:54,沪市ETF,834,510500.SH,SH,xtdata.get_stock_list_in_sector
2026-07-07,2026-07-07 09:29:54,沪市ETF,835,512090.SH,SH,xtdata.get_stock_list_in_sector
2026-07-07,2026-07-07 09:29:54,沪市ETF,836,510770.SH,SH,xtdata.get_stock_list_in_sector
2026-07-07,2026-07-07 09:29:54,沪市ETF,837,516910.SH,SH,xtdata.get_stock_list_in_sector
2026-07-07,2026-07-07 09:29:54,沪市ETF,838,520690.SH,SH,xtdata.get_stock_list_in_sector
2026-07-07,2026-07-07 09:29:54,沪市ETF,839,589413.SH,SH,xtdata.get_stock_list_in_sector
2026-07-07,2026-07-07 09:29:54,沪市ETF,840,562080.SH,SH,xtdata.get_stock_list_in_sector
2026-07-07,2026-07-07 09:29:54,沪市ETF,841,563600.SH,SH,xtdata.get_stock_list_in_sector
2026-07-07,2026-07-07 09:29:54,沪市ETF,842,516150.SH,SH,xtdata.get_stock_list_in_sector
2026-07-07,2026-07-07 09:29:54,沪市ETF,843,560510.SH,SH,xtdata.get_stock_list_in_sector
2026-07-07,2026-07-07 09:29:54,沪市ETF,844,588660.SH,SH,xtdata.get_stock_list_in_sector
2026-07-07,2026-07-07 09:29:54,沪市ETF,845,510390.SH,SH,xtdata.get_stock_list_in_sector
2026-07-07,2026-07-07 09:29:54,沪市ETF,846,512600.SH,SH,xtdata.get_stock_list_in_sector
2026-07-07,2026-07-07 09:29:54,沪市ETF,847,513080.SH,SH,xtdata.get_stock_list_in_sector
2026-07-07,2026-07-07 09:29:54,沪市ETF,848,588280.SH,SH,xtdata.get_stock_list_in_sector
2026-07-07,2026-07-07 09:29:54,沪市ETF,849,517330.SH,SH,xtdata.get_stock_list_in_sector
2026-07-07,2026-07-07 09:29:54,沪市ETF,850,561770.SH,SH,xtdata.get_stock_list_in_sector
2026-07-07,2026-07-07 09:29:54,沪市ETF,851,530300.SH,SH,xtdata.get_stock_list_in_sector
2026-07-07,2026-07-07 09:29:54,沪市ETF,852,563090.SH,SH,xtdata.get_stock_list_in_sector
2026-07-07,2026-07-07 09:29:54,沪市ETF,853,561500.SH,SH,xtdata.get_stock_list_in_sector
2026-07-07,2026-07-07 09:29:54,沪市ETF,854,560380.SH,SH,xtdata.get_stock_list_in_sector
2026-07-07,2026-07-07 09:29:54,沪市ETF,855,520840.SH,SH,xtdata.get_stock_list_in_sector
2026-07-07,2026-07-07 09:29:54,沪市ETF,856,517900.SH,SH,xtdata.get_stock_list_in_sector
2026-07-07,2026-07-07 09:29:54,沪市ETF,857,512750.SH,SH,xtdata.get_stock_list_in_sector
2026-07-07,2026-07-07 09:29:54,沪市ETF,858,589550.SH,SH,xtdata.get_stock_list_in_sector
2026-07-07,2026-07-07 09:29:54,沪市ETF,859,513990.SH,SH,xtdata.get_stock_list_in_sector
2026-07-07,2026-07-07 09:29:54,沪市ETF,860,562530.SH,SH,xtdata.get_stock_list_in_sector
2026-07-07,2026-07-07 09:29:54,沪市ETF,861,520910.SH,SH,xtdata.get_stock_list_in_sector
2026-07-07,2026-07-07 09:29:54,沪市ETF,862,517010.SH,SH,xtdata.get_stock_list_in_sector
2026-07-07,2026-07-07 09:29:54,沪市ETF,863,589720.SH,SH,xtdata.get_stock_list_in_sector
2026-07-07,2026-07-07 09:29:54,沪市ETF,864,515580.SH,SH,xtdata.get_stock_list_in_sector
2026-07-07,2026-07-07 09:29:54,沪市ETF,865,517850.SH,SH,xtdata.get_stock_list_in_sector
2026-07-07,2026-07-07 09:29:54,沪市ETF,866,512520.SH,SH,xtdata.get_stock_list_in_sector
2026-07-07,2026-07-07 09:29:54,沪市ETF,867,563980.SH,SH,xtdata.get_stock_list_in_sector
2026-07-07,2026-07-07 09:29:54,沪市ETF,868,588534.SH,SH,xtdata.get_stock_list_in_sector
2026-07-07,2026-07-07 09:29:54,沪市ETF,869,560630.SH,SH,xtdata.get_stock_list_in_sector
2026-07-07,2026-07-07 09:29:54,沪市ETF,870,516270.SH,SH,xtdata.get_stock_list_in_sector
2026-07-07,2026-07-07 09:29:54,沪市ETF,871,512980.SH,SH,xtdata.get_stock_list_in_sector
2026-07-07,2026-07-07 09:29:54,沪市ETF,872,515160.SH,SH,xtdata.get_stock_list_in_sector
2026-07-07,2026-07-07 09:29:54,沪市ETF,873,563520.SH,SH,xtdata.get_stock_list_in_sector
2026-07-07,2026-07-07 09:29:54,沪市ETF,874,515920.SH,SH,xtdata.get_stock_list_in_sector
2026-07-07,2026-07-07 09:29:54,沪市ETF,875,513530.SH,SH,xtdata.get_stock_list_in_sector
2026-07-07,2026-07-07 09:29:54,沪市ETF,876,516840.SH,SH,xtdata.get_stock_list_in_sector
2026-07-07,2026-07-07 09:29:54,沪市ETF,877,562990.SH,SH,xtdata.get_stock_list_in_sector
2026-07-07,2026-07-07 09:29:54,沪市ETF,878,516000.SH,SH,xtdata.get_stock_list_in_sector
2026-07-07,2026-07-07 09:29:54,沪市ETF,879,588730.SH,SH,xtdata.get_stock_list_in_sector
2026-07-07,2026-07-07 09:29:54,沪市ETF,880,515310.SH,SH,xtdata.get_stock_list_in_sector
2026-07-07,2026-07-07 09:29:54,沪市ETF,881,563750.SH,SH,xtdata.get_stock_list_in_sector
2026-07-07,2026-07-07 09:29:54,沪市ETF,882,561633.SH,SH,xtdata.get_stock_list_in_sector
2026-07-07,2026-07-07 09:29:54,沪市ETF,883,551560.SH,SH,xtdata.get_stock_list_in_sector
2026-07-07,2026-07-07 09:29:54,沪市ETF,884,515550.SH,SH,xtdata.get_stock_list_in_sector
2026-07-07,2026-07-07 09:29:54,沪市ETF,885,516640.SH,SH,xtdata.get_stock_list_in_sector
2026-07-07,2026-07-07 09:29:54,沪市ETF,886,588170.SH,SH,xtdata.get_stock_list_in_sector
2026-07-07,2026-07-07 09:29:54,沪市ETF,887,510060.SH,SH,xtdata.get_stock_list_in_sector
2026-07-07,2026-07-07 09:29:54,沪市ETF,888,517880.SH,SH,xtdata.get_stock_list_in_sector
2026-07-07,2026-07-07 09:29:54,沪市ETF,889,588930.SH,SH,xtdata.get_stock_list_in_sector
2026-07-07,2026-07-07 09:29:54,沪市ETF,890,510210.SH,SH,xtdata.get_stock_list_in_sector
2026-07-07,2026-07-07 09:29:54,沪市ETF,891,513100.SH,SH,xtdata.get_stock_list_in_sector
2026-07-07,2026-07-07 09:29:54,沪市ETF,892,560830.SH,SH,xtdata.get_stock_list_in_sector
2026-07-07,2026-07-07 09:29:54,沪市ETF,893,515720.SH,SH,xtdata.get_stock_list_in_sector
2026-07-07,2026-07-07 09:29:54,沪市ETF,894,563360.SH,SH,xtdata.get_stock_list_in_sector
2026-07-07,2026-07-07 09:29:54,沪市ETF,895,530280.SH,SH,xtdata.get_stock_list_in_sector
2026-07-07,2026-07-07 09:29:54,沪市ETF,896,560070.SH,SH,xtdata.get_stock_list_in_sector
2026-07-07,2026-07-07 09:29:54,沪市ETF,897,589580.SH,SH,xtdata.get_stock_list_in_sector
2026-07-07,2026-07-07 09:29:54,沪市ETF,898,588300.SH,SH,xtdata.get_stock_list_in_sector
2026-07-07,2026-07-07 09:29:54,沪市ETF,899,511070.SH,SH,xtdata.get_stock_list_in_sector
2026-07-07,2026-07-07 09:29:54,沪市ETF,900,512360.SH,SH,xtdata.get_stock_list_in_sector
2026-07-07,2026-07-07 09:29:54,沪市ETF,901,516890.SH,SH,xtdata.get_stock_list_in_sector
2026-07-07,2026-07-07 09:29:54,沪市ETF,902,520710.SH,SH,xtdata.get_stock_list_in_sector
2026-07-07,2026-07-07 09:29:54,沪市ETF,903,563780.SH,SH,xtdata.get_stock_list_in_sector
2026-07-07,2026-07-07 09:29:54,沪市ETF,904,511830.SH,SH,xtdata.get_stock_list_in_sector
2026-07-07,2026-07-07 09:29:54,沪市ETF,905,589160.SH,SH,xtdata.get_stock_list_in_sector
2026-07-07,2026-07-07 09:29:54,沪市ETF,906,560490.SH,SH,xtdata.get_stock_list_in_sector
2026-07-07,2026-07-07 09:29:54,沪市ETF,907,561493.SH,SH,xtdata.get_stock_list_in_sector
2026-07-07,2026-07-07 09:29:54,沪市ETF,908,512950.SH,SH,xtdata.get_stock_list_in_sector
2026-07-07,2026-07-07 09:29:54,沪市ETF,909,561060.SH,SH,xtdata.get_stock_list_in_sector
2026-07-07,2026-07-07 09:29:54,沪市ETF,910,589310.SH,SH,xtdata.get_stock_list_in_sector
2026-07-07,2026-07-07 09:29:54,沪市ETF,911,511200.SH,SH,xtdata.get_stock_list_in_sector
2026-07-07,2026-07-07 09:29:54,沪市ETF,912,520560.SH,SH,xtdata.get_stock_list_in_sector
2026-07-07,2026-07-07 09:29:54,沪市ETF,913,511120.SH,SH,xtdata.get_stock_list_in_sector
2026-07-07,2026-07-07 09:29:54,沪市ETF,914,562810.SH,SH,xtdata.get_stock_list_in_sector
2026-07-07,2026-07-07 09:29:54,沪市ETF,915,516180.SH,SH,xtdata.get_stock_list_in_sector
2026-07-07,2026-07-07 09:29:54,沪市ETF,916,589030.SH,SH,xtdata.get_stock_list_in_sector
2026-07-07,2026-07-07 09:29:54,沪市ETF,917,515290.SH,SH,xtdata.get_stock_list_in_sector
2026-07-07,2026-07-07 09:29:54,沪市ETF,918,562050.SH,SH,xtdata.get_stock_list_in_sector
2026-07-07,2026-07-07 09:29:54,沪市ETF,919,511960.SH,SH,xtdata.get_stock_list_in_sector
2026-07-07,2026-07-07 09:29:54,沪市ETF,920,561130.SH,SH,xtdata.get_stock_list_in_sector
2026-07-07,2026-07-07 09:29:54,沪市ETF,921,518850.SH,SH,xtdata.get_stock_list_in_sector
2026-07-07,2026-07-07 09:29:54,沪市ETF,922,512800.SH,SH,xtdata.get_stock_list_in_sector
2026-07-07,2026-07-07 09:29:54,沪市ETF,923,512040.SH,SH,xtdata.get_stock_list_in_sector
2026-07-07,2026-07-07 09:29:54,沪市ETF,924,520890.SH,SH,xtdata.get_stock_list_in_sector
2026-07-07,2026-07-07 09:29:54,沪市ETF,925,516710.SH,SH,xtdata.get_stock_list_in_sector
2026-07-07,2026-07-07 09:29:54,沪市ETF,926,560350.SH,SH,xtdata.get_stock_list_in_sector
2026-07-07,2026-07-07 09:29:54,沪市ETF,927,588020.SH,SH,xtdata.get_stock_list_in_sector
2026-07-07,2026-07-07 09:29:54,沪市ETF,928,515400.SH,SH,xtdata.get_stock_list_in_sector
2026-07-07,2026-07-07 09:29:54,沪市ETF,929,513220.SH,SH,xtdata.get_stock_list_in_sector
2026-07-07,2026-07-07 09:29:54,沪市ETF,930,588860.SH,SH,xtdata.get_stock_list_in_sector
2026-07-07,2026-07-07 09:29:54,沪市ETF,931,563800.SH,SH,xtdata.get_stock_list_in_sector
2026-07-07,2026-07-07 09:29:54,沪市ETF,932,510130.SH,SH,xtdata.get_stock_list_in_sector
2026-07-07,2026-07-07 09:29:54,沪市ETF,933,513050.SH,SH,xtdata.get_stock_list_in_sector
2026-07-07,2026-07-07 09:29:54,沪市ETF,934,518680.SH,SH,xtdata.get_stock_list_in_sector
2026-07-07,2026-07-07 09:29:54,沪市ETF,935,513810.SH,SH,xtdata.get_stock_list_in_sector
2026-07-07,2026-07-07 09:29:54,沪市ETF,936,516560.SH,SH,xtdata.get_stock_list_in_sector
2026-07-07,2026-07-07 09:29:54,沪市ETF,937,560120.SH,SH,xtdata.get_stock_list_in_sector
2026-07-07,2026-07-07 09:29:54,沪市ETF,938,588250.SH,SH,xtdata.get_stock_list_in_sector
2026-07-07,2026-07-07 09:29:54,沪市ETF,939,563230.SH,SH,xtdata.get_stock_list_in_sector
2026-07-07,2026-07-07 09:29:54,深市ETF,1,159960.SZ,SZ,xtdata.get_stock_list_in_sector
2026-07-07,2026-07-07 09:29:54,深市ETF,2,159056.SZ,SZ,xtdata.get_stock_list_in_sector
2026-07-07,2026-07-07 09:29:54,深市ETF,3,159022.SZ,SZ,xtdata.get_stock_list_in_sector
2026-07-07,2026-07-07 09:29:54,深市ETF,4,159120.SZ,SZ,xtdata.get_stock_list_in_sector
2026-07-07,2026-07-07 09:29:54,深市ETF,5,159816.SZ,SZ,xtdata.get_stock_list_in_sector
2026-07-07,2026-07-07 09:29:54,深市ETF,6,159862.SZ,SZ,xtdata.get_stock_list_in_sector
2026-07-07,2026-07-07 09:29:54,深市ETF,7,159350.SZ,SZ,xtdata.get_stock_list_in_sector
2026-07-07,2026-07-07 09:29:54,深市ETF,8,159226.SZ,SZ,xtdata.get_stock_list_in_sector
2026-07-07,2026-07-07 09:29:54,深市ETF,9,159649.SZ,SZ,xtdata.get_stock_list_in_sector
2026-07-07,2026-07-07 09:29:54,深市ETF,10,159337.SZ,SZ,xtdata.get_stock_list_in_sector
2026-07-07,2026-07-07 09:29:54,深市ETF,11,159758.SZ,SZ,xtdata.get_stock_list_in_sector
2026-07-07,2026-07-07 09:29:54,深市ETF,12,159235.SZ,SZ,xtdata.get_stock_list_in_sector
2026-07-07,2026-07-07 09:29:54,深市ETF,13,159241.SZ,SZ,xtdata.get_stock_list_in_sector
2026-07-07,2026-07-07 09:29:54,深市ETF,14,159045.SZ,SZ,xtdata.get_stock_list_in_sector
2026-07-07,2026-07-07 09:29:54,深市ETF,15,159031.SZ,SZ,xtdata.get_stock_list_in_sector
2026-07-07,2026-07-07 09:29:54,深市ETF,16,159907.SZ,SZ,xtdata.get_stock_list_in_sector
2026-07-07,2026-07-07 09:29:54,深市ETF,17,159973.SZ,SZ,xtdata.get_stock_list_in_sector
2026-07-07,2026-07-07 09:29:54,深市ETF,18,159805.SZ,SZ,xtdata.get_stock_list_in_sector
2026-07-07,2026-07-07 09:29:54,深市ETF,19,159871.SZ,SZ,xtdata.get_stock_list_in_sector
2026-07-07,2026-07-07 09:29:54,深市ETF,20,159147.SZ,SZ,xtdata.get_stock_list_in_sector
2026-07-07,2026-07-07 09:29:54,深市ETF,21,159133.SZ,SZ,xtdata.get_stock_list_in_sector
2026-07-07,2026-07-07 09:29:54,深市ETF,22,159528.SZ,SZ,xtdata.get_stock_list_in_sector
2026-07-07,2026-07-07 09:29:54,深市ETF,23,159899.SZ,SZ,xtdata.get_stock_list_in_sector
2026-07-07,2026-07-07 09:29:54,深市ETF,24,159213.SZ,SZ,xtdata.get_stock_list_in_sector
2026-07-07,2026-07-07 09:29:54,深市ETF,25,159608.SZ,SZ,xtdata.get_stock_list_in_sector
2026-07-07,2026-07-07 09:29:54,深市ETF,26,159267.SZ,SZ,xtdata.get_stock_list_in_sector
2026-07-07,2026-07-07 09:29:54,深市ETF,27,159796.SZ,SZ,xtdata.get_stock_list_in_sector
2026-07-07,2026-07-07 09:29:54,深市ETF,28,159311.SZ,SZ,xtdata.get_stock_list_in_sector
2026-07-07,2026-07-07 09:29:54,深市ETF,29,159365.SZ,SZ,xtdata.get_stock_list_in_sector
2026-07-07,2026-07-07 09:29:54,深市ETF,30,159189.SZ,SZ,xtdata.get_stock_list_in_sector
2026-07-07,2026-07-07 09:29:54,深市ETF,31,159592.SZ,SZ,xtdata.get_stock_list_in_sector
2026-07-07,2026-07-07 09:29:54,深市ETF,32,159857.SZ,SZ,xtdata.get_stock_list_in_sector
2026-07-07,2026-07-07 09:29:54,深市ETF,33,159161.SZ,SZ,xtdata.get_stock_list_in_sector
2026-07-07,2026-07-07 09:29:54,深市ETF,34,159115.SZ,SZ,xtdata.get_stock_list_in_sector
2026-07-07,2026-07-07 09:29:54,深市ETF,35,159063.SZ,SZ,xtdata.get_stock_list_in_sector
2026-07-07,2026-07-07 09:29:54,深市ETF,36,159017.SZ,SZ,xtdata.get_stock_list_in_sector
2026-07-07,2026-07-07 09:29:54,深市ETF,37,159569.SZ,SZ,xtdata.get_stock_list_in_sector
2026-07-07,2026-07-07 09:29:54,深市ETF,38,159172.SZ,SZ,xtdata.get_stock_list_in_sector
2026-07-07,2026-07-07 09:29:54,深市ETF,39,159106.SZ,SZ,xtdata.get_stock_list_in_sector
2026-07-07,2026-07-07 09:29:54,深市ETF,40,159581.SZ,SZ,xtdata.get_stock_list_in_sector
2026-07-07,2026-07-07 09:29:54,深市ETF,41,159830.SZ,SZ,xtdata.get_stock_list_in_sector
2026-07-07,2026-07-07 09:29:54,深市ETF,42,159098.SZ,SZ,xtdata.get_stock_list_in_sector
2026-07-07,2026-07-07 09:29:54,深市ETF,43,159070.SZ,SZ,xtdata.get_stock_list_in_sector
2026-07-07,2026-07-07 09:29:54,深市ETF,44,159687.SZ,SZ,xtdata.get_stock_list_in_sector
2026-07-07,2026-07-07 09:29:54,深市ETF,45,159200.SZ,SZ,xtdata.get_stock_list_in_sector
2026-07-07,2026-07-07 09:29:54,深市ETF,46,159302.SZ,SZ,xtdata.get_stock_list_in_sector
2026-07-07,2026-07-07 09:29:54,深市ETF,47,159719.SZ,SZ,xtdata.get_stock_list_in_sector
2026-07-07,2026-07-07 09:29:54,深市ETF,48,159376.SZ,SZ,xtdata.get_stock_list_in_sector
2026-07-07,2026-07-07 09:29:54,深市ETF,49,159536.SZ,SZ,xtdata.get_stock_list_in_sector
2026-07-07,2026-07-07 09:29:54,深市ETF,50,159887.SZ,SZ,xtdata.get_stock_list_in_sector
2026-07-07,2026-07-07 09:29:54,深市ETF,51,159159.SZ,SZ,xtdata.get_stock_list_in_sector
2026-07-07,2026-07-07 09:29:54,深市ETF,52,159542.SZ,SZ,xtdata.get_stock_list_in_sector
2026-07-07,2026-07-07 09:29:54,深市ETF,53,159985.SZ,SZ,xtdata.get_stock_list_in_sector
2026-07-07,2026-07-07 09:29:54,深市ETF,54,159919.SZ,SZ,xtdata.get_stock_list_in_sector
2026-07-07,2026-07-07 09:29:54,深市ETF,55,159630.SZ,SZ,xtdata.get_stock_list_in_sector
2026-07-07,2026-07-07 09:29:54,深市ETF,56,159732.SZ,SZ,xtdata.get_stock_list_in_sector
2026-07-07,2026-07-07 09:29:54,深市ETF,57,159329.SZ,SZ,xtdata.get_stock_list_in_sector
2026-07-07,2026-07-07 09:29:54,深市ETF,58,159657.SZ,SZ,xtdata.get_stock_list_in_sector
2026-07-07,2026-07-07 09:29:54,深市ETF,59,159623.SZ,SZ,xtdata.get_stock_list_in_sector
2026-07-07,2026-07-07 09:29:54,深市ETF,60,159238.SZ,SZ,xtdata.get_stock_list_in_sector
2026-07-07,2026-07-07 09:29:54,深市ETF,61,159755.SZ,SZ,xtdata.get_stock_list_in_sector
2026-07-07,2026-07-07 09:29:54,深市ETF,62,159721.SZ,SZ,xtdata.get_stock_list_in_sector
2026-07-07,2026-07-07 09:29:54,深市ETF,63,159525.SZ,SZ,xtdata.get_stock_list_in_sector
2026-07-07,2026-07-07 09:29:54,深市ETF,64,159551.SZ,SZ,xtdata.get_stock_list_in_sector
2026-07-07,2026-07-07 09:29:54,深市ETF,65,159808.SZ,SZ,xtdata.get_stock_list_in_sector
2026-07-07,2026-07-07 09:29:54,深市ETF,66,159996.SZ,SZ,xtdata.get_stock_list_in_sector
2026-07-07,2026-07-07 09:29:54,深市ETF,67,159048.SZ,SZ,xtdata.get_stock_list_in_sector
2026-07-07,2026-07-07 09:29:54,深市ETF,68,159368.SZ,SZ,xtdata.get_stock_list_in_sector
2026-07-07,2026-07-07 09:29:54,深市ETF,69,159773.SZ,SZ,xtdata.get_stock_list_in_sector
2026-07-07,2026-07-07 09:29:54,深市ETF,70,159707.SZ,SZ,xtdata.get_stock_list_in_sector
2026-07-07,2026-07-07 09:29:54,深市ETF,71,159380.SZ,SZ,xtdata.get_stock_list_in_sector
2026-07-07,2026-07-07 09:29:54,深市ETF,72,159699.SZ,SZ,xtdata.get_stock_list_in_sector
2026-07-07,2026-07-07 09:29:54,深市ETF,73,159671.SZ,SZ,xtdata.get_stock_list_in_sector
2026-07-07,2026-07-07 09:29:54,深市ETF,74,159605.SZ,SZ,xtdata.get_stock_list_in_sector
2026-07-07,2026-07-07 09:29:54,深市ETF,75,159958.SZ,SZ,xtdata.get_stock_list_in_sector
2026-07-07,2026-07-07 09:29:54,深市ETF,76,159086.SZ,SZ,xtdata.get_stock_list_in_sector
2026-07-07,2026-07-07 09:29:54,深市ETF,77,159118.SZ,SZ,xtdata.get_stock_list_in_sector
2026-07-07,2026-07-07 09:29:54,深市ETF,78,159577.SZ,SZ,xtdata.get_stock_list_in_sector
2026-07-07,2026-07-07 09:29:54,深市ETF,79,159009.SZ,SZ,xtdata.get_stock_list_in_sector
2026-07-07,2026-07-07 09:29:54,深市ETF,80,159849.SZ,SZ,xtdata.get_stock_list_in_sector
2026-07-07,2026-07-07 09:29:54,深市ETF,81,159197.SZ,SZ,xtdata.get_stock_list_in_sector
2026-07-07,2026-07-07 09:29:54,深市ETF,82,159510.SZ,SZ,xtdata.get_stock_list_in_sector
2026-07-07,2026-07-07 09:29:54,深市ETF,83,159788.SZ,SZ,xtdata.get_stock_list_in_sector
2026-07-07,2026-07-07 09:29:54,深市ETF,84,159393.SZ,SZ,xtdata.get_stock_list_in_sector
2026-07-07,2026-07-07 09:29:54,深市ETF,85,159760.SZ,SZ,xtdata.get_stock_list_in_sector
2026-07-07,2026-07-07 09:29:54,深市ETF,86,159279.SZ,SZ,xtdata.get_stock_list_in_sector
2026-07-07,2026-07-07 09:29:54,深市ETF,87,159662.SZ,SZ,xtdata.get_stock_list_in_sector
2026-07-07,2026-07-07 09:29:54,深市ETF,88,159616.SZ,SZ,xtdata.get_stock_list_in_sector
2026-07-07,2026-07-07 09:29:54,深市ETF,89,159291.SZ,SZ,xtdata.get_stock_list_in_sector
2026-07-07,2026-07-07 09:29:54,深市ETF,90,159651.SZ,SZ,xtdata.get_stock_list_in_sector
2026-07-07,2026-07-07 09:29:54,深市ETF,91,159625.SZ,SZ,xtdata.get_stock_list_in_sector
2026-07-07,2026-07-07 09:29:54,深市ETF,92,159138.SZ,SZ,xtdata.get_stock_list_in_sector
2026-07-07,2026-07-07 09:29:54,深市ETF,93,159523.SZ,SZ,xtdata.get_stock_list_in_sector
2026-07-07,2026-07-07 09:29:54,深市ETF,94,159892.SZ,SZ,xtdata.get_stock_list_in_sector
2026-07-07,2026-07-07 09:29:54,深市ETF,95,159557.SZ,SZ,xtdata.get_stock_list_in_sector
2026-07-07,2026-07-07 09:29:54,深市ETF,96,159029.SZ,SZ,xtdata.get_stock_list_in_sector
2026-07-07,2026-07-07 09:29:54,深市ETF,97,159530.SZ,SZ,xtdata.get_stock_list_in_sector
2026-07-07,2026-07-07 09:29:54,深市ETF,98,159881.SZ,SZ,xtdata.get_stock_list_in_sector
2026-07-07,2026-07-07 09:29:54,深市ETF,99,159869.SZ,SZ,xtdata.get_stock_list_in_sector
2026-07-07,2026-07-07 09:29:54,深市ETF,100,159740.SZ,SZ,xtdata.get_stock_list_in_sector
2026-07-07,2026-07-07 09:29:54,深市ETF,101,159642.SZ,SZ,xtdata.get_stock_list_in_sector
2026-07-07,2026-07-07 09:29:54,深市ETF,102,159259.SZ,SZ,xtdata.get_stock_list_in_sector
2026-07-07,2026-07-07 09:29:54,深市ETF,103,159636.SZ,SZ,xtdata.get_stock_list_in_sector
2026-07-07,2026-07-07 09:29:54,深市ETF,104,159516.SZ,SZ,xtdata.get_stock_list_in_sector
2026-07-07,2026-07-07 09:29:54,深市ETF,105,159562.SZ,SZ,xtdata.get_stock_list_in_sector
2026-07-07,2026-07-07 09:29:54,深市ETF,106,159179.SZ,SZ,xtdata.get_stock_list_in_sector
2026-07-07,2026-07-07 09:29:54,深市ETF,107,159191.SZ,SZ,xtdata.get_stock_list_in_sector
2026-07-07,2026-07-07 09:29:54,深市ETF,108,159939.SZ,SZ,xtdata.get_stock_list_in_sector
2026-07-07,2026-07-07 09:29:54,深市ETF,109,159093.SZ,SZ,xtdata.get_stock_list_in_sector
2026-07-07,2026-07-07 09:29:54,深市ETF,110,159297.SZ,SZ,xtdata.get_stock_list_in_sector
2026-07-07,2026-07-07 09:29:54,深市ETF,111,159610.SZ,SZ,xtdata.get_stock_list_in_sector
2026-07-07,2026-07-07 09:29:54,深市ETF,112,159766.SZ,SZ,xtdata.get_stock_list_in_sector
2026-07-07,2026-07-07 09:29:54,深市ETF,113,159309.SZ,SZ,xtdata.get_stock_list_in_sector
2026-07-07,2026-07-07 09:29:54,深市ETF,114,159712.SZ,SZ,xtdata.get_stock_list_in_sector
2026-07-07,2026-07-07 09:29:54,深市ETF,115,159395.SZ,SZ,xtdata.get_stock_list_in_sector
2026-07-07,2026-07-07 09:29:54,深市ETF,116,159677.SZ,SZ,xtdata.get_stock_list_in_sector
2026-07-07,2026-07-07 09:29:54,深市ETF,117,159218.SZ,SZ,xtdata.get_stock_list_in_sector
2026-07-07,2026-07-07 09:29:54,深市ETF,118,159603.SZ,SZ,xtdata.get_stock_list_in_sector
2026-07-07,2026-07-07 09:29:54,深市ETF,119,159386.SZ,SZ,xtdata.get_stock_list_in_sector
2026-07-07,2026-07-07 09:29:54,深市ETF,120,159775.SZ,SZ,xtdata.get_stock_list_in_sector
2026-07-07,2026-07-07 09:29:54,深市ETF,121,159701.SZ,SZ,xtdata.get_stock_list_in_sector
2026-07-07,2026-07-07 09:29:54,深市ETF,122,159182.SZ,SZ,xtdata.get_stock_list_in_sector
2026-07-07,2026-07-07 09:29:54,深市ETF,123,159599.SZ,SZ,xtdata.get_stock_list_in_sector
2026-07-07,2026-07-07 09:29:54,深市ETF,124,159828.SZ,SZ,xtdata.get_stock_list_in_sector
2026-07-07,2026-07-07 09:29:54,深市ETF,125,159505.SZ,SZ,xtdata.get_stock_list_in_sector
2026-07-07,2026-07-07 09:29:54,深市ETF,126,159571.SZ,SZ,xtdata.get_stock_list_in_sector
2026-07-07,2026-07-07 09:29:54,深市ETF,127,159628.SZ,SZ,xtdata.get_stock_list_in_sector
2026-07-07,2026-07-07 09:29:54,深市ETF,128,159233.SZ,SZ,xtdata.get_stock_list_in_sector
2026-07-07,2026-07-07 09:29:54,深市ETF,129,159247.SZ,SZ,xtdata.get_stock_list_in_sector
2026-07-07,2026-07-07 09:29:54,深市ETF,130,159331.SZ,SZ,xtdata.get_stock_list_in_sector
2026-07-07,2026-07-07 09:29:54,深市ETF,131,159141.SZ,SZ,xtdata.get_stock_list_in_sector
2026-07-07,2026-07-07 09:29:54,深市ETF,132,159135.SZ,SZ,xtdata.get_stock_list_in_sector
2026-07-07,2026-07-07 09:29:54,深市ETF,133,159877.SZ,SZ,xtdata.get_stock_list_in_sector
2026-07-07,2026-07-07 09:29:54,深市ETF,134,159901.SZ,SZ,xtdata.get_stock_list_in_sector
2026-07-07,2026-07-07 09:29:54,深市ETF,135,159975.SZ,SZ,xtdata.get_stock_list_in_sector
2026-07-07,2026-07-07 09:29:54,深市ETF,136,159043.SZ,SZ,xtdata.get_stock_list_in_sector
2026-07-07,2026-07-07 09:29:54,深市ETF,137,159037.SZ,SZ,xtdata.get_stock_list_in_sector
2026-07-07,2026-07-07 09:29:54,深市ETF,138,159810.SZ,SZ,xtdata.get_stock_list_in_sector
2026-07-07,2026-07-07 09:29:54,深市ETF,139,159864.SZ,SZ,xtdata.get_stock_list_in_sector
2026-07-07,2026-07-07 09:29:54,深市ETF,140,159152.SZ,SZ,xtdata.get_stock_list_in_sector
2026-07-07,2026-07-07 09:29:54,深市ETF,141,159549.SZ,SZ,xtdata.get_stock_list_in_sector
2026-07-07,2026-07-07 09:29:54,深市ETF,142,159126.SZ,SZ,xtdata.get_stock_list_in_sector
2026-07-07,2026-07-07 09:29:54,深市ETF,143,159050.SZ,SZ,xtdata.get_stock_list_in_sector
2026-07-07,2026-07-07 09:29:54,深市ETF,144,159912.SZ,SZ,xtdata.get_stock_list_in_sector
2026-07-07,2026-07-07 09:29:54,深市ETF,145,159966.SZ,SZ,xtdata.get_stock_list_in_sector
2026-07-07,2026-07-07 09:29:54,深市ETF,146,159220.SZ,SZ,xtdata.get_stock_list_in_sector
2026-07-07,2026-07-07 09:29:54,深市ETF,147,159739.SZ,SZ,xtdata.get_stock_list_in_sector
2026-07-07,2026-07-07 09:29:54,深市ETF,148,159322.SZ,SZ,xtdata.get_stock_list_in_sector
2026-07-07,2026-07-07 09:29:54,深市ETF,149,159356.SZ,SZ,xtdata.get_stock_list_in_sector
2026-07-07,2026-07-07 09:29:54,深市ETF,150,159934.SZ,SZ,xtdata.get_stock_list_in_sector
2026-07-07,2026-07-07 09:29:54,深市ETF,151,159940.SZ,SZ,xtdata.get_stock_list_in_sector
2026-07-07,2026-07-07 09:29:54,深市ETF,152,159587.SZ,SZ,xtdata.get_stock_list_in_sector
2026-07-07,2026-07-07 09:29:54,深市ETF,153,159836.SZ,SZ,xtdata.get_stock_list_in_sector
2026-07-07,2026-07-07 09:29:54,深市ETF,154,159842.SZ,SZ,xtdata.get_stock_list_in_sector
2026-07-07,2026-07-07 09:29:54,深市ETF,155,159100.SZ,SZ,xtdata.get_stock_list_in_sector
2026-07-07,2026-07-07 09:29:54,深市ETF,156,159783.SZ,SZ,xtdata.get_stock_list_in_sector
2026-07-07,2026-07-07 09:29:54,深市ETF,157,159398.SZ,SZ,xtdata.get_stock_list_in_sector
2026-07-07,2026-07-07 09:29:54,深市ETF,158,159370.SZ,SZ,xtdata.get_stock_list_in_sector
2026-07-07,2026-07-07 09:29:54,深市ETF,159,159206.SZ,SZ,xtdata.get_stock_list_in_sector
2026-07-07,2026-07-07 09:29:54,深市ETF,160,159272.SZ,SZ,xtdata.get_stock_list_in_sector
2026-07-07,2026-07-07 09:29:54,深市ETF,161,159669.SZ,SZ,xtdata.get_stock_list_in_sector
2026-07-07,2026-07-07 09:29:54,深市ETF,162,159681.SZ,SZ,xtdata.get_stock_list_in_sector
2026-07-07,2026-07-07 09:29:54,深市ETF,163,159363.SZ,SZ,xtdata.get_stock_list_in_sector
2026-07-07,2026-07-07 09:29:54,深市ETF,164,159778.SZ,SZ,xtdata.get_stock_list_in_sector
2026-07-07,2026-07-07 09:29:54,深市ETF,165,159790.SZ,SZ,xtdata.get_stock_list_in_sector
2026-07-07,2026-07-07 09:29:54,深市ETF,166,159692.SZ,SZ,xtdata.get_stock_list_in_sector
2026-07-07,2026-07-07 09:29:54,深市ETF,167,159289.SZ,SZ,xtdata.get_stock_list_in_sector
2026-07-07,2026-07-07 09:29:54,深市ETF,168,159215.SZ,SZ,xtdata.get_stock_list_in_sector
2026-07-07,2026-07-07 09:29:54,深市ETF,169,159261.SZ,SZ,xtdata.get_stock_list_in_sector
2026-07-07,2026-07-07 09:29:54,深市ETF,170,159065.SZ,SZ,xtdata.get_stock_list_in_sector
2026-07-07,2026-07-07 09:29:54,深市ETF,171,159011.SZ,SZ,xtdata.get_stock_list_in_sector
2026-07-07,2026-07-07 09:29:54,深市ETF,172,159167.SZ,SZ,xtdata.get_stock_list_in_sector
2026-07-07,2026-07-07 09:29:54,深市ETF,173,159508.SZ,SZ,xtdata.get_stock_list_in_sector
2026-07-07,2026-07-07 09:29:54,深市ETF,174,159113.SZ,SZ,xtdata.get_stock_list_in_sector
2026-07-07,2026-07-07 09:29:54,深市ETF,175,159825.SZ,SZ,xtdata.get_stock_list_in_sector
2026-07-07,2026-07-07 09:29:54,深市ETF,176,159851.SZ,SZ,xtdata.get_stock_list_in_sector
2026-07-07,2026-07-07 09:29:54,深市ETF,177,159371.SZ,SZ,xtdata.get_stock_list_in_sector
2026-07-07,2026-07-07 09:29:54,深市ETF,178,159305.SZ,SZ,xtdata.get_stock_list_in_sector
2026-07-07,2026-07-07 09:29:54,深市ETF,179,159399.SZ,SZ,xtdata.get_stock_list_in_sector
2026-07-07,2026-07-07 09:29:54,深市ETF,180,159782.SZ,SZ,xtdata.get_stock_list_in_sector
2026-07-07,2026-07-07 09:29:54,深市ETF,181,159680.SZ,SZ,xtdata.get_stock_list_in_sector
2026-07-07,2026-07-07 09:29:54,深市ETF,182,158000.SZ,SZ,xtdata.get_stock_list_in_sector
2026-07-07,2026-07-07 09:29:54,深市ETF,183,159273.SZ,SZ,xtdata.get_stock_list_in_sector
2026-07-07,2026-07-07 09:29:54,深市ETF,184,159207.SZ,SZ,xtdata.get_stock_list_in_sector
2026-07-07,2026-07-07 09:29:54,深市ETF,185,159941.SZ,SZ,xtdata.get_stock_list_in_sector
2026-07-07,2026-07-07 09:29:54,深市ETF,186,159935.SZ,SZ,xtdata.get_stock_list_in_sector
2026-07-07,2026-07-07 09:29:54,深市ETF,187,159003.SZ,SZ,xtdata.get_stock_list_in_sector
2026-07-07,2026-07-07 09:29:54,深市ETF,188,159077.SZ,SZ,xtdata.get_stock_list_in_sector
2026-07-07,2026-07-07 09:29:54,深市ETF,189,159101.SZ,SZ,xtdata.get_stock_list_in_sector
2026-07-07,2026-07-07 09:29:54,深市ETF,190,159175.SZ,SZ,xtdata.get_stock_list_in_sector
2026-07-07,2026-07-07 09:29:54,深市ETF,191,159843.SZ,SZ,xtdata.get_stock_list_in_sector
2026-07-07,2026-07-07 09:29:54,深市ETF,192,159586.SZ,SZ,xtdata.get_stock_list_in_sector
2026-07-07,2026-07-07 09:29:54,深市ETF,193,159837.SZ,SZ,xtdata.get_stock_list_in_sector
2026-07-07,2026-07-07 09:29:54,深市ETF,194,159010.SZ,SZ,xtdata.get_stock_list_in_sector
2026-07-07,2026-07-07 09:29:54,深市ETF,195,159952.SZ,SZ,xtdata.get_stock_list_in_sector
2026-07-07,2026-07-07 09:29:54,深市ETF,196,159850.SZ,SZ,xtdata.get_stock_list_in_sector
2026-07-07,2026-07-07 09:29:54,深市ETF,197,159595.SZ,SZ,xtdata.get_stock_list_in_sector
2026-07-07,2026-07-07 09:29:54,深市ETF,198,159824.SZ,SZ,xtdata.get_stock_list_in_sector
2026-07-07,2026-07-07 09:29:54,深市ETF,199,159112.SZ,SZ,xtdata.get_stock_list_in_sector
2026-07-07,2026-07-07 09:29:54,深市ETF,200,159509.SZ,SZ,xtdata.get_stock_list_in_sector
2026-07-07,2026-07-07 09:29:54,深市ETF,201,159166.SZ,SZ,xtdata.get_stock_list_in_sector
2026-07-07,2026-07-07 09:29:54,深市ETF,202,159791.SZ,SZ,xtdata.get_stock_list_in_sector
2026-07-07,2026-07-07 09:29:54,深市ETF,203,159779.SZ,SZ,xtdata.get_stock_list_in_sector
2026-07-07,2026-07-07 09:29:54,深市ETF,204,159362.SZ,SZ,xtdata.get_stock_list_in_sector
2026-07-07,2026-07-07 09:29:54,深市ETF,205,159316.SZ,SZ,xtdata.get_stock_list_in_sector
2026-07-07,2026-07-07 09:29:54,深市ETF,206,159260.SZ,SZ,xtdata.get_stock_list_in_sector
2026-07-07,2026-07-07 09:29:54,深市ETF,207,159288.SZ,SZ,xtdata.get_stock_list_in_sector
2026-07-07,2026-07-07 09:29:54,深市ETF,208,159876.SZ,SZ,xtdata.get_stock_list_in_sector
2026-07-07,2026-07-07 09:29:54,深市ETF,209,159140.SZ,SZ,xtdata.get_stock_list_in_sector
2026-07-07,2026-07-07 09:29:54,深市ETF,210,159036.SZ,SZ,xtdata.get_stock_list_in_sector
2026-07-07,2026-07-07 09:29:54,深市ETF,211,159042.SZ,SZ,xtdata.get_stock_list_in_sector
2026-07-07,2026-07-07 09:29:54,深市ETF,212,159974.SZ,SZ,xtdata.get_stock_list_in_sector
2026-07-07,2026-07-07 09:29:54,深市ETF,213,159246.SZ,SZ,xtdata.get_stock_list_in_sector
2026-07-07,2026-07-07 09:29:54,深市ETF,214,159232.SZ,SZ,xtdata.get_stock_list_in_sector
2026-07-07,2026-07-07 09:29:54,深市ETF,215,159629.SZ,SZ,xtdata.get_stock_list_in_sector
2026-07-07,2026-07-07 09:29:54,深市ETF,216,159330.SZ,SZ,xtdata.get_stock_list_in_sector
2026-07-07,2026-07-07 09:29:54,深市ETF,217,159255.SZ,SZ,xtdata.get_stock_list_in_sector
2026-07-07,2026-07-07 09:29:54,深市ETF,218,159221.SZ,SZ,xtdata.get_stock_list_in_sector
2026-07-07,2026-07-07 09:29:54,深市ETF,219,159357.SZ,SZ,xtdata.get_stock_list_in_sector
2026-07-07,2026-07-07 09:29:54,深市ETF,220,159323.SZ,SZ,xtdata.get_stock_list_in_sector
2026-07-07,2026-07-07 09:29:54,深市ETF,221,159738.SZ,SZ,xtdata.get_stock_list_in_sector
2026-07-07,2026-07-07 09:29:54,深市ETF,222,159127.SZ,SZ,xtdata.get_stock_list_in_sector
2026-07-07,2026-07-07 09:29:54,深市ETF,223,159153.SZ,SZ,xtdata.get_stock_list_in_sector
2026-07-07,2026-07-07 09:29:54,深市ETF,224,159865.SZ,SZ,xtdata.get_stock_list_in_sector
2026-07-07,2026-07-07 09:29:54,深市ETF,225,159811.SZ,SZ,xtdata.get_stock_list_in_sector
2026-07-07,2026-07-07 09:29:54,深市ETF,226,159967.SZ,SZ,xtdata.get_stock_list_in_sector
2026-07-07,2026-07-07 09:29:54,深市ETF,227,159913.SZ,SZ,xtdata.get_stock_list_in_sector
2026-07-07,2026-07-07 09:29:54,深市ETF,228,159051.SZ,SZ,xtdata.get_stock_list_in_sector
2026-07-07,2026-07-07 09:29:54,深市ETF,229,159611.SZ,SZ,xtdata.get_stock_list_in_sector
2026-07-07,2026-07-07 09:29:54,深市ETF,230,159665.SZ,SZ,xtdata.get_stock_list_in_sector
2026-07-07,2026-07-07 09:29:54,深市ETF,231,159296.SZ,SZ,xtdata.get_stock_list_in_sector
2026-07-07,2026-07-07 09:29:54,深市ETF,232,159713.SZ,SZ,xtdata.get_stock_list_in_sector
2026-07-07,2026-07-07 09:29:54,深市ETF,233,159767.SZ,SZ,xtdata.get_stock_list_in_sector
2026-07-07,2026-07-07 09:29:54,深市ETF,234,159190.SZ,SZ,xtdata.get_stock_list_in_sector
2026-07-07,2026-07-07 09:29:54,深市ETF,235,159178.SZ,SZ,xtdata.get_stock_list_in_sector
2026-07-07,2026-07-07 09:29:54,深市ETF,236,159563.SZ,SZ,xtdata.get_stock_list_in_sector
2026-07-07,2026-07-07 09:29:54,深市ETF,237,159517.SZ,SZ,xtdata.get_stock_list_in_sector
2026-07-07,2026-07-07 09:29:54,深市ETF,238,159938.SZ,SZ,xtdata.get_stock_list_in_sector
2026-07-07,2026-07-07 09:29:54,深市ETF,239,159570.SZ,SZ,xtdata.get_stock_list_in_sector
2026-07-07,2026-07-07 09:29:54,深市ETF,240,159183.SZ,SZ,xtdata.get_stock_list_in_sector
2026-07-07,2026-07-07 09:29:54,深市ETF,241,159285.SZ,SZ,xtdata.get_stock_list_in_sector
2026-07-07,2026-07-07 09:29:54,深市ETF,242,159602.SZ,SZ,xtdata.get_stock_list_in_sector
2026-07-07,2026-07-07 09:29:54,深市ETF,243,159219.SZ,SZ,xtdata.get_stock_list_in_sector
2026-07-07,2026-07-07 09:29:54,深市ETF,244,159676.SZ,SZ,xtdata.get_stock_list_in_sector
2026-07-07,2026-07-07 09:29:54,深市ETF,245,159700.SZ,SZ,xtdata.get_stock_list_in_sector
2026-07-07,2026-07-07 09:29:54,深市ETF,246,159387.SZ,SZ,xtdata.get_stock_list_in_sector
2026-07-07,2026-07-07 09:29:54,深市ETF,247,159991.SZ,SZ,xtdata.get_stock_list_in_sector
2026-07-07,2026-07-07 09:29:54,深市ETF,248,159556.SZ,SZ,xtdata.get_stock_list_in_sector
2026-07-07,2026-07-07 09:29:54,深市ETF,249,159139.SZ,SZ,xtdata.get_stock_list_in_sector
2026-07-07,2026-07-07 09:29:54,深市ETF,250,159726.SZ,SZ,xtdata.get_stock_list_in_sector
2026-07-07,2026-07-07 09:29:54,深市ETF,251,159752.SZ,SZ,xtdata.get_stock_list_in_sector
2026-07-07,2026-07-07 09:29:54,深市ETF,252,159650.SZ,SZ,xtdata.get_stock_list_in_sector
2026-07-07,2026-07-07 09:29:54,深市ETF,253,159735.SZ,SZ,xtdata.get_stock_list_in_sector
2026-07-07,2026-07-07 09:29:54,深市ETF,254,159741.SZ,SZ,xtdata.get_stock_list_in_sector
2026-07-07,2026-07-07 09:29:54,深市ETF,255,159637.SZ,SZ,xtdata.get_stock_list_in_sector
2026-07-07,2026-07-07 09:29:54,深市ETF,256,159258.SZ,SZ,xtdata.get_stock_list_in_sector
2026-07-07,2026-07-07 09:29:54,深市ETF,257,159643.SZ,SZ,xtdata.get_stock_list_in_sector
2026-07-07,2026-07-07 09:29:54,深市ETF,258,159982.SZ,SZ,xtdata.get_stock_list_in_sector
2026-07-07,2026-07-07 09:29:54,深市ETF,259,159028.SZ,SZ,xtdata.get_stock_list_in_sector
2026-07-07,2026-07-07 09:29:54,深市ETF,260,159545.SZ,SZ,xtdata.get_stock_list_in_sector
2026-07-07,2026-07-07 09:29:54,深市ETF,261,159531.SZ,SZ,xtdata.get_stock_list_in_sector
2026-07-07,2026-07-07 09:29:54,深市ETF,262,159880.SZ,SZ,xtdata.get_stock_list_in_sector
2026-07-07,2026-07-07 09:29:54,深市ETF,263,159400.SZ,SZ,xtdata.get_stock_list_in_sector
2026-07-07,2026-07-07 09:29:54,深市ETF,264,159087.SZ,SZ,xtdata.get_stock_list_in_sector
2026-07-07,2026-07-07 09:29:54,深市ETF,265,159959.SZ,SZ,xtdata.get_stock_list_in_sector
2026-07-07,2026-07-07 09:29:54,深市ETF,266,159185.SZ,SZ,xtdata.get_stock_list_in_sector
2026-07-07,2026-07-07 09:29:54,深市ETF,267,159576.SZ,SZ,xtdata.get_stock_list_in_sector
2026-07-07,2026-07-07 09:29:54,深市ETF,268,159119.SZ,SZ,xtdata.get_stock_list_in_sector
2026-07-07,2026-07-07 09:29:54,深市ETF,269,159502.SZ,SZ,xtdata.get_stock_list_in_sector
2026-07-07,2026-07-07 09:29:54,深市ETF,270,159381.SZ,SZ,xtdata.get_stock_list_in_sector
2026-07-07,2026-07-07 09:29:54,深市ETF,271,159706.SZ,SZ,xtdata.get_stock_list_in_sector
2026-07-07,2026-07-07 09:29:54,深市ETF,272,159369.SZ,SZ,xtdata.get_stock_list_in_sector
2026-07-07,2026-07-07 09:29:54,深市ETF,273,159670.SZ,SZ,xtdata.get_stock_list_in_sector
2026-07-07,2026-07-07 09:29:54,深市ETF,274,159283.SZ,SZ,xtdata.get_stock_list_in_sector
2026-07-07,2026-07-07 09:29:54,深市ETF,275,159698.SZ,SZ,xtdata.get_stock_list_in_sector
2026-07-07,2026-07-07 09:29:54,深市ETF,276,159715.SZ,SZ,xtdata.get_stock_list_in_sector
2026-07-07,2026-07-07 09:29:54,深市ETF,277,159761.SZ,SZ,xtdata.get_stock_list_in_sector
2026-07-07,2026-07-07 09:29:54,深市ETF,278,159392.SZ,SZ,xtdata.get_stock_list_in_sector
2026-07-07,2026-07-07 09:29:54,深市ETF,279,159290.SZ,SZ,xtdata.get_stock_list_in_sector
2026-07-07,2026-07-07 09:29:54,深市ETF,280,159617.SZ,SZ,xtdata.get_stock_list_in_sector
2026-07-07,2026-07-07 09:29:54,深市ETF,281,159663.SZ,SZ,xtdata.get_stock_list_in_sector
2026-07-07,2026-07-07 09:29:54,深市ETF,282,159278.SZ,SZ,xtdata.get_stock_list_in_sector
2026-07-07,2026-07-07 09:29:54,深市ETF,283,159008.SZ,SZ,xtdata.get_stock_list_in_sector
2026-07-07,2026-07-07 09:29:54,深市ETF,284,159565.SZ,SZ,xtdata.get_stock_list_in_sector
2026-07-07,2026-07-07 09:29:54,深市ETF,285,159511.SZ,SZ,xtdata.get_stock_list_in_sector
2026-07-07,2026-07-07 09:29:54,深市ETF,286,159196.SZ,SZ,xtdata.get_stock_list_in_sector
2026-07-07,2026-07-07 09:29:54,深市ETF,287,159848.SZ,SZ,xtdata.get_stock_list_in_sector
2026-07-07,2026-07-07 09:29:54,深市ETF,288,159631.SZ,SZ,xtdata.get_stock_list_in_sector
2026-07-07,2026-07-07 09:29:54,深市ETF,289,159645.SZ,SZ,xtdata.get_stock_list_in_sector
2026-07-07,2026-07-07 09:29:54,深市ETF,290,159328.SZ,SZ,xtdata.get_stock_list_in_sector
2026-07-07,2026-07-07 09:29:54,深市ETF,291,159747.SZ,SZ,xtdata.get_stock_list_in_sector
2026-07-07,2026-07-07 09:29:54,深市ETF,292,159543.SZ,SZ,xtdata.get_stock_list_in_sector
2026-07-07,2026-07-07 09:29:54,深市ETF,293,159158.SZ,SZ,xtdata.get_stock_list_in_sector
2026-07-07,2026-07-07 09:29:54,深市ETF,294,159537.SZ,SZ,xtdata.get_stock_list_in_sector
2026-07-07,2026-07-07 09:29:54,深市ETF,295,159886.SZ,SZ,xtdata.get_stock_list_in_sector
2026-07-07,2026-07-07 09:29:54,深市ETF,296,159918.SZ,SZ,xtdata.get_stock_list_in_sector
2026-07-07,2026-07-07 09:29:54,深市ETF,297,159550.SZ,SZ,xtdata.get_stock_list_in_sector
2026-07-07,2026-07-07 09:29:54,深市ETF,298,159895.SZ,SZ,xtdata.get_stock_list_in_sector
2026-07-07,2026-07-07 09:29:54,深市ETF,299,159997.SZ,SZ,xtdata.get_stock_list_in_sector
2026-07-07,2026-07-07 09:29:54,深市ETF,300,159239.SZ,SZ,xtdata.get_stock_list_in_sector
2026-07-07,2026-07-07 09:29:54,深市ETF,301,159622.SZ,SZ,xtdata.get_stock_list_in_sector
2026-07-07,2026-07-07 09:29:54,深市ETF,302,159656.SZ,SZ,xtdata.get_stock_list_in_sector
2026-07-07,2026-07-07 09:29:54,深市ETF,303,159720.SZ,SZ,xtdata.get_stock_list_in_sector
2026-07-07,2026-07-07 09:29:54,深市ETF,304,159160.SZ,SZ,xtdata.get_stock_list_in_sector
2026-07-07,2026-07-07 09:29:54,深市ETF,305,159856.SZ,SZ,xtdata.get_stock_list_in_sector
2026-07-07,2026-07-07 09:29:54,深市ETF,306,159593.SZ,SZ,xtdata.get_stock_list_in_sector
2026-07-07,2026-07-07 09:29:54,深市ETF,307,159188.SZ,SZ,xtdata.get_stock_list_in_sector
2026-07-07,2026-07-07 09:29:54,深市ETF,308,159822.SZ,SZ,xtdata.get_stock_list_in_sector
2026-07-07,2026-07-07 09:29:54,深市ETF,309,159954.SZ,SZ,xtdata.get_stock_list_in_sector
2026-07-07,2026-07-07 09:29:54,深市ETF,310,159920.SZ,SZ,xtdata.get_stock_list_in_sector
2026-07-07,2026-07-07 09:29:54,深市ETF,311,159016.SZ,SZ,xtdata.get_stock_list_in_sector
2026-07-07,2026-07-07 09:29:54,深市ETF,312,159062.SZ,SZ,xtdata.get_stock_list_in_sector
2026-07-07,2026-07-07 09:29:54,深市ETF,313,159695.SZ,SZ,xtdata.get_stock_list_in_sector
2026-07-07,2026-07-07 09:29:54,深市ETF,314,159266.SZ,SZ,xtdata.get_stock_list_in_sector
2026-07-07,2026-07-07 09:29:54,深市ETF,315,159609.SZ,SZ,xtdata.get_stock_list_in_sector
2026-07-07,2026-07-07 09:29:54,深市ETF,316,159212.SZ,SZ,xtdata.get_stock_list_in_sector
2026-07-07,2026-07-07 09:29:54,深市ETF,317,159310.SZ,SZ,xtdata.get_stock_list_in_sector
2026-07-07,2026-07-07 09:29:54,深市ETF,318,159797.SZ,SZ,xtdata.get_stock_list_in_sector
2026-07-07,2026-07-07 09:29:54,深市ETF,319,159275.SZ,SZ,xtdata.get_stock_list_in_sector
2026-07-07,2026-07-07 09:29:54,深市ETF,320,159201.SZ,SZ,xtdata.get_stock_list_in_sector
2026-07-07,2026-07-07 09:29:54,深市ETF,321,159686.SZ,SZ,xtdata.get_stock_list_in_sector
2026-07-07,2026-07-07 09:29:54,深市ETF,322,159377.SZ,SZ,xtdata.get_stock_list_in_sector
2026-07-07,2026-07-07 09:29:54,深市ETF,323,159718.SZ,SZ,xtdata.get_stock_list_in_sector
2026-07-07,2026-07-07 09:29:54,深市ETF,324,159303.SZ,SZ,xtdata.get_stock_list_in_sector
2026-07-07,2026-07-07 09:29:54,深市ETF,325,159845.SZ,SZ,xtdata.get_stock_list_in_sector
2026-07-07,2026-07-07 09:29:54,深市ETF,326,159831.SZ,SZ,xtdata.get_stock_list_in_sector
2026-07-07,2026-07-07 09:29:54,深市ETF,327,159107.SZ,SZ,xtdata.get_stock_list_in_sector
2026-07-07,2026-07-07 09:29:54,深市ETF,328,159173.SZ,SZ,xtdata.get_stock_list_in_sector
2026-07-07,2026-07-07 09:29:54,深市ETF,329,159568.SZ,SZ,xtdata.get_stock_list_in_sector
2026-07-07,2026-07-07 09:29:54,深市ETF,330,159005.SZ,SZ,xtdata.get_stock_list_in_sector
2026-07-07,2026-07-07 09:29:54,深市ETF,331,159071.SZ,SZ,xtdata.get_stock_list_in_sector
2026-07-07,2026-07-07 09:29:54,深市ETF,332,159933.SZ,SZ,xtdata.get_stock_list_in_sector
2026-07-07,2026-07-07 09:29:54,深市ETF,333,159099.SZ,SZ,xtdata.get_stock_list_in_sector
2026-07-07,2026-07-07 09:29:54,深市ETF,334,159351.SZ,SZ,xtdata.get_stock_list_in_sector
2026-07-07,2026-07-07 09:29:54,深市ETF,335,159325.SZ,SZ,xtdata.get_stock_list_in_sector
2026-07-07,2026-07-07 09:29:54,深市ETF,336,159253.SZ,SZ,xtdata.get_stock_list_in_sector
2026-07-07,2026-07-07 09:29:54,深市ETF,337,159227.SZ,SZ,xtdata.get_stock_list_in_sector
2026-07-07,2026-07-07 09:29:54,深市ETF,338,159023.SZ,SZ,xtdata.get_stock_list_in_sector
2026-07-07,2026-07-07 09:29:54,深市ETF,339,159057.SZ,SZ,xtdata.get_stock_list_in_sector
2026-07-07,2026-07-07 09:29:54,深市ETF,340,159961.SZ,SZ,xtdata.get_stock_list_in_sector
2026-07-07,2026-07-07 09:29:54,深市ETF,341,159915.SZ,SZ,xtdata.get_stock_list_in_sector
2026-07-07,2026-07-07 09:29:54,深市ETF,342,159863.SZ,SZ,xtdata.get_stock_list_in_sector
2026-07-07,2026-07-07 09:29:54,深市ETF,343,159121.SZ,SZ,xtdata.get_stock_list_in_sector
2026-07-07,2026-07-07 09:29:54,深市ETF,344,159155.SZ,SZ,xtdata.get_stock_list_in_sector
2026-07-07,2026-07-07 09:29:54,深市ETF,345,159972.SZ,SZ,xtdata.get_stock_list_in_sector
2026-07-07,2026-07-07 09:29:54,深市ETF,346,159906.SZ,SZ,xtdata.get_stock_list_in_sector
2026-07-07,2026-07-07 09:29:54,深市ETF,347,159030.SZ,SZ,xtdata.get_stock_list_in_sector
2026-07-07,2026-07-07 09:29:54,深市ETF,348,159529.SZ,SZ,xtdata.get_stock_list_in_sector
2026-07-07,2026-07-07 09:29:54,深市ETF,349,159132.SZ,SZ,xtdata.get_stock_list_in_sector
2026-07-07,2026-07-07 09:29:54,深市ETF,350,159898.SZ,SZ,xtdata.get_stock_list_in_sector
2026-07-07,2026-07-07 09:29:54,深市ETF,351,159146.SZ,SZ,xtdata.get_stock_list_in_sector
2026-07-07,2026-07-07 09:29:54,深市ETF,352,159870.SZ,SZ,xtdata.get_stock_list_in_sector
2026-07-07,2026-07-07 09:29:54,深市ETF,353,159804.SZ,SZ,xtdata.get_stock_list_in_sector
2026-07-07,2026-07-07 09:29:54,深市ETF,354,159336.SZ,SZ,xtdata.get_stock_list_in_sector
2026-07-07,2026-07-07 09:29:54,深市ETF,355,159240.SZ,SZ,xtdata.get_stock_list_in_sector
2026-07-07,2026-07-07 09:29:54,深市ETF,356,159375.SZ,SZ,xtdata.get_stock_list_in_sector
2026-07-07,2026-07-07 09:29:54,深市ETF,357,159301.SZ,SZ,xtdata.get_stock_list_in_sector
2026-07-07,2026-07-07 09:29:54,深市ETF,358,159786.SZ,SZ,xtdata.get_stock_list_in_sector
2026-07-07,2026-07-07 09:29:54,深市ETF,359,159277.SZ,SZ,xtdata.get_stock_list_in_sector
2026-07-07,2026-07-07 09:29:54,深市ETF,360,159618.SZ,SZ,xtdata.get_stock_list_in_sector
2026-07-07,2026-07-07 09:29:54,深市ETF,361,159203.SZ,SZ,xtdata.get_stock_list_in_sector
2026-07-07,2026-07-07 09:29:54,深市ETF,362,159945.SZ,SZ,xtdata.get_stock_list_in_sector
2026-07-07,2026-07-07 09:29:54,深市ETF,363,159931.SZ,SZ,xtdata.get_stock_list_in_sector
2026-07-07,2026-07-07 09:29:54,深市ETF,364,159007.SZ,SZ,xtdata.get_stock_list_in_sector
2026-07-07,2026-07-07 09:29:54,深市ETF,365,159105.SZ,SZ,xtdata.get_stock_list_in_sector
2026-07-07,2026-07-07 09:29:54,深市ETF,366,159171.SZ,SZ,xtdata.get_stock_list_in_sector
2026-07-07,2026-07-07 09:29:54,深市ETF,367,159847.SZ,SZ,xtdata.get_stock_list_in_sector
2026-07-07,2026-07-07 09:29:54,深市ETF,368,159582.SZ,SZ,xtdata.get_stock_list_in_sector
2026-07-07,2026-07-07 09:29:54,深市ETF,369,159199.SZ,SZ,xtdata.get_stock_list_in_sector
2026-07-07,2026-07-07 09:29:54,深市ETF,370,159060.SZ,SZ,xtdata.get_stock_list_in_sector
2026-07-07,2026-07-07 09:29:54,深市ETF,371,159956.SZ,SZ,xtdata.get_stock_list_in_sector
2026-07-07,2026-07-07 09:29:54,深市ETF,372,159922.SZ,SZ,xtdata.get_stock_list_in_sector
2026-07-07,2026-07-07 09:29:54,深市ETF,373,159820.SZ,SZ,xtdata.get_stock_list_in_sector
2026-07-07,2026-07-07 09:29:54,深市ETF,374,159591.SZ,SZ,xtdata.get_stock_list_in_sector
2026-07-07,2026-07-07 09:29:54,深市ETF,375,159116.SZ,SZ,xtdata.get_stock_list_in_sector
2026-07-07,2026-07-07 09:29:54,深市ETF,376,159162.SZ,SZ,xtdata.get_stock_list_in_sector
2026-07-07,2026-07-07 09:29:54,深市ETF,377,159795.SZ,SZ,xtdata.get_stock_list_in_sector
2026-07-07,2026-07-07 09:29:54,深市ETF,378,159366.SZ,SZ,xtdata.get_stock_list_in_sector
2026-07-07,2026-07-07 09:29:54,深市ETF,379,159709.SZ,SZ,xtdata.get_stock_list_in_sector
2026-07-07,2026-07-07 09:29:54,深市ETF,380,159312.SZ,SZ,xtdata.get_stock_list_in_sector
2026-07-07,2026-07-07 09:29:54,深市ETF,381,159210.SZ,SZ,xtdata.get_stock_list_in_sector
2026-07-07,2026-07-07 09:29:54,深市ETF,382,159697.SZ,SZ,xtdata.get_stock_list_in_sector
2026-07-07,2026-07-07 09:29:54,深市ETF,383,159872.SZ,SZ,xtdata.get_stock_list_in_sector
2026-07-07,2026-07-07 09:29:54,深市ETF,384,159806.SZ,SZ,xtdata.get_stock_list_in_sector
2026-07-07,2026-07-07 09:29:54,深市ETF,385,159130.SZ,SZ,xtdata.get_stock_list_in_sector
2026-07-07,2026-07-07 09:29:54,深市ETF,386,159032.SZ,SZ,xtdata.get_stock_list_in_sector
2026-07-07,2026-07-07 09:29:54,深市ETF,387,159998.SZ,SZ,xtdata.get_stock_list_in_sector
2026-07-07,2026-07-07 09:29:54,深市ETF,388,159046.SZ,SZ,xtdata.get_stock_list_in_sector
2026-07-07,2026-07-07 09:29:54,深市ETF,389,159970.SZ,SZ,xtdata.get_stock_list_in_sector
2026-07-07,2026-07-07 09:29:54,深市ETF,390,159242.SZ,SZ,xtdata.get_stock_list_in_sector
2026-07-07,2026-07-07 09:29:54,深市ETF,391,159659.SZ,SZ,xtdata.get_stock_list_in_sector
2026-07-07,2026-07-07 09:29:54,深市ETF,392,159236.SZ,SZ,xtdata.get_stock_list_in_sector
2026-07-07,2026-07-07 09:29:54,深市ETF,393,159251.SZ,SZ,xtdata.get_stock_list_in_sector
2026-07-07,2026-07-07 09:29:54,深市ETF,394,159225.SZ,SZ,xtdata.get_stock_list_in_sector
2026-07-07,2026-07-07 09:29:54,深市ETF,395,159353.SZ,SZ,xtdata.get_stock_list_in_sector
2026-07-07,2026-07-07 09:29:54,深市ETF,396,159748.SZ,SZ,xtdata.get_stock_list_in_sector
2026-07-07,2026-07-07 09:29:54,深市ETF,397,159327.SZ,SZ,xtdata.get_stock_list_in_sector
2026-07-07,2026-07-07 09:29:54,深市ETF,398,159889.SZ,SZ,xtdata.get_stock_list_in_sector
2026-07-07,2026-07-07 09:29:54,深市ETF,399,159538.SZ,SZ,xtdata.get_stock_list_in_sector
2026-07-07,2026-07-07 09:29:54,深市ETF,400,159123.SZ,SZ,xtdata.get_stock_list_in_sector
2026-07-07,2026-07-07 09:29:54,深市ETF,401,159157.SZ,SZ,xtdata.get_stock_list_in_sector
2026-07-07,2026-07-07 09:29:54,深市ETF,402,159861.SZ,SZ,xtdata.get_stock_list_in_sector
2026-07-07,2026-07-07 09:29:54,深市ETF,403,159021.SZ,SZ,xtdata.get_stock_list_in_sector
2026-07-07,2026-07-07 09:29:54,深市ETF,404,159055.SZ,SZ,xtdata.get_stock_list_in_sector
2026-07-07,2026-07-07 09:29:54,深市ETF,405,159615.SZ,SZ,xtdata.get_stock_list_in_sector
2026-07-07,2026-07-07 09:29:54,深市ETF,406,159661.SZ,SZ,xtdata.get_stock_list_in_sector
2026-07-07,2026-07-07 09:29:54,深市ETF,407,159292.SZ,SZ,xtdata.get_stock_list_in_sector
2026-07-07,2026-07-07 09:29:54,深市ETF,408,159689.SZ,SZ,xtdata.get_stock_list_in_sector
2026-07-07,2026-07-07 09:29:54,深市ETF,409,159390.SZ,SZ,xtdata.get_stock_list_in_sector
2026-07-07,2026-07-07 09:29:54,深市ETF,410,159717.SZ,SZ,xtdata.get_stock_list_in_sector
2026-07-07,2026-07-07 09:29:54,深市ETF,411,159763.SZ,SZ,xtdata.get_stock_list_in_sector
2026-07-07,2026-07-07 09:29:54,深市ETF,412,159378.SZ,SZ,xtdata.get_stock_list_in_sector
2026-07-07,2026-07-07 09:29:54,深市ETF,413,159567.SZ,SZ,xtdata.get_stock_list_in_sector
2026-07-07,2026-07-07 09:29:54,深市ETF,414,159108.SZ,SZ,xtdata.get_stock_list_in_sector
2026-07-07,2026-07-07 09:29:54,深市ETF,415,159513.SZ,SZ,xtdata.get_stock_list_in_sector
2026-07-07,2026-07-07 09:29:54,深市ETF,416,159948.SZ,SZ,xtdata.get_stock_list_in_sector
2026-07-07,2026-07-07 09:29:54,深市ETF,417,159500.SZ,SZ,xtdata.get_stock_list_in_sector
2026-07-07,2026-07-07 09:29:54,深市ETF,418,159187.SZ,SZ,xtdata.get_stock_list_in_sector
2026-07-07,2026-07-07 09:29:54,深市ETF,419,159859.SZ,SZ,xtdata.get_stock_list_in_sector
2026-07-07,2026-07-07 09:29:54,深市ETF,420,159085.SZ,SZ,xtdata.get_stock_list_in_sector
2026-07-07,2026-07-07 09:29:54,深市ETF,421,159019.SZ,SZ,xtdata.get_stock_list_in_sector
2026-07-07,2026-07-07 09:29:54,深市ETF,422,159281.SZ,SZ,xtdata.get_stock_list_in_sector
2026-07-07,2026-07-07 09:29:54,深市ETF,423,159606.SZ,SZ,xtdata.get_stock_list_in_sector
2026-07-07,2026-07-07 09:29:54,深市ETF,424,159672.SZ,SZ,xtdata.get_stock_list_in_sector
2026-07-07,2026-07-07 09:29:54,深市ETF,425,159269.SZ,SZ,xtdata.get_stock_list_in_sector
2026-07-07,2026-07-07 09:29:54,深市ETF,426,159770.SZ,SZ,xtdata.get_stock_list_in_sector
2026-07-07,2026-07-07 09:29:54,深市ETF,427,159383.SZ,SZ,xtdata.get_stock_list_in_sector
2026-07-07,2026-07-07 09:29:54,深市ETF,428,159798.SZ,SZ,xtdata.get_stock_list_in_sector
2026-07-07,2026-07-07 09:29:54,深市ETF,429,159909.SZ,SZ,xtdata.get_stock_list_in_sector
2026-07-07,2026-07-07 09:29:54,深市ETF,430,159995.SZ,SZ,xtdata.get_stock_list_in_sector
2026-07-07,2026-07-07 09:29:54,深市ETF,431,159552.SZ,SZ,xtdata.get_stock_list_in_sector
2026-07-07,2026-07-07 09:29:54,深市ETF,432,159149.SZ,SZ,xtdata.get_stock_list_in_sector
2026-07-07,2026-07-07 09:29:54,深市ETF,433,159526.SZ,SZ,xtdata.get_stock_list_in_sector
2026-07-07,2026-07-07 09:29:54,深市ETF,434,159339.SZ,SZ,xtdata.get_stock_list_in_sector
2026-07-07,2026-07-07 09:29:54,深市ETF,435,159620.SZ,SZ,xtdata.get_stock_list_in_sector
2026-07-07,2026-07-07 09:29:54,深市ETF,436,159731.SZ,SZ,xtdata.get_stock_list_in_sector
2026-07-07,2026-07-07 09:29:54,深市ETF,437,159745.SZ,SZ,xtdata.get_stock_list_in_sector
2026-07-07,2026-07-07 09:29:54,深市ETF,438,159228.SZ,SZ,xtdata.get_stock_list_in_sector
2026-07-07,2026-07-07 09:29:54,深市ETF,439,159633.SZ,SZ,xtdata.get_stock_list_in_sector
2026-07-07,2026-07-07 09:29:54,深市ETF,440,159647.SZ,SZ,xtdata.get_stock_list_in_sector
2026-07-07,2026-07-07 09:29:54,深市ETF,441,159541.SZ,SZ,xtdata.get_stock_list_in_sector
2026-07-07,2026-07-07 09:29:54,深市ETF,442,159535.SZ,SZ,xtdata.get_stock_list_in_sector
2026-07-07,2026-07-07 09:29:54,深市ETF,443,159929.SZ,SZ,xtdata.get_stock_list_in_sector
2026-07-07,2026-07-07 09:29:54,深市ETF,444,159181.SZ,SZ,xtdata.get_stock_list_in_sector
2026-07-07,2026-07-07 09:29:54,深市ETF,445,159169.SZ,SZ,xtdata.get_stock_list_in_sector
2026-07-07,2026-07-07 09:29:54,深市ETF,446,159572.SZ,SZ,xtdata.get_stock_list_in_sector
2026-07-07,2026-07-07 09:29:54,深市ETF,447,159506.SZ,SZ,xtdata.get_stock_list_in_sector
2026-07-07,2026-07-07 09:29:54,深市ETF,448,159385.SZ,SZ,xtdata.get_stock_list_in_sector
2026-07-07,2026-07-07 09:29:54,深市ETF,449,159776.SZ,SZ,xtdata.get_stock_list_in_sector
2026-07-07,2026-07-07 09:29:54,深市ETF,450,159600.SZ,SZ,xtdata.get_stock_list_in_sector
2026-07-07,2026-07-07 09:29:54,深市ETF,451,159287.SZ,SZ,xtdata.get_stock_list_in_sector
2026-07-07,2026-07-07 09:29:54,深市ETF,452,159711.SZ,SZ,xtdata.get_stock_list_in_sector
2026-07-07,2026-07-07 09:29:54,深市ETF,453,159396.SZ,SZ,xtdata.get_stock_list_in_sector
2026-07-07,2026-07-07 09:29:54,深市ETF,454,159613.SZ,SZ,xtdata.get_stock_list_in_sector
2026-07-07,2026-07-07 09:29:54,深市ETF,455,159208.SZ,SZ,xtdata.get_stock_list_in_sector
2026-07-07,2026-07-07 09:29:54,深市ETF,456,159667.SZ,SZ,xtdata.get_stock_list_in_sector
2026-07-07,2026-07-07 09:29:54,深市ETF,457,159561.SZ,SZ,xtdata.get_stock_list_in_sector
2026-07-07,2026-07-07 09:29:54,深市ETF,458,159515.SZ,SZ,xtdata.get_stock_list_in_sector
2026-07-07,2026-07-07 09:29:54,深市ETF,459,159838.SZ,SZ,xtdata.get_stock_list_in_sector
2026-07-07,2026-07-07 09:29:54,深市ETF,460,159589.SZ,SZ,xtdata.get_stock_list_in_sector
2026-07-07,2026-07-07 09:29:54,深市ETF,461,159192.SZ,SZ,xtdata.get_stock_list_in_sector
2026-07-07,2026-07-07 09:29:54,深市ETF,462,159635.SZ,SZ,xtdata.get_stock_list_in_sector
2026-07-07,2026-07-07 09:29:54,深市ETF,463,159641.SZ,SZ,xtdata.get_stock_list_in_sector
2026-07-07,2026-07-07 09:29:54,深市ETF,464,159358.SZ,SZ,xtdata.get_stock_list_in_sector
2026-07-07,2026-07-07 09:29:54,深市ETF,465,159743.SZ,SZ,xtdata.get_stock_list_in_sector
2026-07-07,2026-07-07 09:29:54,深市ETF,466,159547.SZ,SZ,xtdata.get_stock_list_in_sector
2026-07-07,2026-07-07 09:29:54,深市ETF,467,159533.SZ,SZ,xtdata.get_stock_list_in_sector
2026-07-07,2026-07-07 09:29:54,深市ETF,468,159128.SZ,SZ,xtdata.get_stock_list_in_sector
2026-07-07,2026-07-07 09:29:54,深市ETF,469,159968.SZ,SZ,xtdata.get_stock_list_in_sector
2026-07-07,2026-07-07 09:29:54,深市ETF,470,159980.SZ,SZ,xtdata.get_stock_list_in_sector
2026-07-07,2026-07-07 09:29:54,深市ETF,471,159891.SZ,SZ,xtdata.get_stock_list_in_sector
2026-07-07,2026-07-07 09:29:54,深市ETF,472,159520.SZ,SZ,xtdata.get_stock_list_in_sector
2026-07-07,2026-07-07 09:29:54,深市ETF,473,159039.SZ,SZ,xtdata.get_stock_list_in_sector
2026-07-07,2026-07-07 09:29:54,深市ETF,474,159993.SZ,SZ,xtdata.get_stock_list_in_sector
2026-07-07,2026-07-07 09:29:54,深市ETF,475,159249.SZ,SZ,xtdata.get_stock_list_in_sector
2026-07-07,2026-07-07 09:29:54,深市ETF,476,159652.SZ,SZ,xtdata.get_stock_list_in_sector
2026-07-07,2026-07-07 09:29:54,深市ETF,477,159750.SZ,SZ,xtdata.get_stock_list_in_sector
2026-07-07,2026-07-07 09:29:54,深市ETF,478,159110.SZ,SZ,xtdata.get_stock_list_in_sector
2026-07-07,2026-07-07 09:29:54,深市ETF,479,159852.SZ,SZ,xtdata.get_stock_list_in_sector
2026-07-07,2026-07-07 09:29:54,深市ETF,480,159597.SZ,SZ,xtdata.get_stock_list_in_sector
2026-07-07,2026-07-07 09:29:54,深市ETF,481,159012.SZ,SZ,xtdata.get_stock_list_in_sector
2026-07-07,2026-07-07 09:29:54,深市ETF,482,159066.SZ,SZ,xtdata.get_stock_list_in_sector
2026-07-07,2026-07-07 09:29:54,深市ETF,483,159691.SZ,SZ,xtdata.get_stock_list_in_sector
2026-07-07,2026-07-07 09:29:54,深市ETF,484,159679.SZ,SZ,xtdata.get_stock_list_in_sector
2026-07-07,2026-07-07 09:29:54,深市ETF,485,159262.SZ,SZ,xtdata.get_stock_list_in_sector
2026-07-07,2026-07-07 09:29:54,深市ETF,486,159216.SZ,SZ,xtdata.get_stock_list_in_sector
2026-07-07,2026-07-07 09:29:54,深市ETF,487,159360.SZ,SZ,xtdata.get_stock_list_in_sector
2026-07-07,2026-07-07 09:29:54,深市ETF,488,159388.SZ,SZ,xtdata.get_stock_list_in_sector
2026-07-07,2026-07-07 09:29:54,深市ETF,489,159793.SZ,SZ,xtdata.get_stock_list_in_sector
2026-07-07,2026-07-07 09:29:54,深市ETF,490,159271.SZ,SZ,xtdata.get_stock_list_in_sector
2026-07-07,2026-07-07 09:29:54,深市ETF,491,159205.SZ,SZ,xtdata.get_stock_list_in_sector
2026-07-07,2026-07-07 09:29:54,深市ETF,492,159299.SZ,SZ,xtdata.get_stock_list_in_sector
2026-07-07,2026-07-07 09:29:54,深市ETF,493,159682.SZ,SZ,xtdata.get_stock_list_in_sector
2026-07-07,2026-07-07 09:29:54,深市ETF,494,159780.SZ,SZ,xtdata.get_stock_list_in_sector
2026-07-07,2026-07-07 09:29:54,深市ETF,495,159768.SZ,SZ,xtdata.get_stock_list_in_sector
2026-07-07,2026-07-07 09:29:54,深市ETF,496,159373.SZ,SZ,xtdata.get_stock_list_in_sector
2026-07-07,2026-07-07 09:29:54,深市ETF,497,159307.SZ,SZ,xtdata.get_stock_list_in_sector
2026-07-07,2026-07-07 09:29:54,深市ETF,498,159841.SZ,SZ,xtdata.get_stock_list_in_sector
2026-07-07,2026-07-07 09:29:54,深市ETF,499,159835.SZ,SZ,xtdata.get_stock_list_in_sector
2026-07-07,2026-07-07 09:29:54,深市ETF,500,159103.SZ,SZ,xtdata.get_stock_list_in_sector
2026-07-07,2026-07-07 09:29:54,深市ETF,501,159518.SZ,SZ,xtdata.get_stock_list_in_sector
2026-07-07,2026-07-07 09:29:54,深市ETF,502,159177.SZ,SZ,xtdata.get_stock_list_in_sector
2026-07-07,2026-07-07 09:29:54,深市ETF,503,159001.SZ,SZ,xtdata.get_stock_list_in_sector
2026-07-07,2026-07-07 09:29:54,深市ETF,504,159943.SZ,SZ,xtdata.get_stock_list_in_sector
2026-07-07,2026-07-07 09:29:54,深市ETF,505,159937.SZ,SZ,xtdata.get_stock_list_in_sector
2026-07-07,2026-07-07 09:29:54,深市ETF,506,159355.SZ,SZ,xtdata.get_stock_list_in_sector
2026-07-07,2026-07-07 09:29:54,深市ETF,507,159321.SZ,SZ,xtdata.get_stock_list_in_sector
2026-07-07,2026-07-07 09:29:54,深市ETF,508,159257.SZ,SZ,xtdata.get_stock_list_in_sector
2026-07-07,2026-07-07 09:29:54,深市ETF,509,159223.SZ,SZ,xtdata.get_stock_list_in_sector
2026-07-07,2026-07-07 09:29:54,深市ETF,510,159638.SZ,SZ,xtdata.get_stock_list_in_sector
2026-07-07,2026-07-07 09:29:54,深市ETF,511,159027.SZ,SZ,xtdata.get_stock_list_in_sector
2026-07-07,2026-07-07 09:29:54,深市ETF,512,159053.SZ,SZ,xtdata.get_stock_list_in_sector
2026-07-07,2026-07-07 09:29:54,深市ETF,513,159965.SZ,SZ,xtdata.get_stock_list_in_sector
2026-07-07,2026-07-07 09:29:54,深市ETF,514,159867.SZ,SZ,xtdata.get_stock_list_in_sector
2026-07-07,2026-07-07 09:29:54,深市ETF,515,159813.SZ,SZ,xtdata.get_stock_list_in_sector
2026-07-07,2026-07-07 09:29:54,深市ETF,516,159125.SZ,SZ,xtdata.get_stock_list_in_sector
2026-07-07,2026-07-07 09:29:54,深市ETF,517,159151.SZ,SZ,xtdata.get_stock_list_in_sector
2026-07-07,2026-07-07 09:29:54,深市ETF,518,159976.SZ,SZ,xtdata.get_stock_list_in_sector
2026-07-07,2026-07-07 09:29:54,深市ETF,519,159902.SZ,SZ,xtdata.get_stock_list_in_sector
2026-07-07,2026-07-07 09:29:54,深市ETF,520,159040.SZ,SZ,xtdata.get_stock_list_in_sector
2026-07-07,2026-07-07 09:29:54,深市ETF,521,159136.SZ,SZ,xtdata.get_stock_list_in_sector
2026-07-07,2026-07-07 09:29:54,深市ETF,522,159559.SZ,SZ,xtdata.get_stock_list_in_sector
2026-07-07,2026-07-07 09:29:54,深市ETF,523,159142.SZ,SZ,xtdata.get_stock_list_in_sector
2026-07-07,2026-07-07 09:29:54,深市ETF,524,159800.SZ,SZ,xtdata.get_stock_list_in_sector
2026-07-07,2026-07-07 09:29:54,深市ETF,525,159332.SZ,SZ,xtdata.get_stock_list_in_sector
2026-07-07,2026-07-07 09:29:54,深市ETF,526,159729.SZ,SZ,xtdata.get_stock_list_in_sector
2026-07-07,2026-07-07 09:29:54,深市ETF,527,159230.SZ,SZ,xtdata.get_stock_list_in_sector
2026-07-07,2026-07-07 09:29:54,深市ETF,528,159910.SZ,SZ,xtdata.get_stock_list_in_sector
2026-07-07,2026-07-07 09:29:54,深市ETF,529,159964.SZ,SZ,xtdata.get_stock_list_in_sector
2026-07-07,2026-07-07 09:29:54,深市ETF,530,159052.SZ,SZ,xtdata.get_stock_list_in_sector
2026-07-07,2026-07-07 09:29:54,深市ETF,531,159026.SZ,SZ,xtdata.get_stock_list_in_sector
2026-07-07,2026-07-07 09:29:54,深市ETF,532,159150.SZ,SZ,xtdata.get_stock_list_in_sector
2026-07-07,2026-07-07 09:29:54,深市ETF,533,159812.SZ,SZ,xtdata.get_stock_list_in_sector
2026-07-07,2026-07-07 09:29:54,深市ETF,534,159866.SZ,SZ,xtdata.get_stock_list_in_sector
2026-07-07,2026-07-07 09:29:54,深市ETF,535,159320.SZ,SZ,xtdata.get_stock_list_in_sector
2026-07-07,2026-07-07 09:29:54,深市ETF,536,159639.SZ,SZ,xtdata.get_stock_list_in_sector
2026-07-07,2026-07-07 09:29:54,深市ETF,537,159222.SZ,SZ,xtdata.get_stock_list_in_sector
2026-07-07,2026-07-07 09:29:54,深市ETF,538,159256.SZ,SZ,xtdata.get_stock_list_in_sector
2026-07-07,2026-07-07 09:29:54,深市ETF,539,159728.SZ,SZ,xtdata.get_stock_list_in_sector
2026-07-07,2026-07-07 09:29:54,深市ETF,540,159333.SZ,SZ,xtdata.get_stock_list_in_sector
2026-07-07,2026-07-07 09:29:54,深市ETF,541,159231.SZ,SZ,xtdata.get_stock_list_in_sector
2026-07-07,2026-07-07 09:29:54,深市ETF,542,159245.SZ,SZ,xtdata.get_stock_list_in_sector
2026-07-07,2026-07-07 09:29:54,深市ETF,543,159041.SZ,SZ,xtdata.get_stock_list_in_sector
2026-07-07,2026-07-07 09:29:54,深市ETF,544,159035.SZ,SZ,xtdata.get_stock_list_in_sector
2026-07-07,2026-07-07 09:29:54,深市ETF,545,159903.SZ,SZ,xtdata.get_stock_list_in_sector
2026-07-07,2026-07-07 09:29:54,深市ETF,546,159977.SZ,SZ,xtdata.get_stock_list_in_sector
2026-07-07,2026-07-07 09:29:54,深市ETF,547,159801.SZ,SZ,xtdata.get_stock_list_in_sector
2026-07-07,2026-07-07 09:29:54,深市ETF,548,159875.SZ,SZ,xtdata.get_stock_list_in_sector
2026-07-07,2026-07-07 09:29:54,深市ETF,549,159143.SZ,SZ,xtdata.get_stock_list_in_sector
2026-07-07,2026-07-07 09:29:54,深市ETF,550,159558.SZ,SZ,xtdata.get_stock_list_in_sector
2026-07-07,2026-07-07 09:29:54,深市ETF,551,159137.SZ,SZ,xtdata.get_stock_list_in_sector
2026-07-07,2026-07-07 09:29:54,深市ETF,552,159217.SZ,SZ,xtdata.get_stock_list_in_sector
2026-07-07,2026-07-07 09:29:54,深市ETF,553,159263.SZ,SZ,xtdata.get_stock_list_in_sector
2026-07-07,2026-07-07 09:29:54,深市ETF,554,159678.SZ,SZ,xtdata.get_stock_list_in_sector
2026-07-07,2026-07-07 09:29:54,深市ETF,555,159690.SZ,SZ,xtdata.get_stock_list_in_sector
2026-07-07,2026-07-07 09:29:54,深市ETF,556,159792.SZ,SZ,xtdata.get_stock_list_in_sector
2026-07-07,2026-07-07 09:29:54,深市ETF,557,159389.SZ,SZ,xtdata.get_stock_list_in_sector
2026-07-07,2026-07-07 09:29:54,深市ETF,558,159315.SZ,SZ,xtdata.get_stock_list_in_sector
2026-07-07,2026-07-07 09:29:54,深市ETF,559,159361.SZ,SZ,xtdata.get_stock_list_in_sector
2026-07-07,2026-07-07 09:29:54,深市ETF,560,159827.SZ,SZ,xtdata.get_stock_list_in_sector
2026-07-07,2026-07-07 09:29:54,深市ETF,561,159596.SZ,SZ,xtdata.get_stock_list_in_sector
2026-07-07,2026-07-07 09:29:54,深市ETF,562,159165.SZ,SZ,xtdata.get_stock_list_in_sector
2026-07-07,2026-07-07 09:29:54,深市ETF,563,159111.SZ,SZ,xtdata.get_stock_list_in_sector
2026-07-07,2026-07-07 09:29:54,深市ETF,564,159013.SZ,SZ,xtdata.get_stock_list_in_sector
2026-07-07,2026-07-07 09:29:54,深市ETF,565,159925.SZ,SZ,xtdata.get_stock_list_in_sector
2026-07-07,2026-07-07 09:29:54,深市ETF,566,159176.SZ,SZ,xtdata.get_stock_list_in_sector
2026-07-07,2026-07-07 09:29:54,深市ETF,567,159519.SZ,SZ,xtdata.get_stock_list_in_sector
2026-07-07,2026-07-07 09:29:54,深市ETF,568,159102.SZ,SZ,xtdata.get_stock_list_in_sector
2026-07-07,2026-07-07 09:29:54,深市ETF,569,159834.SZ,SZ,xtdata.get_stock_list_in_sector
2026-07-07,2026-07-07 09:29:54,深市ETF,570,159840.SZ,SZ,xtdata.get_stock_list_in_sector
2026-07-07,2026-07-07 09:29:54,深市ETF,571,159936.SZ,SZ,xtdata.get_stock_list_in_sector
2026-07-07,2026-07-07 09:29:54,深市ETF,572,159298.SZ,SZ,xtdata.get_stock_list_in_sector
2026-07-07,2026-07-07 09:29:54,深市ETF,573,159270.SZ,SZ,xtdata.get_stock_list_in_sector
2026-07-07,2026-07-07 09:29:54,深市ETF,574,159306.SZ,SZ,xtdata.get_stock_list_in_sector
2026-07-07,2026-07-07 09:29:54,深市ETF,575,159372.SZ,SZ,xtdata.get_stock_list_in_sector
2026-07-07,2026-07-07 09:29:54,深市ETF,576,159781.SZ,SZ,xtdata.get_stock_list_in_sector
2026-07-07,2026-07-07 09:29:54,深市ETF,577,159883.SZ,SZ,xtdata.get_stock_list_in_sector
2026-07-07,2026-07-07 09:29:54,深市ETF,578,159129.SZ,SZ,xtdata.get_stock_list_in_sector
2026-07-07,2026-07-07 09:29:54,深市ETF,579,159532.SZ,SZ,xtdata.get_stock_list_in_sector
2026-07-07,2026-07-07 09:29:54,深市ETF,580,159546.SZ,SZ,xtdata.get_stock_list_in_sector
2026-07-07,2026-07-07 09:29:54,深市ETF,581,159981.SZ,SZ,xtdata.get_stock_list_in_sector
2026-07-07,2026-07-07 09:29:54,深市ETF,582,159640.SZ,SZ,xtdata.get_stock_list_in_sector
2026-07-07,2026-07-07 09:29:54,深市ETF,583,159742.SZ,SZ,xtdata.get_stock_list_in_sector
2026-07-07,2026-07-07 09:29:54,深市ETF,584,159359.SZ,SZ,xtdata.get_stock_list_in_sector
2026-07-07,2026-07-07 09:29:54,深市ETF,585,159736.SZ,SZ,xtdata.get_stock_list_in_sector
2026-07-07,2026-07-07 09:29:54,深市ETF,586,159653.SZ,SZ,xtdata.get_stock_list_in_sector
2026-07-07,2026-07-07 09:29:54,深市ETF,587,159248.SZ,SZ,xtdata.get_stock_list_in_sector
2026-07-07,2026-07-07 09:29:54,深市ETF,588,159627.SZ,SZ,xtdata.get_stock_list_in_sector
2026-07-07,2026-07-07 09:29:54,深市ETF,589,159751.SZ,SZ,xtdata.get_stock_list_in_sector
2026-07-07,2026-07-07 09:29:54,深市ETF,590,159725.SZ,SZ,xtdata.get_stock_list_in_sector
2026-07-07,2026-07-07 09:29:54,深市ETF,591,159890.SZ,SZ,xtdata.get_stock_list_in_sector
2026-07-07,2026-07-07 09:29:54,深市ETF,592,159521.SZ,SZ,xtdata.get_stock_list_in_sector
2026-07-07,2026-07-07 09:29:54,深市ETF,593,159555.SZ,SZ,xtdata.get_stock_list_in_sector
2026-07-07,2026-07-07 09:29:54,深市ETF,594,159038.SZ,SZ,xtdata.get_stock_list_in_sector
2026-07-07,2026-07-07 09:29:54,深市ETF,595,159992.SZ,SZ,xtdata.get_stock_list_in_sector
2026-07-07,2026-07-07 09:29:54,深市ETF,596,159777.SZ,SZ,xtdata.get_stock_list_in_sector
2026-07-07,2026-07-07 09:29:54,深市ETF,597,159318.SZ,SZ,xtdata.get_stock_list_in_sector
2026-07-07,2026-07-07 09:29:54,深市ETF,598,159703.SZ,SZ,xtdata.get_stock_list_in_sector
2026-07-07,2026-07-07 09:29:54,深市ETF,599,159286.SZ,SZ,xtdata.get_stock_list_in_sector
2026-07-07,2026-07-07 09:29:54,深市ETF,600,159675.SZ,SZ,xtdata.get_stock_list_in_sector
2026-07-07,2026-07-07 09:29:54,深市ETF,601,159601.SZ,SZ,xtdata.get_stock_list_in_sector
2026-07-07,2026-07-07 09:29:54,深市ETF,602,159928.SZ,SZ,xtdata.get_stock_list_in_sector
2026-07-07,2026-07-07 09:29:54,深市ETF,603,159507.SZ,SZ,xtdata.get_stock_list_in_sector
2026-07-07,2026-07-07 09:29:54,深市ETF,604,159573.SZ,SZ,xtdata.get_stock_list_in_sector
2026-07-07,2026-07-07 09:29:54,深市ETF,605,159168.SZ,SZ,xtdata.get_stock_list_in_sector
2026-07-07,2026-07-07 09:29:54,深市ETF,606,159180.SZ,SZ,xtdata.get_stock_list_in_sector
2026-07-07,2026-07-07 09:29:54,深市ETF,607,159079.SZ,SZ,xtdata.get_stock_list_in_sector
2026-07-07,2026-07-07 09:29:54,深市ETF,608,159839.SZ,SZ,xtdata.get_stock_list_in_sector
2026-07-07,2026-07-07 09:29:54,深市ETF,609,159193.SZ,SZ,xtdata.get_stock_list_in_sector
2026-07-07,2026-07-07 09:29:54,深市ETF,610,159588.SZ,SZ,xtdata.get_stock_list_in_sector
2026-07-07,2026-07-07 09:29:54,深市ETF,611,159560.SZ,SZ,xtdata.get_stock_list_in_sector
2026-07-07,2026-07-07 09:29:54,深市ETF,612,159397.SZ,SZ,xtdata.get_stock_list_in_sector
2026-07-07,2026-07-07 09:29:54,深市ETF,613,159666.SZ,SZ,xtdata.get_stock_list_in_sector
2026-07-07,2026-07-07 09:29:54,深市ETF,614,159209.SZ,SZ,xtdata.get_stock_list_in_sector
2026-07-07,2026-07-07 09:29:54,深市ETF,615,159612.SZ,SZ,xtdata.get_stock_list_in_sector
2026-07-07,2026-07-07 09:29:54,深市ETF,616,159295.SZ,SZ,xtdata.get_stock_list_in_sector
2026-07-07,2026-07-07 09:29:54,深市ETF,617,159757.SZ,SZ,xtdata.get_stock_list_in_sector
2026-07-07,2026-07-07 09:29:54,深市ETF,618,159723.SZ,SZ,xtdata.get_stock_list_in_sector
2026-07-07,2026-07-07 09:29:54,深市ETF,619,159338.SZ,SZ,xtdata.get_stock_list_in_sector
2026-07-07,2026-07-07 09:29:54,深市ETF,620,159655.SZ,SZ,xtdata.get_stock_list_in_sector
2026-07-07,2026-07-07 09:29:54,深市ETF,621,159621.SZ,SZ,xtdata.get_stock_list_in_sector
2026-07-07,2026-07-07 09:29:54,深市ETF,622,159994.SZ,SZ,xtdata.get_stock_list_in_sector
2026-07-07,2026-07-07 09:29:54,深市ETF,623,159908.SZ,SZ,xtdata.get_stock_list_in_sector
2026-07-07,2026-07-07 09:29:54,深市ETF,624,159896.SZ,SZ,xtdata.get_stock_list_in_sector
2026-07-07,2026-07-07 09:29:54,深市ETF,625,159527.SZ,SZ,xtdata.get_stock_list_in_sector
2026-07-07,2026-07-07 09:29:54,深市ETF,626,159148.SZ,SZ,xtdata.get_stock_list_in_sector
2026-07-07,2026-07-07 09:29:54,深市ETF,627,159553.SZ,SZ,xtdata.get_stock_list_in_sector
2026-07-07,2026-07-07 09:29:54,深市ETF,628,159059.SZ,SZ,xtdata.get_stock_list_in_sector
2026-07-07,2026-07-07 09:29:54,深市ETF,629,159885.SZ,SZ,xtdata.get_stock_list_in_sector
2026-07-07,2026-07-07 09:29:54,深市ETF,630,159540.SZ,SZ,xtdata.get_stock_list_in_sector
2026-07-07,2026-07-07 09:29:54,深市ETF,631,159819.SZ,SZ,xtdata.get_stock_list_in_sector
2026-07-07,2026-07-07 09:29:54,深市ETF,632,159730.SZ,SZ,xtdata.get_stock_list_in_sector
2026-07-07,2026-07-07 09:29:54,深市ETF,633,159632.SZ,SZ,xtdata.get_stock_list_in_sector
2026-07-07,2026-07-07 09:29:54,深市ETF,634,159229.SZ,SZ,xtdata.get_stock_list_in_sector
2026-07-07,2026-07-07 09:29:54,深市ETF,635,159512.SZ,SZ,xtdata.get_stock_list_in_sector
2026-07-07,2026-07-07 09:29:54,深市ETF,636,159109.SZ,SZ,xtdata.get_stock_list_in_sector
2026-07-07,2026-07-07 09:29:54,深市ETF,637,159566.SZ,SZ,xtdata.get_stock_list_in_sector
2026-07-07,2026-07-07 09:29:54,深市ETF,638,159195.SZ,SZ,xtdata.get_stock_list_in_sector
2026-07-07,2026-07-07 09:29:54,深市ETF,639,159949.SZ,SZ,xtdata.get_stock_list_in_sector
2026-07-07,2026-07-07 09:29:54,深市ETF,640,159688.SZ,SZ,xtdata.get_stock_list_in_sector
2026-07-07,2026-07-07 09:29:54,深市ETF,641,159293.SZ,SZ,xtdata.get_stock_list_in_sector
2026-07-07,2026-07-07 09:29:54,深市ETF,642,159660.SZ,SZ,xtdata.get_stock_list_in_sector
2026-07-07,2026-07-07 09:29:54,深市ETF,643,159379.SZ,SZ,xtdata.get_stock_list_in_sector
2026-07-07,2026-07-07 09:29:54,深市ETF,644,159716.SZ,SZ,xtdata.get_stock_list_in_sector
2026-07-07,2026-07-07 09:29:54,深市ETF,645,159391.SZ,SZ,xtdata.get_stock_list_in_sector
2026-07-07,2026-07-07 09:29:54,深市ETF,646,159268.SZ,SZ,xtdata.get_stock_list_in_sector
2026-07-07,2026-07-07 09:29:54,深市ETF,647,159673.SZ,SZ,xtdata.get_stock_list_in_sector
2026-07-07,2026-07-07 09:29:54,深市ETF,648,159607.SZ,SZ,xtdata.get_stock_list_in_sector
2026-07-07,2026-07-07 09:29:54,深市ETF,649,159280.SZ,SZ,xtdata.get_stock_list_in_sector
2026-07-07,2026-07-07 09:29:54,深市ETF,650,159382.SZ,SZ,xtdata.get_stock_list_in_sector
2026-07-07,2026-07-07 09:29:54,深市ETF,651,159858.SZ,SZ,xtdata.get_stock_list_in_sector
2026-07-07,2026-07-07 09:29:54,深市ETF,652,159186.SZ,SZ,xtdata.get_stock_list_in_sector
2026-07-07,2026-07-07 09:29:54,深市ETF,653,159501.SZ,SZ,xtdata.get_stock_list_in_sector
2026-07-07,2026-07-07 09:29:54,深市ETF,654,159575.SZ,SZ,xtdata.get_stock_list_in_sector
2026-07-07,2026-07-07 09:29:54,深市ETF,655,159018.SZ,SZ,xtdata.get_stock_list_in_sector
2026-07-07,2026-07-07 09:29:54,深市ETF,656,159237.SZ,SZ,xtdata.get_stock_list_in_sector
2026-07-07,2026-07-07 09:29:54,深市ETF,657,159658.SZ,SZ,xtdata.get_stock_list_in_sector
2026-07-07,2026-07-07 09:29:54,深市ETF,658,159243.SZ,SZ,xtdata.get_stock_list_in_sector
2026-07-07,2026-07-07 09:29:54,深市ETF,659,159335.SZ,SZ,xtdata.get_stock_list_in_sector
2026-07-07,2026-07-07 09:29:54,深市ETF,660,159145.SZ,SZ,xtdata.get_stock_list_in_sector
2026-07-07,2026-07-07 09:29:54,深市ETF,661,159131.SZ,SZ,xtdata.get_stock_list_in_sector
2026-07-07,2026-07-07 09:29:54,深市ETF,662,159807.SZ,SZ,xtdata.get_stock_list_in_sector
2026-07-07,2026-07-07 09:29:54,深市ETF,663,159873.SZ,SZ,xtdata.get_stock_list_in_sector
2026-07-07,2026-07-07 09:29:54,深市ETF,664,159905.SZ,SZ,xtdata.get_stock_list_in_sector
2026-07-07,2026-07-07 09:29:54,深市ETF,665,159971.SZ,SZ,xtdata.get_stock_list_in_sector
2026-07-07,2026-07-07 09:29:54,深市ETF,666,159033.SZ,SZ,xtdata.get_stock_list_in_sector
2026-07-07,2026-07-07 09:29:54,深市ETF,667,159814.SZ,SZ,xtdata.get_stock_list_in_sector
2026-07-07,2026-07-07 09:29:54,深市ETF,668,159156.SZ,SZ,xtdata.get_stock_list_in_sector
2026-07-07,2026-07-07 09:29:54,深市ETF,669,159888.SZ,SZ,xtdata.get_stock_list_in_sector
2026-07-07,2026-07-07 09:29:54,深市ETF,670,159122.SZ,SZ,xtdata.get_stock_list_in_sector
2026-07-07,2026-07-07 09:29:54,深市ETF,671,159539.SZ,SZ,xtdata.get_stock_list_in_sector
2026-07-07,2026-07-07 09:29:54,深市ETF,672,159020.SZ,SZ,xtdata.get_stock_list_in_sector
2026-07-07,2026-07-07 09:29:54,深市ETF,673,159916.SZ,SZ,xtdata.get_stock_list_in_sector
2026-07-07,2026-07-07 09:29:54,深市ETF,674,159326.SZ,SZ,xtdata.get_stock_list_in_sector
2026-07-07,2026-07-07 09:29:54,深市ETF,675,159352.SZ,SZ,xtdata.get_stock_list_in_sector
2026-07-07,2026-07-07 09:29:54,深市ETF,676,159930.SZ,SZ,xtdata.get_stock_list_in_sector
2026-07-07,2026-07-07 09:29:54,深市ETF,677,159944.SZ,SZ,xtdata.get_stock_list_in_sector
2026-07-07,2026-07-07 09:29:54,深市ETF,678,159198.SZ,SZ,xtdata.get_stock_list_in_sector
2026-07-07,2026-07-07 09:29:54,深市ETF,679,159583.SZ,SZ,xtdata.get_stock_list_in_sector
2026-07-07,2026-07-07 09:29:54,深市ETF,680,159170.SZ,SZ,xtdata.get_stock_list_in_sector
2026-07-07,2026-07-07 09:29:54,深市ETF,681,159787.SZ,SZ,xtdata.get_stock_list_in_sector
2026-07-07,2026-07-07 09:29:54,深市ETF,682,159300.SZ,SZ,xtdata.get_stock_list_in_sector
2026-07-07,2026-07-07 09:29:54,深市ETF,683,159202.SZ,SZ,xtdata.get_stock_list_in_sector
2026-07-07,2026-07-07 09:29:54,深市ETF,684,159619.SZ,SZ,xtdata.get_stock_list_in_sector
2026-07-07,2026-07-07 09:29:54,深市ETF,685,159276.SZ,SZ,xtdata.get_stock_list_in_sector
2026-07-07,2026-07-07 09:29:54,深市ETF,686,159685.SZ,SZ,xtdata.get_stock_list_in_sector
2026-07-07,2026-07-07 09:29:54,深市ETF,687,159708.SZ,SZ,xtdata.get_stock_list_in_sector
2026-07-07,2026-07-07 09:29:54,深市ETF,688,159367.SZ,SZ,xtdata.get_stock_list_in_sector
2026-07-07,2026-07-07 09:29:54,深市ETF,689,159696.SZ,SZ,xtdata.get_stock_list_in_sector
2026-07-07,2026-07-07 09:29:54,深市ETF,690,159211.SZ,SZ,xtdata.get_stock_list_in_sector
2026-07-07,2026-07-07 09:29:54,深市ETF,691,159265.SZ,SZ,xtdata.get_stock_list_in_sector
2026-07-07,2026-07-07 09:29:54,深市ETF,692,159923.SZ,SZ,xtdata.get_stock_list_in_sector
2026-07-07,2026-07-07 09:29:54,深市ETF,693,159957.SZ,SZ,xtdata.get_stock_list_in_sector
2026-07-07,2026-07-07 09:29:54,深市ETF,694,159061.SZ,SZ,xtdata.get_stock_list_in_sector
2026-07-07,2026-07-07 09:29:54,深市ETF,695,159015.SZ,SZ,xtdata.get_stock_list_in_sector
2026-07-07,2026-07-07 09:29:54,深市ETF,696,159578.SZ,SZ,xtdata.get_stock_list_in_sector
2026-07-07,2026-07-07 09:29:54,深市ETF,697,159163.SZ,SZ,xtdata.get_stock_list_in_sector
2026-07-07,2026-07-07 09:29:54,深市ETF,698,159117.SZ,SZ,xtdata.get_stock_list_in_sector
2026-07-07,2026-07-07 09:29:54,深市ETF,699,159821.SZ,SZ,xtdata.get_stock_list_in_sector
2026-07-07,2026-07-07 09:29:54,深市ETF,700,159590.SZ,SZ,xtdata.get_stock_list_in_sector
2026-07-07,2026-07-07 09:29:54,深市ETF,701,159855.SZ,SZ,xtdata.get_stock_list_in_sector
2026-07-07,2026-07-07 09:29:54,ETF股票型,1,510010.SH,SH,xtdata.get_stock_list_in_sector
2026-07-07,2026-07-07 09:29:54,ETF股票型,2,510020.SH,SH,xtdata.get_stock_list_in_sector
2026-07-07,2026-07-07 09:29:54,ETF股票型,3,510030.SH,SH,xtdata.get_stock_list_in_sector
2026-07-07,2026-07-07 09:29:54,ETF股票型,4,510040.SH,SH,xtdata.get_stock_list_in_sector
2026-07-07,2026-07-07 09:29:54,ETF股票型,5,510050.SH,SH,xtdata.get_stock_list_in_sector
2026-07-07,2026-07-07 09:29:54,ETF股票型,6,510060.SH,SH,xtdata.get_stock_list_in_sector
2026-07-07,2026-07-07 09:29:54,ETF股票型,7,510090.SH,SH,xtdata.get_stock_list_in_sector
2026-07-07,2026-07-07 09:29:54,ETF股票型,8,510100.SH,SH,xtdata.get_stock_list_in_sector
2026-07-07,2026-07-07 09:29:54,ETF股票型,9,510130.SH,SH,xtdata.get_stock_list_in_sector
2026-07-07,2026-07-07 09:29:54,ETF股票型,10,510140.SH,SH,xtdata.get_stock_list_in_sector
2026-07-07,2026-07-07 09:29:54,ETF股票型,11,510150.SH,SH,xtdata.get_stock_list_in_sector
2026-07-07,2026-07-07 09:29:54,ETF股票型,12,510160.SH,SH,xtdata.get_stock_list_in_sector
2026-07-07,2026-07-07 09:29:54,ETF股票型,13,510170.SH,SH,xtdata.get_stock_list_in_sector
2026-07-07,2026-07-07 09:29:54,ETF股票型,14,510180.SH,SH,xtdata.get_stock_list_in_sector
2026-07-07,2026-07-07 09:29:54,ETF股票型,15,510190.SH,SH,xtdata.get_stock_list_in_sector
2026-07-07,2026-07-07 09:29:54,ETF股票型,16,510200.SH,SH,xtdata.get_stock_list_in_sector
2026-07-07,2026-07-07 09:29:54,ETF股票型,17,510210.SH,SH,xtdata.get_stock_list_in_sector
2026-07-07,2026-07-07 09:29:54,ETF股票型,18,510230.SH,SH,xtdata.get_stock_list_in_sector
2026-07-07,2026-07-07 09:29:54,ETF股票型,19,510270.SH,SH,xtdata.get_stock_list_in_sector
2026-07-07,2026-07-07 09:29:54,ETF股票型,20,510290.SH,SH,xtdata.get_stock_list_in_sector
2026-07-07,2026-07-07 09:29:54,ETF股票型,21,510300.SH,SH,xtdata.get_stock_list_in_sector
2026-07-07,2026-07-07 09:29:54,ETF股票型,22,510310.SH,SH,xtdata.get_stock_list_in_sector
2026-07-07,2026-07-07 09:29:54,ETF股票型,23,510320.SH,SH,xtdata.get_stock_list_in_sector
2026-07-07,2026-07-07 09:29:54,ETF股票型,24,510330.SH,SH,xtdata.get_stock_list_in_sector
2026-07-07,2026-07-07 09:29:54,ETF股票型,25,510350.SH,SH,xtdata.get_stock_list_in_sector
2026-07-07,2026-07-07 09:29:54,ETF股票型,26,510360.SH,SH,xtdata.get_stock_list_in_sector
2026-07-07,2026-07-07 09:29:54,ETF股票型,27,510370.SH,SH,xtdata.get_stock_list_in_sector
2026-07-07,2026-07-07 09:29:54,ETF股票型,28,510380.SH,SH,xtdata.get_stock_list_in_sector
2026-07-07,2026-07-07 09:29:54,ETF股票型,29,510390.SH,SH,xtdata.get_stock_list_in_sector
2026-07-07,2026-07-07 09:29:54,ETF股票型,30,510410.SH,SH,xtdata.get_stock_list_in_sector
2026-07-07,2026-07-07 09:29:54,ETF股票型,31,510500.SH,SH,xtdata.get_stock_list_in_sector
2026-07-07,2026-07-07 09:29:54,ETF股票型,32,510510.SH,SH,xtdata.get_stock_list_in_sector
2026-07-07,2026-07-07 09:29:54,ETF股票型,33,510530.SH,SH,xtdata.get_stock_list_in_sector
2026-07-07,2026-07-07 09:29:54,ETF股票型,34,510550.SH,SH,xtdata.get_stock_list_in_sector
2026-07-07,2026-07-07 09:29:54,ETF股票型,35,510560.SH,SH,xtdata.get_stock_list_in_sector
2026-07-07,2026-07-07 09:29:54,ETF股票型,36,510570.SH,SH,xtdata.get_stock_list_in_sector
2026-07-07,2026-07-07 09:29:54,ETF股票型,37,510580.SH,SH,xtdata.get_stock_list_in_sector
2026-07-07,2026-07-07 09:29:54,ETF股票型,38,510590.SH,SH,xtdata.get_stock_list_in_sector
2026-07-07,2026-07-07 09:29:54,ETF股票型,39,510600.SH,SH,xtdata.get_stock_list_in_sector
2026-07-07,2026-07-07 09:29:54,ETF股票型,40,510630.SH,SH,xtdata.get_stock_list_in_sector
2026-07-07,2026-07-07 09:29:54,ETF股票型,41,510650.SH,SH,xtdata.get_stock_list_in_sector
2026-07-07,2026-07-07 09:29:54,ETF股票型,42,510660.SH,SH,xtdata.get_stock_list_in_sector
2026-07-07,2026-07-07 09:29:54,ETF股票型,43,510670.SH,SH,xtdata.get_stock_list_in_sector
2026-07-07,2026-07-07 09:29:54,ETF股票型,44,510680.SH,SH,xtdata.get_stock_list_in_sector
2026-07-07,2026-07-07 09:29:54,ETF股票型,45,510710.SH,SH,xtdata.get_stock_list_in_sector
2026-07-07,2026-07-07 09:29:54,ETF股票型,46,510720.SH,SH,xtdata.get_stock_list_in_sector
2026-07-07,2026-07-07 09:29:54,ETF股票型,47,510760.SH,SH,xtdata.get_stock_list_in_sector
2026-07-07,2026-07-07 09:29:54,ETF股票型,48,510770.SH,SH,xtdata.get_stock_list_in_sector
2026-07-07,2026-07-07 09:29:54,ETF股票型,49,510800.SH,SH,xtdata.get_stock_list_in_sector
2026-07-07,2026-07-07 09:29:54,ETF股票型,50,510810.SH,SH,xtdata.get_stock_list_in_sector
2026-07-07,2026-07-07 09:29:54,ETF股票型,51,510850.SH,SH,xtdata.get_stock_list_in_sector
2026-07-07,2026-07-07 09:29:54,ETF股票型,52,510880.SH,SH,xtdata.get_stock_list_in_sector
2026-07-07,2026-07-07 09:29:54,ETF股票型,53,510910.SH,SH,xtdata.get_stock_list_in_sector
2026-07-07,2026-07-07 09:29:54,ETF股票型,54,510950.SH,SH,xtdata.get_stock_list_in_sector
2026-07-07,2026-07-07 09:29:54,ETF股票型,55,510980.SH,SH,xtdata.get_stock_list_in_sector
2026-07-07,2026-07-07 09:29:54,ETF股票型,56,510990.SH,SH,xtdata.get_stock_list_in_sector
2026-07-07,2026-07-07 09:29:54,ETF股票型,57,512000.SH,SH,xtdata.get_stock_list_in_sector
2026-07-07,2026-07-07 09:29:54,ETF股票型,58,512010.SH,SH,xtdata.get_stock_list_in_sector
2026-07-07,2026-07-07 09:29:54,ETF股票型,59,512020.SH,SH,xtdata.get_stock_list_in_sector
2026-07-07,2026-07-07 09:29:54,ETF股票型,60,512030.SH,SH,xtdata.get_stock_list_in_sector
2026-07-07,2026-07-07 09:29:54,ETF股票型,61,512040.SH,SH,xtdata.get_stock_list_in_sector
2026-07-07,2026-07-07 09:29:54,ETF股票型,62,512050.SH,SH,xtdata.get_stock_list_in_sector
2026-07-07,2026-07-07 09:29:54,ETF股票型,63,512060.SH,SH,xtdata.get_stock_list_in_sector
2026-07-07,2026-07-07 09:29:54,ETF股票型,64,512070.SH,SH,xtdata.get_stock_list_in_sector
2026-07-07,2026-07-07 09:29:54,ETF股票型,65,512080.SH,SH,xtdata.get_stock_list_in_sector
2026-07-07,2026-07-07 09:29:54,ETF股票型,66,512090.SH,SH,xtdata.get_stock_list_in_sector
2026-07-07,2026-07-07 09:29:54,ETF股票型,67,512100.SH,SH,xtdata.get_stock_list_in_sector
2026-07-07,2026-07-07 09:29:54,ETF股票型,68,512120.SH,SH,xtdata.get_stock_list_in_sector
2026-07-07,2026-07-07 09:29:54,ETF股票型,69,512130.SH,SH,xtdata.get_stock_list_in_sector
2026-07-07,2026-07-07 09:29:54,ETF股票型,70,512140.SH,SH,xtdata.get_stock_list_in_sector
2026-07-07,2026-07-07 09:29:54,ETF股票型,71,512150.SH,SH,xtdata.get_stock_list_in_sector
2026-07-07,2026-07-07 09:29:54,ETF股票型,72,512160.SH,SH,xtdata.get_stock_list_in_sector
2026-07-07,2026-07-07 09:29:54,ETF股票型,73,512170.SH,SH,xtdata.get_stock_list_in_sector
2026-07-07,2026-07-07 09:29:54,ETF股票型,74,512180.SH,SH,xtdata.get_stock_list_in_sector
2026-07-07,2026-07-07 09:29:54,ETF股票型,75,512190.SH,SH,xtdata.get_stock_list_in_sector
2026-07-07,2026-07-07 09:29:54,ETF股票型,76,512200.SH,SH,xtdata.get_stock_list_in_sector
2026-07-07,2026-07-07 09:29:54,ETF股票型,77,512220.SH,SH,xtdata.get_stock_list_in_sector
2026-07-07,2026-07-07 09:29:54,ETF股票型,78,512240.SH,SH,xtdata.get_stock_list_in_sector
2026-07-07,2026-07-07 09:29:54,ETF股票型,79,512250.SH,SH,xtdata.get_stock_list_in_sector
2026-07-07,2026-07-07 09:29:54,ETF股票型,80,512260.SH,SH,xtdata.get_stock_list_in_sector
2026-07-07,2026-07-07 09:29:54,ETF股票型,81,512290.SH,SH,xtdata.get_stock_list_in_sector
2026-07-07,2026-07-07 09:29:54,ETF股票型,82,512330.SH,SH,xtdata.get_stock_list_in_sector
2026-07-07,2026-07-07 09:29:54,ETF股票型,83,512360.SH,SH,xtdata.get_stock_list_in_sector
2026-07-07,2026-07-07 09:29:54,ETF股票型,84,512370.SH,SH,xtdata.get_stock_list_in_sector
2026-07-07,2026-07-07 09:29:54,ETF股票型,85,512380.SH,SH,xtdata.get_stock_list_in_sector
2026-07-07,2026-07-07 09:29:54,ETF股票型,86,512390.SH,SH,xtdata.get_stock_list_in_sector
2026-07-07,2026-07-07 09:29:54,ETF股票型,87,512400.SH,SH,xtdata.get_stock_list_in_sector
2026-07-07,2026-07-07 09:29:54,ETF股票型,88,512430.SH,SH,xtdata.get_stock_list_in_sector
2026-07-07,2026-07-07 09:29:54,ETF股票型,89,512450.SH,SH,xtdata.get_stock_list_in_sector
2026-07-07,2026-07-07 09:29:54,ETF股票型,90,512460.SH,SH,xtdata.get_stock_list_in_sector
2026-07-07,2026-07-07 09:29:54,ETF股票型,91,512480.SH,SH,xtdata.get_stock_list_in_sector
2026-07-07,2026-07-07 09:29:54,ETF股票型,92,512500.SH,SH,xtdata.get_stock_list_in_sector
2026-07-07,2026-07-07 09:29:54,ETF股票型,93,512510.SH,SH,xtdata.get_stock_list_in_sector
2026-07-07,2026-07-07 09:29:54,ETF股票型,94,512520.SH,SH,xtdata.get_stock_list_in_sector
2026-07-07,2026-07-07 09:29:54,ETF股票型,95,512530.SH,SH,xtdata.get_stock_list_in_sector
2026-07-07,2026-07-07 09:29:54,ETF股票型,96,512550.SH,SH,xtdata.get_stock_list_in_sector
2026-07-07,2026-07-07 09:29:54,ETF股票型,97,512560.SH,SH,xtdata.get_stock_list_in_sector
2026-07-07,2026-07-07 09:29:54,ETF股票型,98,512570.SH,SH,xtdata.get_stock_list_in_sector
2026-07-07,2026-07-07 09:29:54,ETF股票型,99,512580.SH,SH,xtdata.get_stock_list_in_sector
2026-07-07,2026-07-07 09:29:54,ETF股票型,100,512600.SH,SH,xtdata.get_stock_list_in_sector
2026-07-07,2026-07-07 09:29:54,ETF股票型,101,512620.SH,SH,xtdata.get_stock_list_in_sector
2026-07-07,2026-07-07 09:29:54,ETF股票型,102,512630.SH,SH,xtdata.get_stock_list_in_sector
2026-07-07,2026-07-07 09:29:54,ETF股票型,103,512640.SH,SH,xtdata.get_stock_list_in_sector
2026-07-07,2026-07-07 09:29:54,ETF股票型,104,512650.SH,SH,xtdata.get_stock_list_in_sector
2026-07-07,2026-07-07 09:29:54,ETF股票型,105,512660.SH,SH,xtdata.get_stock_list_in_sector
2026-07-07,2026-07-07 09:29:54,ETF股票型,106,512670.SH,SH,xtdata.get_stock_list_in_sector
2026-07-07,2026-07-07 09:29:54,ETF股票型,107,512680.SH,SH,xtdata.get_stock_list_in_sector
2026-07-07,2026-07-07 09:29:54,ETF股票型,108,512690.SH,SH,xtdata.get_stock_list_in_sector
2026-07-07,2026-07-07 09:29:54,ETF股票型,109,512700.SH,SH,xtdata.get_stock_list_in_sector
2026-07-07,2026-07-07 09:29:54,ETF股票型,110,512710.SH,SH,xtdata.get_stock_list_in_sector
2026-07-07,2026-07-07 09:29:54,ETF股票型,111,512720.SH,SH,xtdata.get_stock_list_in_sector
2026-07-07,2026-07-07 09:29:54,ETF股票型,112,512730.SH,SH,xtdata.get_stock_list_in_sector
2026-07-07,2026-07-07 09:29:54,ETF股票型,113,512750.SH,SH,xtdata.get_stock_list_in_sector
2026-07-07,2026-07-07 09:29:54,ETF股票型,114,512760.SH,SH,xtdata.get_stock_list_in_sector
2026-07-07,2026-07-07 09:29:54,ETF股票型,115,512770.SH,SH,xtdata.get_stock_list_in_sector
2026-07-07,2026-07-07 09:29:54,ETF股票型,116,512800.SH,SH,xtdata.get_stock_list_in_sector
2026-07-07,2026-07-07 09:29:54,ETF股票型,117,512810.SH,SH,xtdata.get_stock_list_in_sector
2026-07-07,2026-07-07 09:29:54,ETF股票型,118,512820.SH,SH,xtdata.get_stock_list_in_sector
2026-07-07,2026-07-07 09:29:54,ETF股票型,119,512870.SH,SH,xtdata.get_stock_list_in_sector
2026-07-07,2026-07-07 09:29:54,ETF股票型,120,512880.SH,SH,xtdata.get_stock_list_in_sector
2026-07-07,2026-07-07 09:29:54,ETF股票型,121,512890.SH,SH,xtdata.get_stock_list_in_sector
2026-07-07,2026-07-07 09:29:54,ETF股票型,122,512900.SH,SH,xtdata.get_stock_list_in_sector
2026-07-07,2026-07-07 09:29:54,ETF股票型,123,512910.SH,SH,xtdata.get_stock_list_in_sector
2026-07-07,2026-07-07 09:29:54,ETF股票型,124,512930.SH,SH,xtdata.get_stock_list_in_sector
2026-07-07,2026-07-07 09:29:54,ETF股票型,125,512940.SH,SH,xtdata.get_stock_list_in_sector
2026-07-07,2026-07-07 09:29:54,ETF股票型,126,512950.SH,SH,xtdata.get_stock_list_in_sector
2026-07-07,2026-07-07 09:29:54,ETF股票型,127,512960.SH,SH,xtdata.get_stock_list_in_sector
2026-07-07,2026-07-07 09:29:54,ETF股票型,128,512970.SH,SH,xtdata.get_stock_list_in_sector
2026-07-07,2026-07-07 09:29:54,ETF股票型,129,512980.SH,SH,xtdata.get_stock_list_in_sector
2026-07-07,2026-07-07 09:29:54,ETF股票型,130,512990.SH,SH,xtdata.get_stock_list_in_sector
2026-07-07,2026-07-07 09:29:54,ETF股票型,131,515000.SH,SH,xtdata.get_stock_list_in_sector
2026-07-07,2026-07-07 09:29:54,ETF股票型,132,515010.SH,SH,xtdata.get_stock_list_in_sector
2026-07-07,2026-07-07 09:29:54,ETF股票型,133,515020.SH,SH,xtdata.get_stock_list_in_sector
2026-07-07,2026-07-07 09:29:54,ETF股票型,134,515030.SH,SH,xtdata.get_stock_list_in_sector
2026-07-07,2026-07-07 09:29:54,ETF股票型,135,515050.SH,SH,xtdata.get_stock_list_in_sector
2026-07-07,2026-07-07 09:29:54,ETF股票型,136,515060.SH,SH,xtdata.get_stock_list_in_sector
2026-07-07,2026-07-07 09:29:54,ETF股票型,137,515070.SH,SH,xtdata.get_stock_list_in_sector
2026-07-07,2026-07-07 09:29:54,ETF股票型,138,515080.SH,SH,xtdata.get_stock_list_in_sector
2026-07-07,2026-07-07 09:29:54,ETF股票型,139,515090.SH,SH,xtdata.get_stock_list_in_sector
2026-07-07,2026-07-07 09:29:54,ETF股票型,140,515100.SH,SH,xtdata.get_stock_list_in_sector
2026-07-07,2026-07-07 09:29:54,ETF股票型,141,515110.SH,SH,xtdata.get_stock_list_in_sector
2026-07-07,2026-07-07 09:29:54,ETF股票型,142,515120.SH,SH,xtdata.get_stock_list_in_sector
2026-07-07,2026-07-07 09:29:54,ETF股票型,143,515130.SH,SH,xtdata.get_stock_list_in_sector
2026-07-07,2026-07-07 09:29:54,ETF股票型,144,515150.SH,SH,xtdata.get_stock_list_in_sector
2026-07-07,2026-07-07 09:29:54,ETF股票型,145,515160.SH,SH,xtdata.get_stock_list_in_sector
2026-07-07,2026-07-07 09:29:54,ETF股票型,146,515170.SH,SH,xtdata.get_stock_list_in_sector
2026-07-07,2026-07-07 09:29:54,ETF股票型,147,515180.SH,SH,xtdata.get_stock_list_in_sector
2026-07-07,2026-07-07 09:29:54,ETF股票型,148,515190.SH,SH,xtdata.get_stock_list_in_sector
2026-07-07,2026-07-07 09:29:54,ETF股票型,149,515200.SH,SH,xtdata.get_stock_list_in_sector
2026-07-07,2026-07-07 09:29:54,ETF股票型,150,515210.SH,SH,xtdata.get_stock_list_in_sector
2026-07-07,2026-07-07 09:29:54,ETF股票型,151,515220.SH,SH,xtdata.get_stock_list_in_sector
2026-07-07,2026-07-07 09:29:54,ETF股票型,152,515230.SH,SH,xtdata.get_stock_list_in_sector
2026-07-07,2026-07-07 09:29:54,ETF股票型,153,515250.SH,SH,xtdata.get_stock_list_in_sector
2026-07-07,2026-07-07 09:29:54,ETF股票型,154,515260.SH,SH,xtdata.get_stock_list_in_sector
2026-07-07,2026-07-07 09:29:54,ETF股票型,155,515290.SH,SH,xtdata.get_stock_list_in_sector
2026-07-07,2026-07-07 09:29:54,ETF股票型,156,515300.SH,SH,xtdata.get_stock_list_in_sector
2026-07-07,2026-07-07 09:29:54,ETF股票型,157,515310.SH,SH,xtdata.get_stock_list_in_sector
2026-07-07,2026-07-07 09:29:54,ETF股票型,158,515320.SH,SH,xtdata.get_stock_list_in_sector
2026-07-07,2026-07-07 09:29:54,ETF股票型,159,515330.SH,SH,xtdata.get_stock_list_in_sector
2026-07-07,2026-07-07 09:29:54,ETF股票型,160,515350.SH,SH,xtdata.get_stock_list_in_sector
2026-07-07,2026-07-07 09:29:54,ETF股票型,161,515360.SH,SH,xtdata.get_stock_list_in_sector
2026-07-07,2026-07-07 09:29:54,ETF股票型,162,515370.SH,SH,xtdata.get_stock_list_in_sector
2026-07-07,2026-07-07 09:29:54,ETF股票型,163,515380.SH,SH,xtdata.get_stock_list_in_sector
2026-07-07,2026-07-07 09:29:54,ETF股票型,164,515390.SH,SH,xtdata.get_stock_list_in_sector
2026-07-07,2026-07-07 09:29:54,ETF股票型,165,515400.SH,SH,xtdata.get_stock_list_in_sector
2026-07-07,2026-07-07 09:29:54,ETF股票型,166,515450.SH,SH,xtdata.get_stock_list_in_sector
2026-07-07,2026-07-07 09:29:54,ETF股票型,167,515460.SH,SH,xtdata.get_stock_list_in_sector
2026-07-07,2026-07-07 09:29:54,ETF股票型,168,515530.SH,SH,xtdata.get_stock_list_in_sector
2026-07-07,2026-07-07 09:29:54,ETF股票型,169,515550.SH,SH,xtdata.get_stock_list_in_sector
2026-07-07,2026-07-07 09:29:54,ETF股票型,170,515560.SH,SH,xtdata.get_stock_list_in_sector
2026-07-07,2026-07-07 09:29:54,ETF股票型,171,515580.SH,SH,xtdata.get_stock_list_in_sector
2026-07-07,2026-07-07 09:29:54,ETF股票型,172,515590.SH,SH,xtdata.get_stock_list_in_sector
2026-07-07,2026-07-07 09:29:54,ETF股票型,173,515600.SH,SH,xtdata.get_stock_list_in_sector
2026-07-07,2026-07-07 09:29:54,ETF股票型,174,515630.SH,SH,xtdata.get_stock_list_in_sector
2026-07-07,2026-07-07 09:29:54,ETF股票型,175,515640.SH,SH,xtdata.get_stock_list_in_sector
2026-07-07,2026-07-07 09:29:54,ETF股票型,176,515650.SH,SH,xtdata.get_stock_list_in_sector
2026-07-07,2026-07-07 09:29:54,ETF股票型,177,515660.SH,SH,xtdata.get_stock_list_in_sector
2026-07-07,2026-07-07 09:29:54,ETF股票型,178,515680.SH,SH,xtdata.get_stock_list_in_sector
2026-07-07,2026-07-07 09:29:54,ETF股票型,179,515700.SH,SH,xtdata.get_stock_list_in_sector
2026-07-07,2026-07-07 09:29:54,ETF股票型,180,515710.SH,SH,xtdata.get_stock_list_in_sector
2026-07-07,2026-07-07 09:29:54,ETF股票型,181,515720.SH,SH,xtdata.get_stock_list_in_sector
2026-07-07,2026-07-07 09:29:54,ETF股票型,182,515730.SH,SH,xtdata.get_stock_list_in_sector
2026-07-07,2026-07-07 09:29:54,ETF股票型,183,515750.SH,SH,xtdata.get_stock_list_in_sector
2026-07-07,2026-07-07 09:29:54,ETF股票型,184,515760.SH,SH,xtdata.get_stock_list_in_sector
2026-07-07,2026-07-07 09:29:54,ETF股票型,185,515770.SH,SH,xtdata.get_stock_list_in_sector
2026-07-07,2026-07-07 09:29:54,ETF股票型,186,515790.SH,SH,xtdata.get_stock_list_in_sector
2026-07-07,2026-07-07 09:29:54,ETF股票型,187,515800.SH,SH,xtdata.get_stock_list_in_sector
2026-07-07,2026-07-07 09:29:54,ETF股票型,188,515810.SH,SH,xtdata.get_stock_list_in_sector
2026-07-07,2026-07-07 09:29:54,ETF股票型,189,515850.SH,SH,xtdata.get_stock_list_in_sector
2026-07-07,2026-07-07 09:29:54,ETF股票型,190,515860.SH,SH,xtdata.get_stock_list_in_sector
2026-07-07,2026-07-07 09:29:54,ETF股票型,191,515880.SH,SH,xtdata.get_stock_list_in_sector
2026-07-07,2026-07-07 09:29:54,ETF股票型,192,515890.SH,SH,xtdata.get_stock_list_in_sector
2026-07-07,2026-07-07 09:29:54,ETF股票型,193,515900.SH,SH,xtdata.get_stock_list_in_sector
2026-07-07,2026-07-07 09:29:54,ETF股票型,194,515910.SH,SH,xtdata.get_stock_list_in_sector
2026-07-07,2026-07-07 09:29:54,ETF股票型,195,515920.SH,SH,xtdata.get_stock_list_in_sector
2026-07-07,2026-07-07 09:29:54,ETF股票型,196,515950.SH,SH,xtdata.get_stock_list_in_sector
2026-07-07,2026-07-07 09:29:54,ETF股票型,197,515960.SH,SH,xtdata.get_stock_list_in_sector
2026-07-07,2026-07-07 09:29:54,ETF股票型,198,515970.SH,SH,xtdata.get_stock_list_in_sector
2026-07-07,2026-07-07 09:29:54,ETF股票型,199,515980.SH,SH,xtdata.get_stock_list_in_sector
2026-07-07,2026-07-07 09:29:54,ETF股票型,200,515990.SH,SH,xtdata.get_stock_list_in_sector
2026-07-07,2026-07-07 09:29:54,ETF股票型,201,516000.SH,SH,xtdata.get_stock_list_in_sector
2026-07-07,2026-07-07 09:29:54,ETF股票型,202,516010.SH,SH,xtdata.get_stock_list_in_sector
2026-07-07,2026-07-07 09:29:54,ETF股票型,203,516020.SH,SH,xtdata.get_stock_list_in_sector
2026-07-07,2026-07-07 09:29:54,ETF股票型,204,516050.SH,SH,xtdata.get_stock_list_in_sector
2026-07-07,2026-07-07 09:29:54,ETF股票型,205,516060.SH,SH,xtdata.get_stock_list_in_sector
2026-07-07,2026-07-07 09:29:54,ETF股票型,206,516070.SH,SH,xtdata.get_stock_list_in_sector
2026-07-07,2026-07-07 09:29:54,ETF股票型,207,516080.SH,SH,xtdata.get_stock_list_in_sector
2026-07-07,2026-07-07 09:29:54,ETF股票型,208,516090.SH,SH,xtdata.get_stock_list_in_sector
2026-07-07,2026-07-07 09:29:54,ETF股票型,209,516100.SH,SH,xtdata.get_stock_list_in_sector
2026-07-07,2026-07-07 09:29:54,ETF股票型,210,516110.SH,SH,xtdata.get_stock_list_in_sector
2026-07-07,2026-07-07 09:29:54,ETF股票型,211,516120.SH,SH,xtdata.get_stock_list_in_sector
2026-07-07,2026-07-07 09:29:54,ETF股票型,212,516130.SH,SH,xtdata.get_stock_list_in_sector
2026-07-07,2026-07-07 09:29:54,ETF股票型,213,516150.SH,SH,xtdata.get_stock_list_in_sector
2026-07-07,2026-07-07 09:29:54,ETF股票型,214,516160.SH,SH,xtdata.get_stock_list_in_sector
2026-07-07,2026-07-07 09:29:54,ETF股票型,215,516180.SH,SH,xtdata.get_stock_list_in_sector
2026-07-07,2026-07-07 09:29:54,ETF股票型,216,516190.SH,SH,xtdata.get_stock_list_in_sector
2026-07-07,2026-07-07 09:29:54,ETF股票型,217,516200.SH,SH,xtdata.get_stock_list_in_sector
2026-07-07,2026-07-07 09:29:54,ETF股票型,218,516210.SH,SH,xtdata.get_stock_list_in_sector
2026-07-07,2026-07-07 09:29:54,ETF股票型,219,516220.SH,SH,xtdata.get_stock_list_in_sector
2026-07-07,2026-07-07 09:29:54,ETF股票型,220,516230.SH,SH,xtdata.get_stock_list_in_sector
2026-07-07,2026-07-07 09:29:54,ETF股票型,221,516250.SH,SH,xtdata.get_stock_list_in_sector
2026-07-07,2026-07-07 09:29:54,ETF股票型,222,516260.SH,SH,xtdata.get_stock_list_in_sector
2026-07-07,2026-07-07 09:29:54,ETF股票型,223,516270.SH,SH,xtdata.get_stock_list_in_sector
2026-07-07,2026-07-07 09:29:54,ETF股票型,224,516290.SH,SH,xtdata.get_stock_list_in_sector
2026-07-07,2026-07-07 09:29:54,ETF股票型,225,516300.SH,SH,xtdata.get_stock_list_in_sector
2026-07-07,2026-07-07 09:29:54,ETF股票型,226,516310.SH,SH,xtdata.get_stock_list_in_sector
2026-07-07,2026-07-07 09:29:54,ETF股票型,227,516320.SH,SH,xtdata.get_stock_list_in_sector
2026-07-07,2026-07-07 09:29:54,ETF股票型,228,516330.SH,SH,xtdata.get_stock_list_in_sector
2026-07-07,2026-07-07 09:29:54,ETF股票型,229,516350.SH,SH,xtdata.get_stock_list_in_sector
2026-07-07,2026-07-07 09:29:54,ETF股票型,230,516360.SH,SH,xtdata.get_stock_list_in_sector
2026-07-07,2026-07-07 09:29:54,ETF股票型,231,516370.SH,SH,xtdata.get_stock_list_in_sector
2026-07-07,2026-07-07 09:29:54,ETF股票型,232,516380.SH,SH,xtdata.get_stock_list_in_sector
2026-07-07,2026-07-07 09:29:54,ETF股票型,233,516390.SH,SH,xtdata.get_stock_list_in_sector
2026-07-07,2026-07-07 09:29:54,ETF股票型,234,516460.SH,SH,xtdata.get_stock_list_in_sector
2026-07-07,2026-07-07 09:29:54,ETF股票型,235,516500.SH,SH,xtdata.get_stock_list_in_sector
2026-07-07,2026-07-07 09:29:54,ETF股票型,236,516510.SH,SH,xtdata.get_stock_list_in_sector
2026-07-07,2026-07-07 09:29:54,ETF股票型,237,516520.SH,SH,xtdata.get_stock_list_in_sector
2026-07-07,2026-07-07 09:29:54,ETF股票型,238,516530.SH,SH,xtdata.get_stock_list_in_sector
2026-07-07,2026-07-07 09:29:54,ETF股票型,239,516550.SH,SH,xtdata.get_stock_list_in_sector
2026-07-07,2026-07-07 09:29:54,ETF股票型,240,516560.SH,SH,xtdata.get_stock_list_in_sector
2026-07-07,2026-07-07 09:29:54,ETF股票型,241,516570.SH,SH,xtdata.get_stock_list_in_sector
2026-07-07,2026-07-07 09:29:54,ETF股票型,242,516580.SH,SH,xtdata.get_stock_list_in_sector
2026-07-07,2026-07-07 09:29:54,ETF股票型,243,516590.SH,SH,xtdata.get_stock_list_in_sector
2026-07-07,2026-07-07 09:29:54,ETF股票型,244,516600.SH,SH,xtdata.get_stock_list_in_sector
2026-07-07,2026-07-07 09:29:54,ETF股票型,245,516610.SH,SH,xtdata.get_stock_list_in_sector
2026-07-07,2026-07-07 09:29:54,ETF股票型,246,516620.SH,SH,xtdata.get_stock_list_in_sector
2026-07-07,2026-07-07 09:29:54,ETF股票型,247,516630.SH,SH,xtdata.get_stock_list_in_sector
2026-07-07,2026-07-07 09:29:54,ETF股票型,248,516640.SH,SH,xtdata.get_stock_list_in_sector
2026-07-07,2026-07-07 09:29:54,ETF股票型,249,516650.SH,SH,xtdata.get_stock_list_in_sector
2026-07-07,2026-07-07 09:29:54,ETF股票型,250,516660.SH,SH,xtdata.get_stock_list_in_sector
2026-07-07,2026-07-07 09:29:54,ETF股票型,251,516670.SH,SH,xtdata.get_stock_list_in_sector
2026-07-07,2026-07-07 09:29:54,ETF股票型,252,516700.SH,SH,xtdata.get_stock_list_in_sector
2026-07-07,2026-07-07 09:29:54,ETF股票型,253,516710.SH,SH,xtdata.get_stock_list_in_sector
2026-07-07,2026-07-07 09:29:54,ETF股票型,254,516720.SH,SH,xtdata.get_stock_list_in_sector
2026-07-07,2026-07-07 09:29:54,ETF股票型,255,516730.SH,SH,xtdata.get_stock_list_in_sector
2026-07-07,2026-07-07 09:29:54,ETF股票型,256,516750.SH,SH,xtdata.get_stock_list_in_sector
2026-07-07,2026-07-07 09:29:54,ETF股票型,257,516760.SH,SH,xtdata.get_stock_list_in_sector
2026-07-07,2026-07-07 09:29:54,ETF股票型,258,516770.SH,SH,xtdata.get_stock_list_in_sector
2026-07-07,2026-07-07 09:29:54,ETF股票型,259,516780.SH,SH,xtdata.get_stock_list_in_sector
2026-07-07,2026-07-07 09:29:54,ETF股票型,260,516790.SH,SH,xtdata.get_stock_list_in_sector
2026-07-07,2026-07-07 09:29:54,ETF股票型,261,516800.SH,SH,xtdata.get_stock_list_in_sector
2026-07-07,2026-07-07 09:29:54,ETF股票型,262,516810.SH,SH,xtdata.get_stock_list_in_sector
2026-07-07,2026-07-07 09:29:54,ETF股票型,263,516820.SH,SH,xtdata.get_stock_list_in_sector
2026-07-07,2026-07-07 09:29:54,ETF股票型,264,516830.SH,SH,xtdata.get_stock_list_in_sector
2026-07-07,2026-07-07 09:29:54,ETF股票型,265,516840.SH,SH,xtdata.get_stock_list_in_sector
2026-07-07,2026-07-07 09:29:54,ETF股票型,266,516850.SH,SH,xtdata.get_stock_list_in_sector
2026-07-07,2026-07-07 09:29:54,ETF股票型,267,516860.SH,SH,xtdata.get_stock_list_in_sector
2026-07-07,2026-07-07 09:29:54,ETF股票型,268,516880.SH,SH,xtdata.get_stock_list_in_sector
2026-07-07,2026-07-07 09:29:54,ETF股票型,269,516890.SH,SH,xtdata.get_stock_list_in_sector
2026-07-07,2026-07-07 09:29:54,ETF股票型,270,516900.SH,SH,xtdata.get_stock_list_in_sector
2026-07-07,2026-07-07 09:29:54,ETF股票型,271,516910.SH,SH,xtdata.get_stock_list_in_sector
2026-07-07,2026-07-07 09:29:54,ETF股票型,272,516920.SH,SH,xtdata.get_stock_list_in_sector
2026-07-07,2026-07-07 09:29:54,ETF股票型,273,516930.SH,SH,xtdata.get_stock_list_in_sector
2026-07-07,2026-07-07 09:29:54,ETF股票型,274,516950.SH,SH,xtdata.get_stock_list_in_sector
2026-07-07,2026-07-07 09:29:54,ETF股票型,275,516960.SH,SH,xtdata.get_stock_list_in_sector
2026-07-07,2026-07-07 09:29:54,ETF股票型,276,516970.SH,SH,xtdata.get_stock_list_in_sector
2026-07-07,2026-07-07 09:29:54,ETF股票型,277,516980.SH,SH,xtdata.get_stock_list_in_sector
2026-07-07,2026-07-07 09:29:54,ETF股票型,278,517000.SH,SH,xtdata.get_stock_list_in_sector
2026-07-07,2026-07-07 09:29:54,ETF股票型,279,517010.SH,SH,xtdata.get_stock_list_in_sector
2026-07-07,2026-07-07 09:29:54,ETF股票型,280,517030.SH,SH,xtdata.get_stock_list_in_sector
2026-07-07,2026-07-07 09:29:54,ETF股票型,281,517050.SH,SH,xtdata.get_stock_list_in_sector
2026-07-07,2026-07-07 09:29:54,ETF股票型,282,517080.SH,SH,xtdata.get_stock_list_in_sector
2026-07-07,2026-07-07 09:29:54,ETF股票型,283,517090.SH,SH,xtdata.get_stock_list_in_sector
2026-07-07,2026-07-07 09:29:54,ETF股票型,284,517100.SH,SH,xtdata.get_stock_list_in_sector
2026-07-07,2026-07-07 09:29:54,ETF股票型,285,517110.SH,SH,xtdata.get_stock_list_in_sector
2026-07-07,2026-07-07 09:29:54,ETF股票型,286,517120.SH,SH,xtdata.get_stock_list_in_sector
2026-07-07,2026-07-07 09:29:54,ETF股票型,287,517130.SH,SH,xtdata.get_stock_list_in_sector
2026-07-07,2026-07-07 09:29:54,ETF股票型,288,517160.SH,SH,xtdata.get_stock_list_in_sector
2026-07-07,2026-07-07 09:29:54,ETF股票型,289,517170.SH,SH,xtdata.get_stock_list_in_sector
2026-07-07,2026-07-07 09:29:54,ETF股票型,290,517180.SH,SH,xtdata.get_stock_list_in_sector
2026-07-07,2026-07-07 09:29:54,ETF股票型,291,517200.SH,SH,xtdata.get_stock_list_in_sector
2026-07-07,2026-07-07 09:29:54,ETF股票型,292,517300.SH,SH,xtdata.get_stock_list_in_sector
2026-07-07,2026-07-07 09:29:54,ETF股票型,293,517330.SH,SH,xtdata.get_stock_list_in_sector
2026-07-07,2026-07-07 09:29:54,ETF股票型,294,517350.SH,SH,xtdata.get_stock_list_in_sector
2026-07-07,2026-07-07 09:29:54,ETF股票型,295,517360.SH,SH,xtdata.get_stock_list_in_sector
2026-07-07,2026-07-07 09:29:54,ETF股票型,296,517380.SH,SH,xtdata.get_stock_list_in_sector
2026-07-07,2026-07-07 09:29:54,ETF股票型,297,517390.SH,SH,xtdata.get_stock_list_in_sector
2026-07-07,2026-07-07 09:29:54,ETF股票型,298,517400.SH,SH,xtdata.get_stock_list_in_sector
2026-07-07,2026-07-07 09:29:54,ETF股票型,299,517520.SH,SH,xtdata.get_stock_list_in_sector
2026-07-07,2026-07-07 09:29:54,ETF股票型,300,517550.SH,SH,xtdata.get_stock_list_in_sector
2026-07-07,2026-07-07 09:29:54,ETF股票型,301,517660.SH,SH,xtdata.get_stock_list_in_sector
2026-07-07,2026-07-07 09:29:54,ETF股票型,302,517770.SH,SH,xtdata.get_stock_list_in_sector
2026-07-07,2026-07-07 09:29:54,ETF股票型,303,517800.SH,SH,xtdata.get_stock_list_in_sector
2026-07-07,2026-07-07 09:29:54,ETF股票型,304,517850.SH,SH,xtdata.get_stock_list_in_sector
2026-07-07,2026-07-07 09:29:54,ETF股票型,305,517880.SH,SH,xtdata.get_stock_list_in_sector
2026-07-07,2026-07-07 09:29:54,ETF股票型,306,517900.SH,SH,xtdata.get_stock_list_in_sector
2026-07-07,2026-07-07 09:29:54,ETF股票型,307,517950.SH,SH,xtdata.get_stock_list_in_sector
2026-07-07,2026-07-07 09:29:54,ETF股票型,308,517990.SH,SH,xtdata.get_stock_list_in_sector
2026-07-07,2026-07-07 09:29:54,ETF股票型,309,530000.SH,SH,xtdata.get_stock_list_in_sector
2026-07-07,2026-07-07 09:29:54,ETF股票型,310,530050.SH,SH,xtdata.get_stock_list_in_sector
2026-07-07,2026-07-07 09:29:54,ETF股票型,311,530060.SH,SH,xtdata.get_stock_list_in_sector
2026-07-07,2026-07-07 09:29:54,ETF股票型,312,530080.SH,SH,xtdata.get_stock_list_in_sector
2026-07-07,2026-07-07 09:29:54,ETF股票型,313,530100.SH,SH,xtdata.get_stock_list_in_sector
2026-07-07,2026-07-07 09:29:54,ETF股票型,314,530180.SH,SH,xtdata.get_stock_list_in_sector
2026-07-07,2026-07-07 09:29:54,ETF股票型,315,530280.SH,SH,xtdata.get_stock_list_in_sector
2026-07-07,2026-07-07 09:29:54,ETF股票型,316,530300.SH,SH,xtdata.get_stock_list_in_sector
2026-07-07,2026-07-07 09:29:54,ETF股票型,317,530380.SH,SH,xtdata.get_stock_list_in_sector
2026-07-07,2026-07-07 09:29:54,ETF股票型,318,530530.SH,SH,xtdata.get_stock_list_in_sector
2026-07-07,2026-07-07 09:29:54,ETF股票型,319,530580.SH,SH,xtdata.get_stock_list_in_sector
2026-07-07,2026-07-07 09:29:54,ETF股票型,320,530680.SH,SH,xtdata.get_stock_list_in_sector
2026-07-07,2026-07-07 09:29:54,ETF股票型,321,530800.SH,SH,xtdata.get_stock_list_in_sector
2026-07-07,2026-07-07 09:29:54,ETF股票型,322,530880.SH,SH,xtdata.get_stock_list_in_sector
2026-07-07,2026-07-07 09:29:54,ETF股票型,323,560000.SH,SH,xtdata.get_stock_list_in_sector
2026-07-07,2026-07-07 09:29:54,ETF股票型,324,560010.SH,SH,xtdata.get_stock_list_in_sector
2026-07-07,2026-07-07 09:29:54,ETF股票型,325,560020.SH,SH,xtdata.get_stock_list_in_sector
2026-07-07,2026-07-07 09:29:54,ETF股票型,326,560030.SH,SH,xtdata.get_stock_list_in_sector
2026-07-07,2026-07-07 09:29:54,ETF股票型,327,560050.SH,SH,xtdata.get_stock_list_in_sector
2026-07-07,2026-07-07 09:29:54,ETF股票型,328,560060.SH,SH,xtdata.get_stock_list_in_sector
2026-07-07,2026-07-07 09:29:54,ETF股票型,329,560070.SH,SH,xtdata.get_stock_list_in_sector
2026-07-07,2026-07-07 09:29:54,ETF股票型,330,560080.SH,SH,xtdata.get_stock_list_in_sector
2026-07-07,2026-07-07 09:29:54,ETF股票型,331,560090.SH,SH,xtdata.get_stock_list_in_sector
2026-07-07,2026-07-07 09:29:54,ETF股票型,332,560100.SH,SH,xtdata.get_stock_list_in_sector
2026-07-07,2026-07-07 09:29:54,ETF股票型,333,560110.SH,SH,xtdata.get_stock_list_in_sector
2026-07-07,2026-07-07 09:29:54,ETF股票型,334,560120.SH,SH,xtdata.get_stock_list_in_sector
2026-07-07,2026-07-07 09:29:54,ETF股票型,335,560130.SH,SH,xtdata.get_stock_list_in_sector
2026-07-07,2026-07-07 09:29:54,ETF股票型,336,560150.SH,SH,xtdata.get_stock_list_in_sector
2026-07-07,2026-07-07 09:29:54,ETF股票型,337,560160.SH,SH,xtdata.get_stock_list_in_sector
2026-07-07,2026-07-07 09:29:54,ETF股票型,338,560170.SH,SH,xtdata.get_stock_list_in_sector
2026-07-07,2026-07-07 09:29:54,ETF股票型,339,560180.SH,SH,xtdata.get_stock_list_in_sector
2026-07-07,2026-07-07 09:29:54,ETF股票型,340,560190.SH,SH,xtdata.get_stock_list_in_sector
2026-07-07,2026-07-07 09:29:54,ETF股票型,341,560210.SH,SH,xtdata.get_stock_list_in_sector
2026-07-07,2026-07-07 09:29:54,ETF股票型,342,560220.SH,SH,xtdata.get_stock_list_in_sector
2026-07-07,2026-07-07 09:29:54,ETF股票型,343,560230.SH,SH,xtdata.get_stock_list_in_sector
2026-07-07,2026-07-07 09:29:54,ETF股票型,344,560250.SH,SH,xtdata.get_stock_list_in_sector
2026-07-07,2026-07-07 09:29:54,ETF股票型,345,560260.SH,SH,xtdata.get_stock_list_in_sector
2026-07-07,2026-07-07 09:29:54,ETF股票型,346,560270.SH,SH,xtdata.get_stock_list_in_sector
2026-07-07,2026-07-07 09:29:54,ETF股票型,347,560280.SH,SH,xtdata.get_stock_list_in_sector
2026-07-07,2026-07-07 09:29:54,ETF股票型,348,560290.SH,SH,xtdata.get_stock_list_in_sector
2026-07-07,2026-07-07 09:29:54,ETF股票型,349,560300.SH,SH,xtdata.get_stock_list_in_sector
2026-07-07,2026-07-07 09:29:54,ETF股票型,350,560310.SH,SH,xtdata.get_stock_list_in_sector
2026-07-07,2026-07-07 09:29:54,ETF股票型,351,560320.SH,SH,xtdata.get_stock_list_in_sector
2026-07-07,2026-07-07 09:29:54,ETF股票型,352,560330.SH,SH,xtdata.get_stock_list_in_sector
2026-07-07,2026-07-07 09:29:54,ETF股票型,353,560350.SH,SH,xtdata.get_stock_list_in_sector
2026-07-07,2026-07-07 09:29:54,ETF股票型,354,560360.SH,SH,xtdata.get_stock_list_in_sector
2026-07-07,2026-07-07 09:29:54,ETF股票型,355,560370.SH,SH,xtdata.get_stock_list_in_sector
2026-07-07,2026-07-07 09:29:54,ETF股票型,356,560380.SH,SH,xtdata.get_stock_list_in_sector
2026-07-07,2026-07-07 09:29:54,ETF股票型,357,560390.SH,SH,xtdata.get_stock_list_in_sector
2026-07-07,2026-07-07 09:29:54,ETF股票型,358,560400.SH,SH,xtdata.get_stock_list_in_sector
2026-07-07,2026-07-07 09:29:54,ETF股票型,359,560410.SH,SH,xtdata.get_stock_list_in_sector
2026-07-07,2026-07-07 09:29:54,ETF股票型,360,560420.SH,SH,xtdata.get_stock_list_in_sector
2026-07-07,2026-07-07 09:29:54,ETF股票型,361,560450.SH,SH,xtdata.get_stock_list_in_sector
2026-07-07,2026-07-07 09:29:54,ETF股票型,362,560460.SH,SH,xtdata.get_stock_list_in_sector
2026-07-07,2026-07-07 09:29:54,ETF股票型,363,560470.SH,SH,xtdata.get_stock_list_in_sector
2026-07-07,2026-07-07 09:29:54,ETF股票型,364,560480.SH,SH,xtdata.get_stock_list_in_sector
2026-07-07,2026-07-07 09:29:54,ETF股票型,365,560490.SH,SH,xtdata.get_stock_list_in_sector
2026-07-07,2026-07-07 09:29:54,ETF股票型,366,560500.SH,SH,xtdata.get_stock_list_in_sector
2026-07-07,2026-07-07 09:29:54,ETF股票型,367,560510.SH,SH,xtdata.get_stock_list_in_sector
2026-07-07,2026-07-07 09:29:54,ETF股票型,368,560520.SH,SH,xtdata.get_stock_list_in_sector
2026-07-07,2026-07-07 09:29:54,ETF股票型,369,560530.SH,SH,xtdata.get_stock_list_in_sector
2026-07-07,2026-07-07 09:29:54,ETF股票型,370,560550.SH,SH,xtdata.get_stock_list_in_sector
2026-07-07,2026-07-07 09:29:54,ETF股票型,371,560560.SH,SH,xtdata.get_stock_list_in_sector
2026-07-07,2026-07-07 09:29:54,ETF股票型,372,560570.SH,SH,xtdata.get_stock_list_in_sector
2026-07-07,2026-07-07 09:29:54,ETF股票型,373,560580.SH,SH,xtdata.get_stock_list_in_sector
2026-07-07,2026-07-07 09:29:54,ETF股票型,374,560590.SH,SH,xtdata.get_stock_list_in_sector
2026-07-07,2026-07-07 09:29:54,ETF股票型,375,560610.SH,SH,xtdata.get_stock_list_in_sector
2026-07-07,2026-07-07 09:29:54,ETF股票型,376,560620.SH,SH,xtdata.get_stock_list_in_sector
2026-07-07,2026-07-07 09:29:54,ETF股票型,377,560630.SH,SH,xtdata.get_stock_list_in_sector
2026-07-07,2026-07-07 09:29:54,ETF股票型,378,560650.SH,SH,xtdata.get_stock_list_in_sector
2026-07-07,2026-07-07 09:29:54,ETF股票型,379,560660.SH,SH,xtdata.get_stock_list_in_sector
2026-07-07,2026-07-07 09:29:54,ETF股票型,380,560670.SH,SH,xtdata.get_stock_list_in_sector
2026-07-07,2026-07-07 09:29:54,ETF股票型,381,560680.SH,SH,xtdata.get_stock_list_in_sector
2026-07-07,2026-07-07 09:29:54,ETF股票型,382,560690.SH,SH,xtdata.get_stock_list_in_sector
2026-07-07,2026-07-07 09:29:54,ETF股票型,383,560700.SH,SH,xtdata.get_stock_list_in_sector
2026-07-07,2026-07-07 09:29:54,ETF股票型,384,560710.SH,SH,xtdata.get_stock_list_in_sector
2026-07-07,2026-07-07 09:29:54,ETF股票型,385,560720.SH,SH,xtdata.get_stock_list_in_sector
2026-07-07,2026-07-07 09:29:54,ETF股票型,386,560750.SH,SH,xtdata.get_stock_list_in_sector
2026-07-07,2026-07-07 09:29:54,ETF股票型,387,560770.SH,SH,xtdata.get_stock_list_in_sector
2026-07-07,2026-07-07 09:29:54,ETF股票型,388,560780.SH,SH,xtdata.get_stock_list_in_sector
2026-07-07,2026-07-07 09:29:54,ETF股票型,389,560790.SH,SH,xtdata.get_stock_list_in_sector
2026-07-07,2026-07-07 09:29:54,ETF股票型,390,560800.SH,SH,xtdata.get_stock_list_in_sector
2026-07-07,2026-07-07 09:29:54,ETF股票型,391,560810.SH,SH,xtdata.get_stock_list_in_sector
2026-07-07,2026-07-07 09:29:54,ETF股票型,392,560820.SH,SH,xtdata.get_stock_list_in_sector
2026-07-07,2026-07-07 09:29:54,ETF股票型,393,560830.SH,SH,xtdata.get_stock_list_in_sector
2026-07-07,2026-07-07 09:29:54,ETF股票型,394,560850.SH,SH,xtdata.get_stock_list_in_sector
2026-07-07,2026-07-07 09:29:54,ETF股票型,395,560860.SH,SH,xtdata.get_stock_list_in_sector
2026-07-07,2026-07-07 09:29:54,ETF股票型,396,560870.SH,SH,xtdata.get_stock_list_in_sector
2026-07-07,2026-07-07 09:29:54,ETF股票型,397,560880.SH,SH,xtdata.get_stock_list_in_sector
2026-07-07,2026-07-07 09:29:54,ETF股票型,398,560900.SH,SH,xtdata.get_stock_list_in_sector
2026-07-07,2026-07-07 09:29:54,ETF股票型,399,560910.SH,SH,xtdata.get_stock_list_in_sector
2026-07-07,2026-07-07 09:29:54,ETF股票型,400,560920.SH,SH,xtdata.get_stock_list_in_sector
2026-07-07,2026-07-07 09:29:54,ETF股票型,401,560930.SH,SH,xtdata.get_stock_list_in_sector
2026-07-07,2026-07-07 09:29:54,ETF股票型,402,560950.SH,SH,xtdata.get_stock_list_in_sector
2026-07-07,2026-07-07 09:29:54,ETF股票型,403,560970.SH,SH,xtdata.get_stock_list_in_sector
2026-07-07,2026-07-07 09:29:54,ETF股票型,404,560980.SH,SH,xtdata.get_stock_list_in_sector
2026-07-07,2026-07-07 09:29:54,ETF股票型,405,560990.SH,SH,xtdata.get_stock_list_in_sector
2026-07-07,2026-07-07 09:29:54,ETF股票型,406,561000.SH,SH,xtdata.get_stock_list_in_sector
2026-07-07,2026-07-07 09:29:54,ETF股票型,407,561010.SH,SH,xtdata.get_stock_list_in_sector
2026-07-07,2026-07-07 09:29:54,ETF股票型,408,561030.SH,SH,xtdata.get_stock_list_in_sector
2026-07-07,2026-07-07 09:29:54,ETF股票型,409,561050.SH,SH,xtdata.get_stock_list_in_sector
2026-07-07,2026-07-07 09:29:54,ETF股票型,410,561060.SH,SH,xtdata.get_stock_list_in_sector
2026-07-07,2026-07-07 09:29:54,ETF股票型,411,561080.SH,SH,xtdata.get_stock_list_in_sector
2026-07-07,2026-07-07 09:29:54,ETF股票型,412,561090.SH,SH,xtdata.get_stock_list_in_sector
2026-07-07,2026-07-07 09:29:54,ETF股票型,413,561100.SH,SH,xtdata.get_stock_list_in_sector
2026-07-07,2026-07-07 09:29:54,ETF股票型,414,561120.SH,SH,xtdata.get_stock_list_in_sector
2026-07-07,2026-07-07 09:29:54,ETF股票型,415,561130.SH,SH,xtdata.get_stock_list_in_sector
2026-07-07,2026-07-07 09:29:54,ETF股票型,416,561160.SH,SH,xtdata.get_stock_list_in_sector
2026-07-07,2026-07-07 09:29:54,ETF股票型,417,561170.SH,SH,xtdata.get_stock_list_in_sector
2026-07-07,2026-07-07 09:29:54,ETF股票型,418,561180.SH,SH,xtdata.get_stock_list_in_sector
2026-07-07,2026-07-07 09:29:54,ETF股票型,419,561190.SH,SH,xtdata.get_stock_list_in_sector
2026-07-07,2026-07-07 09:29:54,ETF股票型,420,561200.SH,SH,xtdata.get_stock_list_in_sector
2026-07-07,2026-07-07 09:29:54,ETF股票型,421,561220.SH,SH,xtdata.get_stock_list_in_sector
2026-07-07,2026-07-07 09:29:54,ETF股票型,422,561230.SH,SH,xtdata.get_stock_list_in_sector
2026-07-07,2026-07-07 09:29:54,ETF股票型,423,561260.SH,SH,xtdata.get_stock_list_in_sector
2026-07-07,2026-07-07 09:29:54,ETF股票型,424,561280.SH,SH,xtdata.get_stock_list_in_sector
2026-07-07,2026-07-07 09:29:54,ETF股票型,425,561300.SH,SH,xtdata.get_stock_list_in_sector
2026-07-07,2026-07-07 09:29:54,ETF股票型,426,561310.SH,SH,xtdata.get_stock_list_in_sector
2026-07-07,2026-07-07 09:29:54,ETF股票型,427,561320.SH,SH,xtdata.get_stock_list_in_sector
2026-07-07,2026-07-07 09:29:54,ETF股票型,428,561330.SH,SH,xtdata.get_stock_list_in_sector
2026-07-07,2026-07-07 09:29:54,ETF股票型,429,561350.SH,SH,xtdata.get_stock_list_in_sector
2026-07-07,2026-07-07 09:29:54,ETF股票型,430,561360.SH,SH,xtdata.get_stock_list_in_sector
2026-07-07,2026-07-07 09:29:54,ETF股票型,431,561370.SH,SH,xtdata.get_stock_list_in_sector
2026-07-07,2026-07-07 09:29:54,ETF股票型,432,561380.SH,SH,xtdata.get_stock_list_in_sector
2026-07-07,2026-07-07 09:29:54,ETF股票型,433,561430.SH,SH,xtdata.get_stock_list_in_sector
2026-07-07,2026-07-07 09:29:54,ETF股票型,434,561460.SH,SH,xtdata.get_stock_list_in_sector
2026-07-07,2026-07-07 09:29:54,ETF股票型,435,561500.SH,SH,xtdata.get_stock_list_in_sector
2026-07-07,2026-07-07 09:29:54,ETF股票型,436,561510.SH,SH,xtdata.get_stock_list_in_sector
2026-07-07,2026-07-07 09:29:54,ETF股票型,437,561550.SH,SH,xtdata.get_stock_list_in_sector
2026-07-07,2026-07-07 09:29:54,ETF股票型,438,561560.SH,SH,xtdata.get_stock_list_in_sector
2026-07-07,2026-07-07 09:29:54,ETF股票型,439,561570.SH,SH,xtdata.get_stock_list_in_sector
2026-07-07,2026-07-07 09:29:54,ETF股票型,440,561580.SH,SH,xtdata.get_stock_list_in_sector
2026-07-07,2026-07-07 09:29:54,ETF股票型,441,561590.SH,SH,xtdata.get_stock_list_in_sector
2026-07-07,2026-07-07 09:29:54,ETF股票型,442,561600.SH,SH,xtdata.get_stock_list_in_sector
2026-07-07,2026-07-07 09:29:54,ETF股票型,443,561660.SH,SH,xtdata.get_stock_list_in_sector
2026-07-07,2026-07-07 09:29:54,ETF股票型,444,561680.SH,SH,xtdata.get_stock_list_in_sector
2026-07-07,2026-07-07 09:29:54,ETF股票型,445,561700.SH,SH,xtdata.get_stock_list_in_sector
2026-07-07,2026-07-07 09:29:54,ETF股票型,446,561750.SH,SH,xtdata.get_stock_list_in_sector
2026-07-07,2026-07-07 09:29:54,ETF股票型,447,561760.SH,SH,xtdata.get_stock_list_in_sector
2026-07-07,2026-07-07 09:29:54,ETF股票型,448,561770.SH,SH,xtdata.get_stock_list_in_sector
2026-07-07,2026-07-07 09:29:54,ETF股票型,449,561780.SH,SH,xtdata.get_stock_list_in_sector
2026-07-07,2026-07-07 09:29:54,ETF股票型,450,561790.SH,SH,xtdata.get_stock_list_in_sector
2026-07-07,2026-07-07 09:29:54,ETF股票型,451,561800.SH,SH,xtdata.get_stock_list_in_sector
2026-07-07,2026-07-07 09:29:54,ETF股票型,452,561870.SH,SH,xtdata.get_stock_list_in_sector
2026-07-07,2026-07-07 09:29:54,ETF股票型,453,561880.SH,SH,xtdata.get_stock_list_in_sector
2026-07-07,2026-07-07 09:29:54,ETF股票型,454,561900.SH,SH,xtdata.get_stock_list_in_sector
2026-07-07,2026-07-07 09:29:54,ETF股票型,455,561910.SH,SH,xtdata.get_stock_list_in_sector
2026-07-07,2026-07-07 09:29:54,ETF股票型,456,561920.SH,SH,xtdata.get_stock_list_in_sector
2026-07-07,2026-07-07 09:29:54,ETF股票型,457,561930.SH,SH,xtdata.get_stock_list_in_sector
2026-07-07,2026-07-07 09:29:54,ETF股票型,458,561950.SH,SH,xtdata.get_stock_list_in_sector
2026-07-07,2026-07-07 09:29:54,ETF股票型,459,561960.SH,SH,xtdata.get_stock_list_in_sector
2026-07-07,2026-07-07 09:29:54,ETF股票型,460,561980.SH,SH,xtdata.get_stock_list_in_sector
2026-07-07,2026-07-07 09:29:54,ETF股票型,461,561990.SH,SH,xtdata.get_stock_list_in_sector
2026-07-07,2026-07-07 09:29:54,ETF股票型,462,562000.SH,SH,xtdata.get_stock_list_in_sector
2026-07-07,2026-07-07 09:29:54,ETF股票型,463,562010.SH,SH,xtdata.get_stock_list_in_sector
2026-07-07,2026-07-07 09:29:54,ETF股票型,464,562030.SH,SH,xtdata.get_stock_list_in_sector
2026-07-07,2026-07-07 09:29:54,ETF股票型,465,562050.SH,SH,xtdata.get_stock_list_in_sector
2026-07-07,2026-07-07 09:29:54,ETF股票型,466,562060.SH,SH,xtdata.get_stock_list_in_sector
2026-07-07,2026-07-07 09:29:54,ETF股票型,467,562070.SH,SH,xtdata.get_stock_list_in_sector
2026-07-07,2026-07-07 09:29:54,ETF股票型,468,562080.SH,SH,xtdata.get_stock_list_in_sector
2026-07-07,2026-07-07 09:29:54,ETF股票型,469,562300.SH,SH,xtdata.get_stock_list_in_sector
2026-07-07,2026-07-07 09:29:54,ETF股票型,470,562310.SH,SH,xtdata.get_stock_list_in_sector
2026-07-07,2026-07-07 09:29:54,ETF股票型,471,562320.SH,SH,xtdata.get_stock_list_in_sector
2026-07-07,2026-07-07 09:29:54,ETF股票型,472,562330.SH,SH,xtdata.get_stock_list_in_sector
2026-07-07,2026-07-07 09:29:54,ETF股票型,473,562340.SH,SH,xtdata.get_stock_list_in_sector
2026-07-07,2026-07-07 09:29:54,ETF股票型,474,562350.SH,SH,xtdata.get_stock_list_in_sector
2026-07-07,2026-07-07 09:29:54,ETF股票型,475,562360.SH,SH,xtdata.get_stock_list_in_sector
2026-07-07,2026-07-07 09:29:54,ETF股票型,476,562380.SH,SH,xtdata.get_stock_list_in_sector
2026-07-07,2026-07-07 09:29:54,ETF股票型,477,562390.SH,SH,xtdata.get_stock_list_in_sector
2026-07-07,2026-07-07 09:29:54,ETF股票型,478,562500.SH,SH,xtdata.get_stock_list_in_sector
2026-07-07,2026-07-07 09:29:54,ETF股票型,479,562510.SH,SH,xtdata.get_stock_list_in_sector
2026-07-07,2026-07-07 09:29:54,ETF股票型,480,562520.SH,SH,xtdata.get_stock_list_in_sector
2026-07-07,2026-07-07 09:29:54,ETF股票型,481,562530.SH,SH,xtdata.get_stock_list_in_sector
2026-07-07,2026-07-07 09:29:54,ETF股票型,482,562550.SH,SH,xtdata.get_stock_list_in_sector
2026-07-07,2026-07-07 09:29:54,ETF股票型,483,562560.SH,SH,xtdata.get_stock_list_in_sector
2026-07-07,2026-07-07 09:29:54,ETF股票型,484,562570.SH,SH,xtdata.get_stock_list_in_sector
2026-07-07,2026-07-07 09:29:54,ETF股票型,485,562580.SH,SH,xtdata.get_stock_list_in_sector
2026-07-07,2026-07-07 09:29:54,ETF股票型,486,562590.SH,SH,xtdata.get_stock_list_in_sector
2026-07-07,2026-07-07 09:29:54,ETF股票型,487,562600.SH,SH,xtdata.get_stock_list_in_sector
2026-07-07,2026-07-07 09:29:54,ETF股票型,488,562660.SH,SH,xtdata.get_stock_list_in_sector
2026-07-07,2026-07-07 09:29:54,ETF股票型,489,562700.SH,SH,xtdata.get_stock_list_in_sector
2026-07-07,2026-07-07 09:29:54,ETF股票型,490,562800.SH,SH,xtdata.get_stock_list_in_sector
2026-07-07,2026-07-07 09:29:54,ETF股票型,491,562810.SH,SH,xtdata.get_stock_list_in_sector
2026-07-07,2026-07-07 09:29:54,ETF股票型,492,562820.SH,SH,xtdata.get_stock_list_in_sector
2026-07-07,2026-07-07 09:29:54,ETF股票型,493,562850.SH,SH,xtdata.get_stock_list_in_sector
2026-07-07,2026-07-07 09:29:54,ETF股票型,494,562860.SH,SH,xtdata.get_stock_list_in_sector
2026-07-07,2026-07-07 09:29:54,ETF股票型,495,562870.SH,SH,xtdata.get_stock_list_in_sector
2026-07-07,2026-07-07 09:29:54,ETF股票型,496,562880.SH,SH,xtdata.get_stock_list_in_sector
2026-07-07,2026-07-07 09:29:54,ETF股票型,497,562890.SH,SH,xtdata.get_stock_list_in_sector
2026-07-07,2026-07-07 09:29:54,ETF股票型,498,562900.SH,SH,xtdata.get_stock_list_in_sector
2026-07-07,2026-07-07 09:29:54,ETF股票型,499,562910.SH,SH,xtdata.get_stock_list_in_sector
2026-07-07,2026-07-07 09:29:54,ETF股票型,500,562920.SH,SH,xtdata.get_stock_list_in_sector
2026-07-07,2026-07-07 09:29:54,ETF股票型,501,562930.SH,SH,xtdata.get_stock_list_in_sector
2026-07-07,2026-07-07 09:29:54,ETF股票型,502,562950.SH,SH,xtdata.get_stock_list_in_sector
2026-07-07,2026-07-07 09:29:54,ETF股票型,503,562960.SH,SH,xtdata.get_stock_list_in_sector
2026-07-07,2026-07-07 09:29:54,ETF股票型,504,562970.SH,SH,xtdata.get_stock_list_in_sector
2026-07-07,2026-07-07 09:29:54,ETF股票型,505,562990.SH,SH,xtdata.get_stock_list_in_sector
2026-07-07,2026-07-07 09:29:54,ETF股票型,506,563000.SH,SH,xtdata.get_stock_list_in_sector
2026-07-07,2026-07-07 09:29:54,ETF股票型,507,563010.SH,SH,xtdata.get_stock_list_in_sector
2026-07-07,2026-07-07 09:29:54,ETF股票型,508,563020.SH,SH,xtdata.get_stock_list_in_sector
2026-07-07,2026-07-07 09:29:54,ETF股票型,509,563030.SH,SH,xtdata.get_stock_list_in_sector
2026-07-07,2026-07-07 09:29:54,ETF股票型,510,563050.SH,SH,xtdata.get_stock_list_in_sector
2026-07-07,2026-07-07 09:29:54,ETF股票型,511,563060.SH,SH,xtdata.get_stock_list_in_sector
2026-07-07,2026-07-07 09:29:54,ETF股票型,512,563080.SH,SH,xtdata.get_stock_list_in_sector
2026-07-07,2026-07-07 09:29:54,ETF股票型,513,563090.SH,SH,xtdata.get_stock_list_in_sector
2026-07-07,2026-07-07 09:29:54,ETF股票型,514,563150.SH,SH,xtdata.get_stock_list_in_sector
2026-07-07,2026-07-07 09:29:54,ETF股票型,515,563180.SH,SH,xtdata.get_stock_list_in_sector
2026-07-07,2026-07-07 09:29:54,ETF股票型,516,563200.SH,SH,xtdata.get_stock_list_in_sector
2026-07-07,2026-07-07 09:29:54,ETF股票型,517,563210.SH,SH,xtdata.get_stock_list_in_sector
2026-07-07,2026-07-07 09:29:54,ETF股票型,518,563220.SH,SH,xtdata.get_stock_list_in_sector
2026-07-07,2026-07-07 09:29:54,ETF股票型,519,563230.SH,SH,xtdata.get_stock_list_in_sector
2026-07-07,2026-07-07 09:29:54,ETF股票型,520,563280.SH,SH,xtdata.get_stock_list_in_sector
2026-07-07,2026-07-07 09:29:54,ETF股票型,521,563300.SH,SH,xtdata.get_stock_list_in_sector
2026-07-07,2026-07-07 09:29:54,ETF股票型,522,563320.SH,SH,xtdata.get_stock_list_in_sector
2026-07-07,2026-07-07 09:29:54,ETF股票型,523,563330.SH,SH,xtdata.get_stock_list_in_sector
2026-07-07,2026-07-07 09:29:54,ETF股票型,524,563350.SH,SH,xtdata.get_stock_list_in_sector
2026-07-07,2026-07-07 09:29:54,ETF股票型,525,563360.SH,SH,xtdata.get_stock_list_in_sector
2026-07-07,2026-07-07 09:29:54,ETF股票型,526,563380.SH,SH,xtdata.get_stock_list_in_sector
2026-07-07,2026-07-07 09:29:54,ETF股票型,527,563390.SH,SH,xtdata.get_stock_list_in_sector
2026-07-07,2026-07-07 09:29:54,ETF股票型,528,563500.SH,SH,xtdata.get_stock_list_in_sector
2026-07-07,2026-07-07 09:29:54,ETF股票型,529,563510.SH,SH,xtdata.get_stock_list_in_sector
2026-07-07,2026-07-07 09:29:54,ETF股票型,530,563520.SH,SH,xtdata.get_stock_list_in_sector
2026-07-07,2026-07-07 09:29:54,ETF股票型,531,563530.SH,SH,xtdata.get_stock_list_in_sector
2026-07-07,2026-07-07 09:29:54,ETF股票型,532,563550.SH,SH,xtdata.get_stock_list_in_sector
2026-07-07,2026-07-07 09:29:54,ETF股票型,533,563560.SH,SH,xtdata.get_stock_list_in_sector
2026-07-07,2026-07-07 09:29:54,ETF股票型,534,563570.SH,SH,xtdata.get_stock_list_in_sector
2026-07-07,2026-07-07 09:29:54,ETF股票型,535,563580.SH,SH,xtdata.get_stock_list_in_sector
2026-07-07,2026-07-07 09:29:54,ETF股票型,536,563590.SH,SH,xtdata.get_stock_list_in_sector
2026-07-07,2026-07-07 09:29:54,ETF股票型,537,563600.SH,SH,xtdata.get_stock_list_in_sector
2026-07-07,2026-07-07 09:29:54,ETF股票型,538,563620.SH,SH,xtdata.get_stock_list_in_sector
2026-07-07,2026-07-07 09:29:54,ETF股票型,539,563630.SH,SH,xtdata.get_stock_list_in_sector
2026-07-07,2026-07-07 09:29:54,ETF股票型,540,563650.SH,SH,xtdata.get_stock_list_in_sector
2026-07-07,2026-07-07 09:29:54,ETF股票型,541,563660.SH,SH,xtdata.get_stock_list_in_sector
2026-07-07,2026-07-07 09:29:54,ETF股票型,542,563670.SH,SH,xtdata.get_stock_list_in_sector
2026-07-07,2026-07-07 09:29:54,ETF股票型,543,563680.SH,SH,xtdata.get_stock_list_in_sector
2026-07-07,2026-07-07 09:29:54,ETF股票型,544,563690.SH,SH,xtdata.get_stock_list_in_sector
2026-07-07,2026-07-07 09:29:54,ETF股票型,545,563700.SH,SH,xtdata.get_stock_list_in_sector
2026-07-07,2026-07-07 09:29:54,ETF股票型,546,563750.SH,SH,xtdata.get_stock_list_in_sector
2026-07-07,2026-07-07 09:29:54,ETF股票型,547,563760.SH,SH,xtdata.get_stock_list_in_sector
2026-07-07,2026-07-07 09:29:54,ETF股票型,548,563770.SH,SH,xtdata.get_stock_list_in_sector
2026-07-07,2026-07-07 09:29:54,ETF股票型,549,563780.SH,SH,xtdata.get_stock_list_in_sector
2026-07-07,2026-07-07 09:29:54,ETF股票型,550,563790.SH,SH,xtdata.get_stock_list_in_sector
2026-07-07,2026-07-07 09:29:54,ETF股票型,551,563800.SH,SH,xtdata.get_stock_list_in_sector
2026-07-07,2026-07-07 09:29:54,ETF股票型,552,563830.SH,SH,xtdata.get_stock_list_in_sector
2026-07-07,2026-07-07 09:29:54,ETF股票型,553,563850.SH,SH,xtdata.get_stock_list_in_sector
2026-07-07,2026-07-07 09:29:54,ETF股票型,554,563860.SH,SH,xtdata.get_stock_list_in_sector
2026-07-07,2026-07-07 09:29:54,ETF股票型,555,563870.SH,SH,xtdata.get_stock_list_in_sector
2026-07-07,2026-07-07 09:29:54,ETF股票型,556,563880.SH,SH,xtdata.get_stock_list_in_sector
2026-07-07,2026-07-07 09:29:54,ETF股票型,557,563890.SH,SH,xtdata.get_stock_list_in_sector
2026-07-07,2026-07-07 09:29:54,ETF股票型,558,563900.SH,SH,xtdata.get_stock_list_in_sector
2026-07-07,2026-07-07 09:29:54,ETF股票型,559,563930.SH,SH,xtdata.get_stock_list_in_sector
2026-07-07,2026-07-07 09:29:54,ETF股票型,560,563960.SH,SH,xtdata.get_stock_list_in_sector
2026-07-07,2026-07-07 09:29:54,ETF股票型,561,563980.SH,SH,xtdata.get_stock_list_in_sector
2026-07-07,2026-07-07 09:29:54,ETF股票型,562,563990.SH,SH,xtdata.get_stock_list_in_sector
2026-07-07,2026-07-07 09:29:54,ETF股票型,563,588000.SH,SH,xtdata.get_stock_list_in_sector
2026-07-07,2026-07-07 09:29:54,ETF股票型,564,588010.SH,SH,xtdata.get_stock_list_in_sector
2026-07-07,2026-07-07 09:29:54,ETF股票型,565,588020.SH,SH,xtdata.get_stock_list_in_sector
2026-07-07,2026-07-07 09:29:54,ETF股票型,566,588030.SH,SH,xtdata.get_stock_list_in_sector
2026-07-07,2026-07-07 09:29:54,ETF股票型,567,588040.SH,SH,xtdata.get_stock_list_in_sector
2026-07-07,2026-07-07 09:29:54,ETF股票型,568,588050.SH,SH,xtdata.get_stock_list_in_sector
2026-07-07,2026-07-07 09:29:54,ETF股票型,569,588060.SH,SH,xtdata.get_stock_list_in_sector
2026-07-07,2026-07-07 09:29:54,ETF股票型,570,588070.SH,SH,xtdata.get_stock_list_in_sector
2026-07-07,2026-07-07 09:29:54,ETF股票型,571,588080.SH,SH,xtdata.get_stock_list_in_sector
2026-07-07,2026-07-07 09:29:54,ETF股票型,572,588090.SH,SH,xtdata.get_stock_list_in_sector
2026-07-07,2026-07-07 09:29:54,ETF股票型,573,588100.SH,SH,xtdata.get_stock_list_in_sector
2026-07-07,2026-07-07 09:29:54,ETF股票型,574,588110.SH,SH,xtdata.get_stock_list_in_sector
2026-07-07,2026-07-07 09:29:54,ETF股票型,575,588120.SH,SH,xtdata.get_stock_list_in_sector
2026-07-07,2026-07-07 09:29:54,ETF股票型,576,588130.SH,SH,xtdata.get_stock_list_in_sector
2026-07-07,2026-07-07 09:29:54,ETF股票型,577,588140.SH,SH,xtdata.get_stock_list_in_sector
2026-07-07,2026-07-07 09:29:54,ETF股票型,578,588150.SH,SH,xtdata.get_stock_list_in_sector
2026-07-07,2026-07-07 09:29:54,ETF股票型,579,588160.SH,SH,xtdata.get_stock_list_in_sector
2026-07-07,2026-07-07 09:29:54,ETF股票型,580,588170.SH,SH,xtdata.get_stock_list_in_sector
2026-07-07,2026-07-07 09:29:54,ETF股票型,581,588180.SH,SH,xtdata.get_stock_list_in_sector
2026-07-07,2026-07-07 09:29:54,ETF股票型,582,588190.SH,SH,xtdata.get_stock_list_in_sector
2026-07-07,2026-07-07 09:29:54,ETF股票型,583,588200.SH,SH,xtdata.get_stock_list_in_sector
2026-07-07,2026-07-07 09:29:54,ETF股票型,584,588210.SH,SH,xtdata.get_stock_list_in_sector
2026-07-07,2026-07-07 09:29:54,ETF股票型,585,588220.SH,SH,xtdata.get_stock_list_in_sector
2026-07-07,2026-07-07 09:29:54,ETF股票型,586,588230.SH,SH,xtdata.get_stock_list_in_sector
2026-07-07,2026-07-07 09:29:54,ETF股票型,587,588240.SH,SH,xtdata.get_stock_list_in_sector
2026-07-07,2026-07-07 09:29:54,ETF股票型,588,588250.SH,SH,xtdata.get_stock_list_in_sector
2026-07-07,2026-07-07 09:29:54,ETF股票型,589,588260.SH,SH,xtdata.get_stock_list_in_sector
2026-07-07,2026-07-07 09:29:54,ETF股票型,590,588270.SH,SH,xtdata.get_stock_list_in_sector
2026-07-07,2026-07-07 09:29:54,ETF股票型,591,588280.SH,SH,xtdata.get_stock_list_in_sector
2026-07-07,2026-07-07 09:29:54,ETF股票型,592,588290.SH,SH,xtdata.get_stock_list_in_sector
2026-07-07,2026-07-07 09:29:54,ETF股票型,593,588300.SH,SH,xtdata.get_stock_list_in_sector
2026-07-07,2026-07-07 09:29:54,ETF股票型,594,588310.SH,SH,xtdata.get_stock_list_in_sector
2026-07-07,2026-07-07 09:29:54,ETF股票型,595,588320.SH,SH,xtdata.get_stock_list_in_sector
2026-07-07,2026-07-07 09:29:54,ETF股票型,596,588330.SH,SH,xtdata.get_stock_list_in_sector
2026-07-07,2026-07-07 09:29:54,ETF股票型,597,588350.SH,SH,xtdata.get_stock_list_in_sector
2026-07-07,2026-07-07 09:29:54,ETF股票型,598,588360.SH,SH,xtdata.get_stock_list_in_sector
2026-07-07,2026-07-07 09:29:54,ETF股票型,599,588370.SH,SH,xtdata.get_stock_list_in_sector
2026-07-07,2026-07-07 09:29:54,ETF股票型,600,588380.SH,SH,xtdata.get_stock_list_in_sector
2026-07-07,2026-07-07 09:29:54,ETF股票型,601,588390.SH,SH,xtdata.get_stock_list_in_sector
2026-07-07,2026-07-07 09:29:54,ETF股票型,602,588400.SH,SH,xtdata.get_stock_list_in_sector
2026-07-07,2026-07-07 09:29:54,ETF股票型,603,588410.SH,SH,xtdata.get_stock_list_in_sector
2026-07-07,2026-07-07 09:29:54,ETF股票型,604,588420.SH,SH,xtdata.get_stock_list_in_sector
2026-07-07,2026-07-07 09:29:54,ETF股票型,605,588430.SH,SH,xtdata.get_stock_list_in_sector
2026-07-07,2026-07-07 09:29:54,ETF股票型,606,588450.SH,SH,xtdata.get_stock_list_in_sector
2026-07-07,2026-07-07 09:29:54,ETF股票型,607,588460.SH,SH,xtdata.get_stock_list_in_sector
2026-07-07,2026-07-07 09:29:54,ETF股票型,608,588470.SH,SH,xtdata.get_stock_list_in_sector
2026-07-07,2026-07-07 09:29:54,ETF股票型,609,588480.SH,SH,xtdata.get_stock_list_in_sector
2026-07-07,2026-07-07 09:29:54,ETF股票型,610,588500.SH,SH,xtdata.get_stock_list_in_sector
2026-07-07,2026-07-07 09:29:54,ETF股票型,611,588510.SH,SH,xtdata.get_stock_list_in_sector
2026-07-07,2026-07-07 09:29:54,ETF股票型,612,588520.SH,SH,xtdata.get_stock_list_in_sector
2026-07-07,2026-07-07 09:29:54,ETF股票型,613,588550.SH,SH,xtdata.get_stock_list_in_sector
2026-07-07,2026-07-07 09:29:54,ETF股票型,614,588660.SH,SH,xtdata.get_stock_list_in_sector
2026-07-07,2026-07-07 09:29:54,ETF股票型,615,588670.SH,SH,xtdata.get_stock_list_in_sector
2026-07-07,2026-07-07 09:29:54,ETF股票型,616,588680.SH,SH,xtdata.get_stock_list_in_sector
2026-07-07,2026-07-07 09:29:54,ETF股票型,617,588690.SH,SH,xtdata.get_stock_list_in_sector
2026-07-07,2026-07-07 09:29:54,ETF股票型,618,588700.SH,SH,xtdata.get_stock_list_in_sector
2026-07-07,2026-07-07 09:29:54,ETF股票型,619,588710.SH,SH,xtdata.get_stock_list_in_sector
2026-07-07,2026-07-07 09:29:54,ETF股票型,620,588720.SH,SH,xtdata.get_stock_list_in_sector
2026-07-07,2026-07-07 09:29:54,ETF股票型,621,588730.SH,SH,xtdata.get_stock_list_in_sector
2026-07-07,2026-07-07 09:29:54,ETF股票型,622,588750.SH,SH,xtdata.get_stock_list_in_sector
2026-07-07,2026-07-07 09:29:54,ETF股票型,623,588760.SH,SH,xtdata.get_stock_list_in_sector
2026-07-07,2026-07-07 09:29:54,ETF股票型,624,588770.SH,SH,xtdata.get_stock_list_in_sector
2026-07-07,2026-07-07 09:29:54,ETF股票型,625,588780.SH,SH,xtdata.get_stock_list_in_sector
2026-07-07,2026-07-07 09:29:54,ETF股票型,626,588790.SH,SH,xtdata.get_stock_list_in_sector
2026-07-07,2026-07-07 09:29:54,ETF股票型,627,588800.SH,SH,xtdata.get_stock_list_in_sector
2026-07-07,2026-07-07 09:29:54,ETF股票型,628,588810.SH,SH,xtdata.get_stock_list_in_sector
2026-07-07,2026-07-07 09:29:54,ETF股票型,629,588820.SH,SH,xtdata.get_stock_list_in_sector
2026-07-07,2026-07-07 09:29:54,ETF股票型,630,588830.SH,SH,xtdata.get_stock_list_in_sector
2026-07-07,2026-07-07 09:29:54,ETF股票型,631,588840.SH,SH,xtdata.get_stock_list_in_sector
2026-07-07,2026-07-07 09:29:54,ETF股票型,632,588850.SH,SH,xtdata.get_stock_list_in_sector
2026-07-07,2026-07-07 09:29:54,ETF股票型,633,588860.SH,SH,xtdata.get_stock_list_in_sector
2026-07-07,2026-07-07 09:29:54,ETF股票型,634,588870.SH,SH,xtdata.get_stock_list_in_sector
2026-07-07,2026-07-07 09:29:54,ETF股票型,635,588880.SH,SH,xtdata.get_stock_list_in_sector
2026-07-07,2026-07-07 09:29:54,ETF股票型,636,588890.SH,SH,xtdata.get_stock_list_in_sector
2026-07-07,2026-07-07 09:29:54,ETF股票型,637,588900.SH,SH,xtdata.get_stock_list_in_sector
2026-07-07,2026-07-07 09:29:54,ETF股票型,638,588910.SH,SH,xtdata.get_stock_list_in_sector
2026-07-07,2026-07-07 09:29:54,ETF股票型,639,588920.SH,SH,xtdata.get_stock_list_in_sector
2026-07-07,2026-07-07 09:29:54,ETF股票型,640,588930.SH,SH,xtdata.get_stock_list_in_sector
2026-07-07,2026-07-07 09:29:54,ETF股票型,641,588940.SH,SH,xtdata.get_stock_list_in_sector
2026-07-07,2026-07-07 09:29:54,ETF股票型,642,588950.SH,SH,xtdata.get_stock_list_in_sector
2026-07-07,2026-07-07 09:29:54,ETF股票型,643,588960.SH,SH,xtdata.get_stock_list_in_sector
2026-07-07,2026-07-07 09:29:54,ETF股票型,644,588980.SH,SH,xtdata.get_stock_list_in_sector
2026-07-07,2026-07-07 09:29:54,ETF股票型,645,588990.SH,SH,xtdata.get_stock_list_in_sector
2026-07-07,2026-07-07 09:29:54,ETF股票型,646,589000.SH,SH,xtdata.get_stock_list_in_sector
2026-07-07,2026-07-07 09:29:54,ETF股票型,647,589010.SH,SH,xtdata.get_stock_list_in_sector
2026-07-07,2026-07-07 09:29:54,ETF股票型,648,589020.SH,SH,xtdata.get_stock_list_in_sector
2026-07-07,2026-07-07 09:29:54,ETF股票型,649,589030.SH,SH,xtdata.get_stock_list_in_sector
2026-07-07,2026-07-07 09:29:54,ETF股票型,650,589050.SH,SH,xtdata.get_stock_list_in_sector
2026-07-07,2026-07-07 09:29:54,ETF股票型,651,589060.SH,SH,xtdata.get_stock_list_in_sector
2026-07-07,2026-07-07 09:29:54,ETF股票型,652,589070.SH,SH,xtdata.get_stock_list_in_sector
2026-07-07,2026-07-07 09:29:54,ETF股票型,653,589080.SH,SH,xtdata.get_stock_list_in_sector
2026-07-07,2026-07-07 09:29:54,ETF股票型,654,589090.SH,SH,xtdata.get_stock_list_in_sector
2026-07-07,2026-07-07 09:29:54,ETF股票型,655,589100.SH,SH,xtdata.get_stock_list_in_sector
2026-07-07,2026-07-07 09:29:54,ETF股票型,656,589110.SH,SH,xtdata.get_stock_list_in_sector
2026-07-07,2026-07-07 09:29:54,ETF股票型,657,589120.SH,SH,xtdata.get_stock_list_in_sector
2026-07-07,2026-07-07 09:29:54,ETF股票型,658,589130.SH,SH,xtdata.get_stock_list_in_sector
2026-07-07,2026-07-07 09:29:54,ETF股票型,659,589150.SH,SH,xtdata.get_stock_list_in_sector
2026-07-07,2026-07-07 09:29:54,ETF股票型,660,589160.SH,SH,xtdata.get_stock_list_in_sector
2026-07-07,2026-07-07 09:29:54,ETF股票型,661,589170.SH,SH,xtdata.get_stock_list_in_sector
2026-07-07,2026-07-07 09:29:54,ETF股票型,662,589180.SH,SH,xtdata.get_stock_list_in_sector
2026-07-07,2026-07-07 09:29:54,ETF股票型,663,589190.SH,SH,xtdata.get_stock_list_in_sector
2026-07-07,2026-07-07 09:29:54,ETF股票型,664,589200.SH,SH,xtdata.get_stock_list_in_sector
2026-07-07,2026-07-07 09:29:54,ETF股票型,665,589210.SH,SH,xtdata.get_stock_list_in_sector
2026-07-07,2026-07-07 09:29:54,ETF股票型,666,589220.SH,SH,xtdata.get_stock_list_in_sector
2026-07-07,2026-07-07 09:29:54,ETF股票型,667,589230.SH,SH,xtdata.get_stock_list_in_sector
2026-07-07,2026-07-07 09:29:54,ETF股票型,668,589250.SH,SH,xtdata.get_stock_list_in_sector
2026-07-07,2026-07-07 09:29:54,ETF股票型,669,589260.SH,SH,xtdata.get_stock_list_in_sector
2026-07-07,2026-07-07 09:29:54,ETF股票型,670,589270.SH,SH,xtdata.get_stock_list_in_sector
2026-07-07,2026-07-07 09:29:54,ETF股票型,671,589280.SH,SH,xtdata.get_stock_list_in_sector
2026-07-07,2026-07-07 09:29:54,ETF股票型,672,589290.SH,SH,xtdata.get_stock_list_in_sector
2026-07-07,2026-07-07 09:29:54,ETF股票型,673,589300.SH,SH,xtdata.get_stock_list_in_sector
2026-07-07,2026-07-07 09:29:54,ETF股票型,674,589310.SH,SH,xtdata.get_stock_list_in_sector
2026-07-07,2026-07-07 09:29:54,ETF股票型,675,589320.SH,SH,xtdata.get_stock_list_in_sector
2026-07-07,2026-07-07 09:29:54,ETF股票型,676,589330.SH,SH,xtdata.get_stock_list_in_sector
2026-07-07,2026-07-07 09:29:54,ETF股票型,677,589350.SH,SH,xtdata.get_stock_list_in_sector
2026-07-07,2026-07-07 09:29:54,ETF股票型,678,589360.SH,SH,xtdata.get_stock_list_in_sector
2026-07-07,2026-07-07 09:29:54,ETF股票型,679,589380.SH,SH,xtdata.get_stock_list_in_sector
2026-07-07,2026-07-07 09:29:54,ETF股票型,680,589500.SH,SH,xtdata.get_stock_list_in_sector
2026-07-07,2026-07-07 09:29:54,ETF股票型,681,589520.SH,SH,xtdata.get_stock_list_in_sector
2026-07-07,2026-07-07 09:29:54,ETF股票型,682,589550.SH,SH,xtdata.get_stock_list_in_sector
2026-07-07,2026-07-07 09:29:54,ETF股票型,683,589560.SH,SH,xtdata.get_stock_list_in_sector
2026-07-07,2026-07-07 09:29:54,ETF股票型,684,589580.SH,SH,xtdata.get_stock_list_in_sector
2026-07-07,2026-07-07 09:29:54,ETF股票型,685,589600.SH,SH,xtdata.get_stock_list_in_sector
2026-07-07,2026-07-07 09:29:54,ETF股票型,686,589630.SH,SH,xtdata.get_stock_list_in_sector
2026-07-07,2026-07-07 09:29:54,ETF股票型,687,589660.SH,SH,xtdata.get_stock_list_in_sector
2026-07-07,2026-07-07 09:29:54,ETF股票型,688,589680.SH,SH,xtdata.get_stock_list_in_sector
2026-07-07,2026-07-07 09:29:54,ETF股票型,689,589700.SH,SH,xtdata.get_stock_list_in_sector
2026-07-07,2026-07-07 09:29:54,ETF股票型,690,589720.SH,SH,xtdata.get_stock_list_in_sector
2026-07-07,2026-07-07 09:29:54,ETF股票型,691,589770.SH,SH,xtdata.get_stock_list_in_sector
2026-07-07,2026-07-07 09:29:54,ETF股票型,692,589780.SH,SH,xtdata.get_stock_list_in_sector
2026-07-07,2026-07-07 09:29:54,ETF股票型,693,589800.SH,SH,xtdata.get_stock_list_in_sector
2026-07-07,2026-07-07 09:29:54,ETF股票型,694,589820.SH,SH,xtdata.get_stock_list_in_sector
2026-07-07,2026-07-07 09:29:54,ETF股票型,695,589850.SH,SH,xtdata.get_stock_list_in_sector
2026-07-07,2026-07-07 09:29:54,ETF股票型,696,589860.SH,SH,xtdata.get_stock_list_in_sector
2026-07-07,2026-07-07 09:29:54,ETF股票型,697,589880.SH,SH,xtdata.get_stock_list_in_sector
2026-07-07,2026-07-07 09:29:54,ETF股票型,698,589890.SH,SH,xtdata.get_stock_list_in_sector
2026-07-07,2026-07-07 09:29:54,ETF股票型,699,589900.SH,SH,xtdata.get_stock_list_in_sector
2026-07-07,2026-07-07 09:29:54,ETF股票型,700,589950.SH,SH,xtdata.get_stock_list_in_sector
2026-07-07,2026-07-07 09:29:54,ETF股票型,701,589960.SH,SH,xtdata.get_stock_list_in_sector
2026-07-07,2026-07-07 09:29:54,ETF股票型,702,589980.SH,SH,xtdata.get_stock_list_in_sector
2026-07-07,2026-07-07 09:29:54,ETF股票型,703,589990.SH,SH,xtdata.get_stock_list_in_sector
2026-07-07,2026-07-07 09:29:54,ETF股票型,704,159007.SZ,SZ,xtdata.get_stock_list_in_sector
2026-07-07,2026-07-07 09:29:54,ETF股票型,705,159008.SZ,SZ,xtdata.get_stock_list_in_sector
2026-07-07,2026-07-07 09:29:54,ETF股票型,706,159009.SZ,SZ,xtdata.get_stock_list_in_sector
2026-07-07,2026-07-07 09:29:54,ETF股票型,707,159011.SZ,SZ,xtdata.get_stock_list_in_sector
2026-07-07,2026-07-07 09:29:54,ETF股票型,708,159012.SZ,SZ,xtdata.get_stock_list_in_sector
2026-07-07,2026-07-07 09:29:54,ETF股票型,709,159013.SZ,SZ,xtdata.get_stock_list_in_sector
2026-07-07,2026-07-07 09:29:54,ETF股票型,710,159016.SZ,SZ,xtdata.get_stock_list_in_sector
2026-07-07,2026-07-07 09:29:54,ETF股票型,711,159017.SZ,SZ,xtdata.get_stock_list_in_sector
2026-07-07,2026-07-07 09:29:54,ETF股票型,712,159018.SZ,SZ,xtdata.get_stock_list_in_sector
2026-07-07,2026-07-07 09:29:54,ETF股票型,713,159019.SZ,SZ,xtdata.get_stock_list_in_sector
2026-07-07,2026-07-07 09:29:54,ETF股票型,714,159020.SZ,SZ,xtdata.get_stock_list_in_sector
2026-07-07,2026-07-07 09:29:54,ETF股票型,715,159021.SZ,SZ,xtdata.get_stock_list_in_sector
2026-07-07,2026-07-07 09:29:54,ETF股票型,716,159022.SZ,SZ,xtdata.get_stock_list_in_sector
2026-07-07,2026-07-07 09:29:54,ETF股票型,717,159023.SZ,SZ,xtdata.get_stock_list_in_sector
2026-07-07,2026-07-07 09:29:54,ETF股票型,718,159026.SZ,SZ,xtdata.get_stock_list_in_sector
2026-07-07,2026-07-07 09:29:54,ETF股票型,719,159027.SZ,SZ,xtdata.get_stock_list_in_sector
2026-07-07,2026-07-07 09:29:54,ETF股票型,720,159029.SZ,SZ,xtdata.get_stock_list_in_sector
2026-07-07,2026-07-07 09:29:54,ETF股票型,721,159030.SZ,SZ,xtdata.get_stock_list_in_sector
2026-07-07,2026-07-07 09:29:54,ETF股票型,722,159031.SZ,SZ,xtdata.get_stock_list_in_sector
2026-07-07,2026-07-07 09:29:54,ETF股票型,723,159032.SZ,SZ,xtdata.get_stock_list_in_sector
2026-07-07,2026-07-07 09:29:54,ETF股票型,724,159033.SZ,SZ,xtdata.get_stock_list_in_sector
2026-07-07,2026-07-07 09:29:54,ETF股票型,725,159035.SZ,SZ,xtdata.get_stock_list_in_sector
2026-07-07,2026-07-07 09:29:54,ETF股票型,726,159036.SZ,SZ,xtdata.get_stock_list_in_sector
2026-07-07,2026-07-07 09:29:54,ETF股票型,727,159037.SZ,SZ,xtdata.get_stock_list_in_sector
2026-07-07,2026-07-07 09:29:54,ETF股票型,728,159038.SZ,SZ,xtdata.get_stock_list_in_sector
2026-07-07,2026-07-07 09:29:54,ETF股票型,729,159039.SZ,SZ,xtdata.get_stock_list_in_sector
2026-07-07,2026-07-07 09:29:54,ETF股票型,730,159041.SZ,SZ,xtdata.get_stock_list_in_sector
2026-07-07,2026-07-07 09:29:54,ETF股票型,731,159042.SZ,SZ,xtdata.get_stock_list_in_sector
2026-07-07,2026-07-07 09:29:54,ETF股票型,732,159045.SZ,SZ,xtdata.get_stock_list_in_sector
2026-07-07,2026-07-07 09:29:54,ETF股票型,733,159046.SZ,SZ,xtdata.get_stock_list_in_sector
2026-07-07,2026-07-07 09:29:54,ETF股票型,734,159048.SZ,SZ,xtdata.get_stock_list_in_sector
2026-07-07,2026-07-07 09:29:54,ETF股票型,735,159050.SZ,SZ,xtdata.get_stock_list_in_sector
2026-07-07,2026-07-07 09:29:54,ETF股票型,736,159051.SZ,SZ,xtdata.get_stock_list_in_sector
2026-07-07,2026-07-07 09:29:54,ETF股票型,737,159052.SZ,SZ,xtdata.get_stock_list_in_sector
2026-07-07,2026-07-07 09:29:54,ETF股票型,738,159053.SZ,SZ,xtdata.get_stock_list_in_sector
2026-07-07,2026-07-07 09:29:54,ETF股票型,739,159055.SZ,SZ,xtdata.get_stock_list_in_sector
2026-07-07,2026-07-07 09:29:54,ETF股票型,740,159056.SZ,SZ,xtdata.get_stock_list_in_sector
2026-07-07,2026-07-07 09:29:54,ETF股票型,741,159057.SZ,SZ,xtdata.get_stock_list_in_sector
2026-07-07,2026-07-07 09:29:54,ETF股票型,742,159060.SZ,SZ,xtdata.get_stock_list_in_sector
2026-07-07,2026-07-07 09:29:54,ETF股票型,743,159061.SZ,SZ,xtdata.get_stock_list_in_sector
2026-07-07,2026-07-07 09:29:54,ETF股票型,744,159062.SZ,SZ,xtdata.get_stock_list_in_sector
2026-07-07,2026-07-07 09:29:54,ETF股票型,745,159063.SZ,SZ,xtdata.get_stock_list_in_sector
2026-07-07,2026-07-07 09:29:54,ETF股票型,746,159065.SZ,SZ,xtdata.get_stock_list_in_sector
2026-07-07,2026-07-07 09:29:54,ETF股票型,747,159070.SZ,SZ,xtdata.get_stock_list_in_sector
2026-07-07,2026-07-07 09:29:54,ETF股票型,748,159071.SZ,SZ,xtdata.get_stock_list_in_sector
2026-07-07,2026-07-07 09:29:54,ETF股票型,749,159103.SZ,SZ,xtdata.get_stock_list_in_sector
2026-07-07,2026-07-07 09:29:54,ETF股票型,750,159106.SZ,SZ,xtdata.get_stock_list_in_sector
2026-07-07,2026-07-07 09:29:54,ETF股票型,751,159107.SZ,SZ,xtdata.get_stock_list_in_sector
2026-07-07,2026-07-07 09:29:54,ETF股票型,752,159108.SZ,SZ,xtdata.get_stock_list_in_sector
2026-07-07,2026-07-07 09:29:54,ETF股票型,753,159119.SZ,SZ,xtdata.get_stock_list_in_sector
2026-07-07,2026-07-07 09:29:54,ETF股票型,754,159122.SZ,SZ,xtdata.get_stock_list_in_sector
2026-07-07,2026-07-07 09:29:54,ETF股票型,755,159123.SZ,SZ,xtdata.get_stock_list_in_sector
2026-07-07,2026-07-07 09:29:54,ETF股票型,756,159129.SZ,SZ,xtdata.get_stock_list_in_sector
2026-07-07,2026-07-07 09:29:54,ETF股票型,757,159133.SZ,SZ,xtdata.get_stock_list_in_sector
2026-07-07,2026-07-07 09:29:54,ETF股票型,758,159136.SZ,SZ,xtdata.get_stock_list_in_sector
2026-07-07,2026-07-07 09:29:54,ETF股票型,759,159138.SZ,SZ,xtdata.get_stock_list_in_sector
2026-07-07,2026-07-07 09:29:54,ETF股票型,760,159139.SZ,SZ,xtdata.get_stock_list_in_sector
2026-07-07,2026-07-07 09:29:54,ETF股票型,761,159140.SZ,SZ,xtdata.get_stock_list_in_sector
2026-07-07,2026-07-07 09:29:54,ETF股票型,762,159141.SZ,SZ,xtdata.get_stock_list_in_sector
2026-07-07,2026-07-07 09:29:54,ETF股票型,763,159142.SZ,SZ,xtdata.get_stock_list_in_sector
2026-07-07,2026-07-07 09:29:54,ETF股票型,764,159145.SZ,SZ,xtdata.get_stock_list_in_sector
2026-07-07,2026-07-07 09:29:54,ETF股票型,765,159146.SZ,SZ,xtdata.get_stock_list_in_sector
2026-07-07,2026-07-07 09:29:54,ETF股票型,766,159147.SZ,SZ,xtdata.get_stock_list_in_sector
2026-07-07,2026-07-07 09:29:54,ETF股票型,767,159148.SZ,SZ,xtdata.get_stock_list_in_sector
2026-07-07,2026-07-07 09:29:54,ETF股票型,768,159149.SZ,SZ,xtdata.get_stock_list_in_sector
2026-07-07,2026-07-07 09:29:54,ETF股票型,769,159150.SZ,SZ,xtdata.get_stock_list_in_sector
2026-07-07,2026-07-07 09:29:54,ETF股票型,770,159151.SZ,SZ,xtdata.get_stock_list_in_sector
2026-07-07,2026-07-07 09:29:54,ETF股票型,771,159153.SZ,SZ,xtdata.get_stock_list_in_sector
2026-07-07,2026-07-07 09:29:54,ETF股票型,772,159155.SZ,SZ,xtdata.get_stock_list_in_sector
2026-07-07,2026-07-07 09:29:54,ETF股票型,773,159156.SZ,SZ,xtdata.get_stock_list_in_sector
2026-07-07,2026-07-07 09:29:54,ETF股票型,774,159157.SZ,SZ,xtdata.get_stock_list_in_sector
2026-07-07,2026-07-07 09:29:54,ETF股票型,775,159158.SZ,SZ,xtdata.get_stock_list_in_sector
2026-07-07,2026-07-07 09:29:54,ETF股票型,776,159159.SZ,SZ,xtdata.get_stock_list_in_sector
2026-07-07,2026-07-07 09:29:54,ETF股票型,777,159160.SZ,SZ,xtdata.get_stock_list_in_sector
2026-07-07,2026-07-07 09:29:54,ETF股票型,778,159162.SZ,SZ,xtdata.get_stock_list_in_sector
2026-07-07,2026-07-07 09:29:54,ETF股票型,779,159163.SZ,SZ,xtdata.get_stock_list_in_sector
2026-07-07,2026-07-07 09:29:54,ETF股票型,780,159165.SZ,SZ,xtdata.get_stock_list_in_sector
2026-07-07,2026-07-07 09:29:54,ETF股票型,781,159166.SZ,SZ,xtdata.get_stock_list_in_sector
2026-07-07,2026-07-07 09:29:54,ETF股票型,782,159168.SZ,SZ,xtdata.get_stock_list_in_sector
2026-07-07,2026-07-07 09:29:54,ETF股票型,783,159171.SZ,SZ,xtdata.get_stock_list_in_sector
2026-07-07,2026-07-07 09:29:54,ETF股票型,784,159172.SZ,SZ,xtdata.get_stock_list_in_sector
2026-07-07,2026-07-07 09:29:54,ETF股票型,785,159173.SZ,SZ,xtdata.get_stock_list_in_sector
2026-07-07,2026-07-07 09:29:54,ETF股票型,786,159175.SZ,SZ,xtdata.get_stock_list_in_sector
2026-07-07,2026-07-07 09:29:54,ETF股票型,787,159176.SZ,SZ,xtdata.get_stock_list_in_sector
2026-07-07,2026-07-07 09:29:54,ETF股票型,788,159177.SZ,SZ,xtdata.get_stock_list_in_sector
2026-07-07,2026-07-07 09:29:54,ETF股票型,789,159178.SZ,SZ,xtdata.get_stock_list_in_sector
2026-07-07,2026-07-07 09:29:54,ETF股票型,790,159180.SZ,SZ,xtdata.get_stock_list_in_sector
2026-07-07,2026-07-07 09:29:54,ETF股票型,791,159181.SZ,SZ,xtdata.get_stock_list_in_sector
2026-07-07,2026-07-07 09:29:54,ETF股票型,792,159182.SZ,SZ,xtdata.get_stock_list_in_sector
2026-07-07,2026-07-07 09:29:54,ETF股票型,793,159183.SZ,SZ,xtdata.get_stock_list_in_sector
2026-07-07,2026-07-07 09:29:54,ETF股票型,794,159187.SZ,SZ,xtdata.get_stock_list_in_sector
2026-07-07,2026-07-07 09:29:54,ETF股票型,795,159188.SZ,SZ,xtdata.get_stock_list_in_sector
2026-07-07,2026-07-07 09:29:54,ETF股票型,796,159189.SZ,SZ,xtdata.get_stock_list_in_sector
2026-07-07,2026-07-07 09:29:54,ETF股票型,797,159190.SZ,SZ,xtdata.get_stock_list_in_sector
2026-07-07,2026-07-07 09:29:54,ETF股票型,798,159192.SZ,SZ,xtdata.get_stock_list_in_sector
2026-07-07,2026-07-07 09:29:54,ETF股票型,799,159193.SZ,SZ,xtdata.get_stock_list_in_sector
2026-07-07,2026-07-07 09:29:54,ETF股票型,800,159195.SZ,SZ,xtdata.get_stock_list_in_sector
2026-07-07,2026-07-07 09:29:54,ETF股票型,801,159197.SZ,SZ,xtdata.get_stock_list_in_sector
2026-07-07,2026-07-07 09:29:54,ETF股票型,802,159199.SZ,SZ,xtdata.get_stock_list_in_sector
2026-07-07,2026-07-07 09:29:54,ETF股票型,803,159201.SZ,SZ,xtdata.get_stock_list_in_sector
2026-07-07,2026-07-07 09:29:54,ETF股票型,804,159203.SZ,SZ,xtdata.get_stock_list_in_sector
2026-07-07,2026-07-07 09:29:54,ETF股票型,805,159205.SZ,SZ,xtdata.get_stock_list_in_sector
2026-07-07,2026-07-07 09:29:54,ETF股票型,806,159206.SZ,SZ,xtdata.get_stock_list_in_sector
2026-07-07,2026-07-07 09:29:54,ETF股票型,807,159207.SZ,SZ,xtdata.get_stock_list_in_sector
2026-07-07,2026-07-07 09:29:54,ETF股票型,808,159208.SZ,SZ,xtdata.get_stock_list_in_sector
2026-07-07,2026-07-07 09:29:54,ETF股票型,809,159209.SZ,SZ,xtdata.get_stock_list_in_sector
2026-07-07,2026-07-07 09:29:54,ETF股票型,810,159211.SZ,SZ,xtdata.get_stock_list_in_sector
2026-07-07,2026-07-07 09:29:54,ETF股票型,811,159212.SZ,SZ,xtdata.get_stock_list_in_sector
2026-07-07,2026-07-07 09:29:54,ETF股票型,812,159213.SZ,SZ,xtdata.get_stock_list_in_sector
2026-07-07,2026-07-07 09:29:54,ETF股票型,813,159215.SZ,SZ,xtdata.get_stock_list_in_sector
2026-07-07,2026-07-07 09:29:54,ETF股票型,814,159216.SZ,SZ,xtdata.get_stock_list_in_sector
2026-07-07,2026-07-07 09:29:54,ETF股票型,815,159218.SZ,SZ,xtdata.get_stock_list_in_sector
2026-07-07,2026-07-07 09:29:54,ETF股票型,816,159219.SZ,SZ,xtdata.get_stock_list_in_sector
2026-07-07,2026-07-07 09:29:54,ETF股票型,817,159221.SZ,SZ,xtdata.get_stock_list_in_sector
2026-07-07,2026-07-07 09:29:54,ETF股票型,818,159222.SZ,SZ,xtdata.get_stock_list_in_sector
2026-07-07,2026-07-07 09:29:54,ETF股票型,819,159223.SZ,SZ,xtdata.get_stock_list_in_sector
2026-07-07,2026-07-07 09:29:54,ETF股票型,820,159225.SZ,SZ,xtdata.get_stock_list_in_sector
2026-07-07,2026-07-07 09:29:54,ETF股票型,821,159226.SZ,SZ,xtdata.get_stock_list_in_sector
2026-07-07,2026-07-07 09:29:54,ETF股票型,822,159227.SZ,SZ,xtdata.get_stock_list_in_sector
2026-07-07,2026-07-07 09:29:54,ETF股票型,823,159228.SZ,SZ,xtdata.get_stock_list_in_sector
2026-07-07,2026-07-07 09:29:54,ETF股票型,824,159229.SZ,SZ,xtdata.get_stock_list_in_sector
2026-07-07,2026-07-07 09:29:54,ETF股票型,825,159230.SZ,SZ,xtdata.get_stock_list_in_sector
2026-07-07,2026-07-07 09:29:54,ETF股票型,826,159231.SZ,SZ,xtdata.get_stock_list_in_sector
2026-07-07,2026-07-07 09:29:54,ETF股票型,827,159232.SZ,SZ,xtdata.get_stock_list_in_sector
2026-07-07,2026-07-07 09:29:54,ETF股票型,828,159233.SZ,SZ,xtdata.get_stock_list_in_sector
2026-07-07,2026-07-07 09:29:54,ETF股票型,829,159235.SZ,SZ,xtdata.get_stock_list_in_sector
2026-07-07,2026-07-07 09:29:54,ETF股票型,830,159236.SZ,SZ,xtdata.get_stock_list_in_sector
2026-07-07,2026-07-07 09:29:54,ETF股票型,831,159238.SZ,SZ,xtdata.get_stock_list_in_sector
2026-07-07,2026-07-07 09:29:54,ETF股票型,832,159240.SZ,SZ,xtdata.get_stock_list_in_sector
2026-07-07,2026-07-07 09:29:54,ETF股票型,833,159241.SZ,SZ,xtdata.get_stock_list_in_sector
2026-07-07,2026-07-07 09:29:54,ETF股票型,834,159242.SZ,SZ,xtdata.get_stock_list_in_sector
2026-07-07,2026-07-07 09:29:54,ETF股票型,835,159243.SZ,SZ,xtdata.get_stock_list_in_sector
2026-07-07,2026-07-07 09:29:54,ETF股票型,836,159246.SZ,SZ,xtdata.get_stock_list_in_sector
2026-07-07,2026-07-07 09:29:54,ETF股票型,837,159247.SZ,SZ,xtdata.get_stock_list_in_sector
2026-07-07,2026-07-07 09:29:54,ETF股票型,838,159248.SZ,SZ,xtdata.get_stock_list_in_sector
2026-07-07,2026-07-07 09:29:54,ETF股票型,839,159249.SZ,SZ,xtdata.get_stock_list_in_sector
2026-07-07,2026-07-07 09:29:54,ETF股票型,840,159253.SZ,SZ,xtdata.get_stock_list_in_sector
2026-07-07,2026-07-07 09:29:54,ETF股票型,841,159255.SZ,SZ,xtdata.get_stock_list_in_sector
2026-07-07,2026-07-07 09:29:54,ETF股票型,842,159256.SZ,SZ,xtdata.get_stock_list_in_sector
2026-07-07,2026-07-07 09:29:54,ETF股票型,843,159257.SZ,SZ,xtdata.get_stock_list_in_sector
2026-07-07,2026-07-07 09:29:54,ETF股票型,844,159258.SZ,SZ,xtdata.get_stock_list_in_sector
2026-07-07,2026-07-07 09:29:54,ETF股票型,845,159259.SZ,SZ,xtdata.get_stock_list_in_sector
2026-07-07,2026-07-07 09:29:54,ETF股票型,846,159260.SZ,SZ,xtdata.get_stock_list_in_sector
2026-07-07,2026-07-07 09:29:54,ETF股票型,847,159261.SZ,SZ,xtdata.get_stock_list_in_sector
2026-07-07,2026-07-07 09:29:54,ETF股票型,848,159263.SZ,SZ,xtdata.get_stock_list_in_sector
2026-07-07,2026-07-07 09:29:54,ETF股票型,849,159267.SZ,SZ,xtdata.get_stock_list_in_sector
2026-07-07,2026-07-07 09:29:54,ETF股票型,850,159270.SZ,SZ,xtdata.get_stock_list_in_sector
2026-07-07,2026-07-07 09:29:54,ETF股票型,851,159272.SZ,SZ,xtdata.get_stock_list_in_sector
2026-07-07,2026-07-07 09:29:54,ETF股票型,852,159273.SZ,SZ,xtdata.get_stock_list_in_sector
2026-07-07,2026-07-07 09:29:54,ETF股票型,853,159275.SZ,SZ,xtdata.get_stock_list_in_sector
2026-07-07,2026-07-07 09:29:54,ETF股票型,854,159276.SZ,SZ,xtdata.get_stock_list_in_sector
2026-07-07,2026-07-07 09:29:54,ETF股票型,855,159278.SZ,SZ,xtdata.get_stock_list_in_sector
2026-07-07,2026-07-07 09:29:54,ETF股票型,856,159279.SZ,SZ,xtdata.get_stock_list_in_sector
2026-07-07,2026-07-07 09:29:54,ETF股票型,857,159283.SZ,SZ,xtdata.get_stock_list_in_sector
2026-07-07,2026-07-07 09:29:54,ETF股票型,858,159287.SZ,SZ,xtdata.get_stock_list_in_sector
2026-07-07,2026-07-07 09:29:54,ETF股票型,859,159288.SZ,SZ,xtdata.get_stock_list_in_sector
2026-07-07,2026-07-07 09:29:54,ETF股票型,860,159289.SZ,SZ,xtdata.get_stock_list_in_sector
2026-07-07,2026-07-07 09:29:54,ETF股票型,861,159290.SZ,SZ,xtdata.get_stock_list_in_sector
2026-07-07,2026-07-07 09:29:54,ETF股票型,862,159291.SZ,SZ,xtdata.get_stock_list_in_sector
2026-07-07,2026-07-07 09:29:54,ETF股票型,863,159292.SZ,SZ,xtdata.get_stock_list_in_sector
2026-07-07,2026-07-07 09:29:54,ETF股票型,864,159293.SZ,SZ,xtdata.get_stock_list_in_sector
2026-07-07,2026-07-07 09:29:54,ETF股票型,865,159295.SZ,SZ,xtdata.get_stock_list_in_sector
2026-07-07,2026-07-07 09:29:54,ETF股票型,866,159296.SZ,SZ,xtdata.get_stock_list_in_sector
2026-07-07,2026-07-07 09:29:54,ETF股票型,867,159298.SZ,SZ,xtdata.get_stock_list_in_sector
2026-07-07,2026-07-07 09:29:54,ETF股票型,868,159299.SZ,SZ,xtdata.get_stock_list_in_sector
2026-07-07,2026-07-07 09:29:54,ETF股票型,869,159300.SZ,SZ,xtdata.get_stock_list_in_sector
2026-07-07,2026-07-07 09:29:54,ETF股票型,870,159301.SZ,SZ,xtdata.get_stock_list_in_sector
2026-07-07,2026-07-07 09:29:54,ETF股票型,871,159305.SZ,SZ,xtdata.get_stock_list_in_sector
2026-07-07,2026-07-07 09:29:54,ETF股票型,872,159306.SZ,SZ,xtdata.get_stock_list_in_sector
2026-07-07,2026-07-07 09:29:54,ETF股票型,873,159307.SZ,SZ,xtdata.get_stock_list_in_sector
2026-07-07,2026-07-07 09:29:54,ETF股票型,874,159309.SZ,SZ,xtdata.get_stock_list_in_sector
2026-07-07,2026-07-07 09:29:54,ETF股票型,875,159310.SZ,SZ,xtdata.get_stock_list_in_sector
2026-07-07,2026-07-07 09:29:54,ETF股票型,876,159311.SZ,SZ,xtdata.get_stock_list_in_sector
2026-07-07,2026-07-07 09:29:54,ETF股票型,877,159315.SZ,SZ,xtdata.get_stock_list_in_sector
2026-07-07,2026-07-07 09:29:54,ETF股票型,878,159320.SZ,SZ,xtdata.get_stock_list_in_sector
2026-07-07,2026-07-07 09:29:54,ETF股票型,879,159321.SZ,SZ,xtdata.get_stock_list_in_sector
2026-07-07,2026-07-07 09:29:54,ETF股票型,880,159322.SZ,SZ,xtdata.get_stock_list_in_sector
2026-07-07,2026-07-07 09:29:54,ETF股票型,881,159325.SZ,SZ,xtdata.get_stock_list_in_sector
2026-07-07,2026-07-07 09:29:54,ETF股票型,882,159326.SZ,SZ,xtdata.get_stock_list_in_sector
2026-07-07,2026-07-07 09:29:54,ETF股票型,883,159327.SZ,SZ,xtdata.get_stock_list_in_sector
2026-07-07,2026-07-07 09:29:54,ETF股票型,884,159328.SZ,SZ,xtdata.get_stock_list_in_sector
2026-07-07,2026-07-07 09:29:54,ETF股票型,885,159330.SZ,SZ,xtdata.get_stock_list_in_sector
2026-07-07,2026-07-07 09:29:54,ETF股票型,886,159332.SZ,SZ,xtdata.get_stock_list_in_sector
2026-07-07,2026-07-07 09:29:54,ETF股票型,887,159335.SZ,SZ,xtdata.get_stock_list_in_sector
2026-07-07,2026-07-07 09:29:54,ETF股票型,888,159336.SZ,SZ,xtdata.get_stock_list_in_sector
2026-07-07,2026-07-07 09:29:54,ETF股票型,889,159337.SZ,SZ,xtdata.get_stock_list_in_sector
2026-07-07,2026-07-07 09:29:54,ETF股票型,890,159338.SZ,SZ,xtdata.get_stock_list_in_sector
2026-07-07,2026-07-07 09:29:54,ETF股票型,891,159339.SZ,SZ,xtdata.get_stock_list_in_sector
2026-07-07,2026-07-07 09:29:54,ETF股票型,892,159350.SZ,SZ,xtdata.get_stock_list_in_sector
2026-07-07,2026-07-07 09:29:54,ETF股票型,893,159351.SZ,SZ,xtdata.get_stock_list_in_sector
2026-07-07,2026-07-07 09:29:54,ETF股票型,894,159352.SZ,SZ,xtdata.get_stock_list_in_sector
2026-07-07,2026-07-07 09:29:54,ETF股票型,895,159353.SZ,SZ,xtdata.get_stock_list_in_sector
2026-07-07,2026-07-07 09:29:54,ETF股票型,896,159355.SZ,SZ,xtdata.get_stock_list_in_sector
2026-07-07,2026-07-07 09:29:54,ETF股票型,897,159356.SZ,SZ,xtdata.get_stock_list_in_sector
2026-07-07,2026-07-07 09:29:54,ETF股票型,898,159357.SZ,SZ,xtdata.get_stock_list_in_sector
2026-07-07,2026-07-07 09:29:54,ETF股票型,899,159358.SZ,SZ,xtdata.get_stock_list_in_sector
2026-07-07,2026-07-07 09:29:54,ETF股票型,900,159359.SZ,SZ,xtdata.get_stock_list_in_sector
2026-07-07,2026-07-07 09:29:54,ETF股票型,901,159360.SZ,SZ,xtdata.get_stock_list_in_sector
2026-07-07,2026-07-07 09:29:54,ETF股票型,902,159361.SZ,SZ,xtdata.get_stock_list_in_sector
2026-07-07,2026-07-07 09:29:54,ETF股票型,903,159362.SZ,SZ,xtdata.get_stock_list_in_sector
2026-07-07,2026-07-07 09:29:54,ETF股票型,904,159363.SZ,SZ,xtdata.get_stock_list_in_sector
2026-07-07,2026-07-07 09:29:54,ETF股票型,905,159367.SZ,SZ,xtdata.get_stock_list_in_sector
2026-07-07,2026-07-07 09:29:54,ETF股票型,906,159368.SZ,SZ,xtdata.get_stock_list_in_sector
2026-07-07,2026-07-07 09:29:54,ETF股票型,907,159369.SZ,SZ,xtdata.get_stock_list_in_sector
2026-07-07,2026-07-07 09:29:54,ETF股票型,908,159370.SZ,SZ,xtdata.get_stock_list_in_sector
2026-07-07,2026-07-07 09:29:54,ETF股票型,909,159371.SZ,SZ,xtdata.get_stock_list_in_sector
2026-07-07,2026-07-07 09:29:54,ETF股票型,910,159372.SZ,SZ,xtdata.get_stock_list_in_sector
2026-07-07,2026-07-07 09:29:54,ETF股票型,911,159373.SZ,SZ,xtdata.get_stock_list_in_sector
2026-07-07,2026-07-07 09:29:54,ETF股票型,912,159375.SZ,SZ,xtdata.get_stock_list_in_sector
2026-07-07,2026-07-07 09:29:54,ETF股票型,913,159376.SZ,SZ,xtdata.get_stock_list_in_sector
2026-07-07,2026-07-07 09:29:54,ETF股票型,914,159377.SZ,SZ,xtdata.get_stock_list_in_sector
2026-07-07,2026-07-07 09:29:54,ETF股票型,915,159378.SZ,SZ,xtdata.get_stock_list_in_sector
2026-07-07,2026-07-07 09:29:54,ETF股票型,916,159379.SZ,SZ,xtdata.get_stock_list_in_sector
2026-07-07,2026-07-07 09:29:54,ETF股票型,917,159380.SZ,SZ,xtdata.get_stock_list_in_sector
2026-07-07,2026-07-07 09:29:54,ETF股票型,918,159381.SZ,SZ,xtdata.get_stock_list_in_sector
2026-07-07,2026-07-07 09:29:54,ETF股票型,919,159382.SZ,SZ,xtdata.get_stock_list_in_sector
2026-07-07,2026-07-07 09:29:54,ETF股票型,920,159383.SZ,SZ,xtdata.get_stock_list_in_sector
2026-07-07,2026-07-07 09:29:54,ETF股票型,921,159385.SZ,SZ,xtdata.get_stock_list_in_sector
2026-07-07,2026-07-07 09:29:54,ETF股票型,922,159386.SZ,SZ,xtdata.get_stock_list_in_sector
2026-07-07,2026-07-07 09:29:54,ETF股票型,923,159387.SZ,SZ,xtdata.get_stock_list_in_sector
2026-07-07,2026-07-07 09:29:54,ETF股票型,924,159388.SZ,SZ,xtdata.get_stock_list_in_sector
2026-07-07,2026-07-07 09:29:54,ETF股票型,925,159389.SZ,SZ,xtdata.get_stock_list_in_sector
2026-07-07,2026-07-07 09:29:54,ETF股票型,926,159390.SZ,SZ,xtdata.get_stock_list_in_sector
2026-07-07,2026-07-07 09:29:54,ETF股票型,927,159391.SZ,SZ,xtdata.get_stock_list_in_sector
2026-07-07,2026-07-07 09:29:54,ETF股票型,928,159392.SZ,SZ,xtdata.get_stock_list_in_sector
2026-07-07,2026-07-07 09:29:54,ETF股票型,929,159393.SZ,SZ,xtdata.get_stock_list_in_sector
2026-07-07,2026-07-07 09:29:54,ETF股票型,930,159399.SZ,SZ,xtdata.get_stock_list_in_sector
2026-07-07,2026-07-07 09:29:54,ETF股票型,931,159500.SZ,SZ,xtdata.get_stock_list_in_sector
2026-07-07,2026-07-07 09:29:54,ETF股票型,932,159505.SZ,SZ,xtdata.get_stock_list_in_sector
2026-07-07,2026-07-07 09:29:54,ETF股票型,933,159507.SZ,SZ,xtdata.get_stock_list_in_sector
2026-07-07,2026-07-07 09:29:54,ETF股票型,934,159508.SZ,SZ,xtdata.get_stock_list_in_sector
2026-07-07,2026-07-07 09:29:54,ETF股票型,935,159510.SZ,SZ,xtdata.get_stock_list_in_sector
2026-07-07,2026-07-07 09:29:54,ETF股票型,936,159511.SZ,SZ,xtdata.get_stock_list_in_sector
2026-07-07,2026-07-07 09:29:54,ETF股票型,937,159512.SZ,SZ,xtdata.get_stock_list_in_sector
2026-07-07,2026-07-07 09:29:54,ETF股票型,938,159515.SZ,SZ,xtdata.get_stock_list_in_sector
2026-07-07,2026-07-07 09:29:54,ETF股票型,939,159516.SZ,SZ,xtdata.get_stock_list_in_sector
2026-07-07,2026-07-07 09:29:54,ETF股票型,940,159517.SZ,SZ,xtdata.get_stock_list_in_sector
2026-07-07,2026-07-07 09:29:54,ETF股票型,941,159520.SZ,SZ,xtdata.get_stock_list_in_sector
2026-07-07,2026-07-07 09:29:54,ETF股票型,942,159521.SZ,SZ,xtdata.get_stock_list_in_sector
2026-07-07,2026-07-07 09:29:54,ETF股票型,943,159523.SZ,SZ,xtdata.get_stock_list_in_sector
2026-07-07,2026-07-07 09:29:54,ETF股票型,944,159525.SZ,SZ,xtdata.get_stock_list_in_sector
2026-07-07,2026-07-07 09:29:54,ETF股票型,945,159526.SZ,SZ,xtdata.get_stock_list_in_sector
2026-07-07,2026-07-07 09:29:54,ETF股票型,946,159527.SZ,SZ,xtdata.get_stock_list_in_sector
2026-07-07,2026-07-07 09:29:54,ETF股票型,947,159528.SZ,SZ,xtdata.get_stock_list_in_sector
2026-07-07,2026-07-07 09:29:54,ETF股票型,948,159530.SZ,SZ,xtdata.get_stock_list_in_sector
2026-07-07,2026-07-07 09:29:54,ETF股票型,949,159531.SZ,SZ,xtdata.get_stock_list_in_sector
2026-07-07,2026-07-07 09:29:54,ETF股票型,950,159532.SZ,SZ,xtdata.get_stock_list_in_sector
2026-07-07,2026-07-07 09:29:54,ETF股票型,951,159533.SZ,SZ,xtdata.get_stock_list_in_sector
2026-07-07,2026-07-07 09:29:54,ETF股票型,952,159535.SZ,SZ,xtdata.get_stock_list_in_sector
2026-07-07,2026-07-07 09:29:54,ETF股票型,953,159536.SZ,SZ,xtdata.get_stock_list_in_sector
2026-07-07,2026-07-07 09:29:54,ETF股票型,954,159537.SZ,SZ,xtdata.get_stock_list_in_sector
2026-07-07,2026-07-07 09:29:54,ETF股票型,955,159538.SZ,SZ,xtdata.get_stock_list_in_sector
2026-07-07,2026-07-07 09:29:54,ETF股票型,956,159539.SZ,SZ,xtdata.get_stock_list_in_sector
2026-07-07,2026-07-07 09:29:54,ETF股票型,957,159540.SZ,SZ,xtdata.get_stock_list_in_sector
2026-07-07,2026-07-07 09:29:54,ETF股票型,958,159541.SZ,SZ,xtdata.get_stock_list_in_sector
2026-07-07,2026-07-07 09:29:54,ETF股票型,959,159542.SZ,SZ,xtdata.get_stock_list_in_sector
2026-07-07,2026-07-07 09:29:54,ETF股票型,960,159543.SZ,SZ,xtdata.get_stock_list_in_sector
2026-07-07,2026-07-07 09:29:54,ETF股票型,961,159546.SZ,SZ,xtdata.get_stock_list_in_sector
2026-07-07,2026-07-07 09:29:54,ETF股票型,962,159547.SZ,SZ,xtdata.get_stock_list_in_sector
2026-07-07,2026-07-07 09:29:54,ETF股票型,963,159549.SZ,SZ,xtdata.get_stock_list_in_sector
2026-07-07,2026-07-07 09:29:54,ETF股票型,964,159550.SZ,SZ,xtdata.get_stock_list_in_sector
2026-07-07,2026-07-07 09:29:54,ETF股票型,965,159551.SZ,SZ,xtdata.get_stock_list_in_sector
2026-07-07,2026-07-07 09:29:54,ETF股票型,966,159552.SZ,SZ,xtdata.get_stock_list_in_sector
2026-07-07,2026-07-07 09:29:54,ETF股票型,967,159553.SZ,SZ,xtdata.get_stock_list_in_sector
2026-07-07,2026-07-07 09:29:54,ETF股票型,968,159555.SZ,SZ,xtdata.get_stock_list_in_sector
2026-07-07,2026-07-07 09:29:54,ETF股票型,969,159556.SZ,SZ,xtdata.get_stock_list_in_sector
2026-07-07,2026-07-07 09:29:54,ETF股票型,970,159558.SZ,SZ,xtdata.get_stock_list_in_sector
2026-07-07,2026-07-07 09:29:54,ETF股票型,971,159559.SZ,SZ,xtdata.get_stock_list_in_sector
2026-07-07,2026-07-07 09:29:54,ETF股票型,972,159560.SZ,SZ,xtdata.get_stock_list_in_sector
2026-07-07,2026-07-07 09:29:54,ETF股票型,973,159562.SZ,SZ,xtdata.get_stock_list_in_sector
2026-07-07,2026-07-07 09:29:54,ETF股票型,974,159563.SZ,SZ,xtdata.get_stock_list_in_sector
2026-07-07,2026-07-07 09:29:54,ETF股票型,975,159565.SZ,SZ,xtdata.get_stock_list_in_sector
2026-07-07,2026-07-07 09:29:54,ETF股票型,976,159566.SZ,SZ,xtdata.get_stock_list_in_sector
2026-07-07,2026-07-07 09:29:54,ETF股票型,977,159571.SZ,SZ,xtdata.get_stock_list_in_sector
2026-07-07,2026-07-07 09:29:54,ETF股票型,978,159572.SZ,SZ,xtdata.get_stock_list_in_sector
2026-07-07,2026-07-07 09:29:54,ETF股票型,979,159573.SZ,SZ,xtdata.get_stock_list_in_sector
2026-07-07,2026-07-07 09:29:54,ETF股票型,980,159575.SZ,SZ,xtdata.get_stock_list_in_sector
2026-07-07,2026-07-07 09:29:54,ETF股票型,981,159576.SZ,SZ,xtdata.get_stock_list_in_sector
2026-07-07,2026-07-07 09:29:54,ETF股票型,982,159578.SZ,SZ,xtdata.get_stock_list_in_sector
2026-07-07,2026-07-07 09:29:54,ETF股票型,983,159581.SZ,SZ,xtdata.get_stock_list_in_sector
2026-07-07,2026-07-07 09:29:54,ETF股票型,984,159582.SZ,SZ,xtdata.get_stock_list_in_sector
2026-07-07,2026-07-07 09:29:54,ETF股票型,985,159583.SZ,SZ,xtdata.get_stock_list_in_sector
2026-07-07,2026-07-07 09:29:54,ETF股票型,986,159586.SZ,SZ,xtdata.get_stock_list_in_sector
2026-07-07,2026-07-07 09:29:54,ETF股票型,987,159587.SZ,SZ,xtdata.get_stock_list_in_sector
2026-07-07,2026-07-07 09:29:54,ETF股票型,988,159588.SZ,SZ,xtdata.get_stock_list_in_sector
2026-07-07,2026-07-07 09:29:54,ETF股票型,989,159589.SZ,SZ,xtdata.get_stock_list_in_sector
2026-07-07,2026-07-07 09:29:54,ETF股票型,990,159590.SZ,SZ,xtdata.get_stock_list_in_sector
2026-07-07,2026-07-07 09:29:54,ETF股票型,991,159591.SZ,SZ,xtdata.get_stock_list_in_sector
2026-07-07,2026-07-07 09:29:54,ETF股票型,992,159592.SZ,SZ,xtdata.get_stock_list_in_sector
2026-07-07,2026-07-07 09:29:54,ETF股票型,993,159593.SZ,SZ,xtdata.get_stock_list_in_sector
2026-07-07,2026-07-07 09:29:54,ETF股票型,994,159595.SZ,SZ,xtdata.get_stock_list_in_sector
2026-07-07,2026-07-07 09:29:54,ETF股票型,995,159596.SZ,SZ,xtdata.get_stock_list_in_sector
2026-07-07,2026-07-07 09:29:54,ETF股票型,996,159597.SZ,SZ,xtdata.get_stock_list_in_sector
2026-07-07,2026-07-07 09:29:54,ETF股票型,997,159599.SZ,SZ,xtdata.get_stock_list_in_sector
2026-07-07,2026-07-07 09:29:54,ETF股票型,998,159601.SZ,SZ,xtdata.get_stock_list_in_sector
2026-07-07,2026-07-07 09:29:54,ETF股票型,999,159602.SZ,SZ,xtdata.get_stock_list_in_sector
2026-07-07,2026-07-07 09:29:54,ETF股票型,1000,159603.SZ,SZ,xtdata.get_stock_list_in_sector
2026-07-07,2026-07-07 09:29:54,ETF股票型,1001,159606.SZ,SZ,xtdata.get_stock_list_in_sector
2026-07-07,2026-07-07 09:29:54,ETF股票型,1002,159608.SZ,SZ,xtdata.get_stock_list_in_sector
2026-07-07,2026-07-07 09:29:54,ETF股票型,1003,159609.SZ,SZ,xtdata.get_stock_list_in_sector
2026-07-07,2026-07-07 09:29:54,ETF股票型,1004,159610.SZ,SZ,xtdata.get_stock_list_in_sector
2026-07-07,2026-07-07 09:29:54,ETF股票型,1005,159611.SZ,SZ,xtdata.get_stock_list_in_sector
2026-07-07,2026-07-07 09:29:54,ETF股票型,1006,159613.SZ,SZ,xtdata.get_stock_list_in_sector
2026-07-07,2026-07-07 09:29:54,ETF股票型,1007,159616.SZ,SZ,xtdata.get_stock_list_in_sector
2026-07-07,2026-07-07 09:29:54,ETF股票型,1008,159617.SZ,SZ,xtdata.get_stock_list_in_sector
2026-07-07,2026-07-07 09:29:54,ETF股票型,1009,159618.SZ,SZ,xtdata.get_stock_list_in_sector
2026-07-07,2026-07-07 09:29:54,ETF股票型,1010,159619.SZ,SZ,xtdata.get_stock_list_in_sector
2026-07-07,2026-07-07 09:29:54,ETF股票型,1011,159620.SZ,SZ,xtdata.get_stock_list_in_sector
2026-07-07,2026-07-07 09:29:54,ETF股票型,1012,159621.SZ,SZ,xtdata.get_stock_list_in_sector
2026-07-07,2026-07-07 09:29:54,ETF股票型,1013,159622.SZ,SZ,xtdata.get_stock_list_in_sector
2026-07-07,2026-07-07 09:29:54,ETF股票型,1014,159623.SZ,SZ,xtdata.get_stock_list_in_sector
2026-07-07,2026-07-07 09:29:54,ETF股票型,1015,159625.SZ,SZ,xtdata.get_stock_list_in_sector
2026-07-07,2026-07-07 09:29:54,ETF股票型,1016,159627.SZ,SZ,xtdata.get_stock_list_in_sector
2026-07-07,2026-07-07 09:29:54,ETF股票型,1017,159628.SZ,SZ,xtdata.get_stock_list_in_sector
2026-07-07,2026-07-07 09:29:54,ETF股票型,1018,159629.SZ,SZ,xtdata.get_stock_list_in_sector
2026-07-07,2026-07-07 09:29:54,ETF股票型,1019,159630.SZ,SZ,xtdata.get_stock_list_in_sector
2026-07-07,2026-07-07 09:29:54,ETF股票型,1020,159631.SZ,SZ,xtdata.get_stock_list_in_sector
2026-07-07,2026-07-07 09:29:54,ETF股票型,1021,159633.SZ,SZ,xtdata.get_stock_list_in_sector
2026-07-07,2026-07-07 09:29:54,ETF股票型,1022,159635.SZ,SZ,xtdata.get_stock_list_in_sector
2026-07-07,2026-07-07 09:29:54,ETF股票型,1023,159637.SZ,SZ,xtdata.get_stock_list_in_sector
2026-07-07,2026-07-07 09:29:54,ETF股票型,1024,159638.SZ,SZ,xtdata.get_stock_list_in_sector
2026-07-07,2026-07-07 09:29:54,ETF股票型,1025,159639.SZ,SZ,xtdata.get_stock_list_in_sector
2026-07-07,2026-07-07 09:29:54,ETF股票型,1026,159640.SZ,SZ,xtdata.get_stock_list_in_sector
2026-07-07,2026-07-07 09:29:54,ETF股票型,1027,159641.SZ,SZ,xtdata.get_stock_list_in_sector
2026-07-07,2026-07-07 09:29:54,ETF股票型,1028,159642.SZ,SZ,xtdata.get_stock_list_in_sector
2026-07-07,2026-07-07 09:29:54,ETF股票型,1029,159643.SZ,SZ,xtdata.get_stock_list_in_sector
2026-07-07,2026-07-07 09:29:54,ETF股票型,1030,159645.SZ,SZ,xtdata.get_stock_list_in_sector
2026-07-07,2026-07-07 09:29:54,ETF股票型,1031,159647.SZ,SZ,xtdata.get_stock_list_in_sector
2026-07-07,2026-07-07 09:29:54,ETF股票型,1032,159652.SZ,SZ,xtdata.get_stock_list_in_sector
2026-07-07,2026-07-07 09:29:54,ETF股票型,1033,159653.SZ,SZ,xtdata.get_stock_list_in_sector
2026-07-07,2026-07-07 09:29:54,ETF股票型,1034,159656.SZ,SZ,xtdata.get_stock_list_in_sector
2026-07-07,2026-07-07 09:29:54,ETF股票型,1035,159657.SZ,SZ,xtdata.get_stock_list_in_sector
2026-07-07,2026-07-07 09:29:54,ETF股票型,1036,159658.SZ,SZ,xtdata.get_stock_list_in_sector
2026-07-07,2026-07-07 09:29:54,ETF股票型,1037,159661.SZ,SZ,xtdata.get_stock_list_in_sector
2026-07-07,2026-07-07 09:29:54,ETF股票型,1038,159662.SZ,SZ,xtdata.get_stock_list_in_sector
2026-07-07,2026-07-07 09:29:54,ETF股票型,1039,159663.SZ,SZ,xtdata.get_stock_list_in_sector
2026-07-07,2026-07-07 09:29:54,ETF股票型,1040,159665.SZ,SZ,xtdata.get_stock_list_in_sector
2026-07-07,2026-07-07 09:29:54,ETF股票型,1041,159666.SZ,SZ,xtdata.get_stock_list_in_sector
2026-07-07,2026-07-07 09:29:54,ETF股票型,1042,159667.SZ,SZ,xtdata.get_stock_list_in_sector
2026-07-07,2026-07-07 09:29:54,ETF股票型,1043,159669.SZ,SZ,xtdata.get_stock_list_in_sector
2026-07-07,2026-07-07 09:29:54,ETF股票型,1044,159670.SZ,SZ,xtdata.get_stock_list_in_sector
2026-07-07,2026-07-07 09:29:54,ETF股票型,1045,159671.SZ,SZ,xtdata.get_stock_list_in_sector
2026-07-07,2026-07-07 09:29:54,ETF股票型,1046,159672.SZ,SZ,xtdata.get_stock_list_in_sector
2026-07-07,2026-07-07 09:29:54,ETF股票型,1047,159673.SZ,SZ,xtdata.get_stock_list_in_sector
2026-07-07,2026-07-07 09:29:54,ETF股票型,1048,159675.SZ,SZ,xtdata.get_stock_list_in_sector
2026-07-07,2026-07-07 09:29:54,ETF股票型,1049,159676.SZ,SZ,xtdata.get_stock_list_in_sector
2026-07-07,2026-07-07 09:29:54,ETF股票型,1050,159677.SZ,SZ,xtdata.get_stock_list_in_sector
2026-07-07,2026-07-07 09:29:54,ETF股票型,1051,159678.SZ,SZ,xtdata.get_stock_list_in_sector
2026-07-07,2026-07-07 09:29:54,ETF股票型,1052,159679.SZ,SZ,xtdata.get_stock_list_in_sector
2026-07-07,2026-07-07 09:29:54,ETF股票型,1053,159680.SZ,SZ,xtdata.get_stock_list_in_sector
2026-07-07,2026-07-07 09:29:54,ETF股票型,1054,159681.SZ,SZ,xtdata.get_stock_list_in_sector
2026-07-07,2026-07-07 09:29:54,ETF股票型,1055,159682.SZ,SZ,xtdata.get_stock_list_in_sector
2026-07-07,2026-07-07 09:29:54,ETF股票型,1056,159685.SZ,SZ,xtdata.get_stock_list_in_sector
2026-07-07,2026-07-07 09:29:54,ETF股票型,1057,159686.SZ,SZ,xtdata.get_stock_list_in_sector
2026-07-07,2026-07-07 09:29:54,ETF股票型,1058,159689.SZ,SZ,xtdata.get_stock_list_in_sector
2026-07-07,2026-07-07 09:29:54,ETF股票型,1059,159690.SZ,SZ,xtdata.get_stock_list_in_sector
2026-07-07,2026-07-07 09:29:54,ETF股票型,1060,159692.SZ,SZ,xtdata.get_stock_list_in_sector
2026-07-07,2026-07-07 09:29:54,ETF股票型,1061,159695.SZ,SZ,xtdata.get_stock_list_in_sector
2026-07-07,2026-07-07 09:29:54,ETF股票型,1062,159697.SZ,SZ,xtdata.get_stock_list_in_sector
2026-07-07,2026-07-07 09:29:54,ETF股票型,1063,159698.SZ,SZ,xtdata.get_stock_list_in_sector
2026-07-07,2026-07-07 09:29:54,ETF股票型,1064,159701.SZ,SZ,xtdata.get_stock_list_in_sector
2026-07-07,2026-07-07 09:29:54,ETF股票型,1065,159703.SZ,SZ,xtdata.get_stock_list_in_sector
2026-07-07,2026-07-07 09:29:54,ETF股票型,1066,159706.SZ,SZ,xtdata.get_stock_list_in_sector
2026-07-07,2026-07-07 09:29:54,ETF股票型,1067,159707.SZ,SZ,xtdata.get_stock_list_in_sector
2026-07-07,2026-07-07 09:29:54,ETF股票型,1068,159708.SZ,SZ,xtdata.get_stock_list_in_sector
2026-07-07,2026-07-07 09:29:54,ETF股票型,1069,159709.SZ,SZ,xtdata.get_stock_list_in_sector
2026-07-07,2026-07-07 09:29:54,ETF股票型,1070,159713.SZ,SZ,xtdata.get_stock_list_in_sector
2026-07-07,2026-07-07 09:29:54,ETF股票型,1071,159715.SZ,SZ,xtdata.get_stock_list_in_sector
2026-07-07,2026-07-07 09:29:54,ETF股票型,1072,159716.SZ,SZ,xtdata.get_stock_list_in_sector
2026-07-07,2026-07-07 09:29:54,ETF股票型,1073,159717.SZ,SZ,xtdata.get_stock_list_in_sector
2026-07-07,2026-07-07 09:29:54,ETF股票型,1074,159719.SZ,SZ,xtdata.get_stock_list_in_sector
2026-07-07,2026-07-07 09:29:54,ETF股票型,1075,159720.SZ,SZ,xtdata.get_stock_list_in_sector
2026-07-07,2026-07-07 09:29:54,ETF股票型,1076,159721.SZ,SZ,xtdata.get_stock_list_in_sector
2026-07-07,2026-07-07 09:29:54,ETF股票型,1077,159723.SZ,SZ,xtdata.get_stock_list_in_sector
2026-07-07,2026-07-07 09:29:54,ETF股票型,1078,159725.SZ,SZ,xtdata.get_stock_list_in_sector
2026-07-07,2026-07-07 09:29:54,ETF股票型,1079,159728.SZ,SZ,xtdata.get_stock_list_in_sector
2026-07-07,2026-07-07 09:29:54,ETF股票型,1080,159729.SZ,SZ,xtdata.get_stock_list_in_sector
2026-07-07,2026-07-07 09:29:54,ETF股票型,1081,159730.SZ,SZ,xtdata.get_stock_list_in_sector
2026-07-07,2026-07-07 09:29:54,ETF股票型,1082,159731.SZ,SZ,xtdata.get_stock_list_in_sector
2026-07-07,2026-07-07 09:29:54,ETF股票型,1083,159732.SZ,SZ,xtdata.get_stock_list_in_sector
2026-07-07,2026-07-07 09:29:54,ETF股票型,1084,159736.SZ,SZ,xtdata.get_stock_list_in_sector
2026-07-07,2026-07-07 09:29:54,ETF股票型,1085,159738.SZ,SZ,xtdata.get_stock_list_in_sector
2026-07-07,2026-07-07 09:29:54,ETF股票型,1086,159739.SZ,SZ,xtdata.get_stock_list_in_sector
2026-07-07,2026-07-07 09:29:54,ETF股票型,1087,159743.SZ,SZ,xtdata.get_stock_list_in_sector
2026-07-07,2026-07-07 09:29:54,ETF股票型,1088,159745.SZ,SZ,xtdata.get_stock_list_in_sector
2026-07-07,2026-07-07 09:29:54,ETF股票型,1089,159748.SZ,SZ,xtdata.get_stock_list_in_sector
2026-07-07,2026-07-07 09:29:54,ETF股票型,1090,159752.SZ,SZ,xtdata.get_stock_list_in_sector
2026-07-07,2026-07-07 09:29:54,ETF股票型,1091,159755.SZ,SZ,xtdata.get_stock_list_in_sector
2026-07-07,2026-07-07 09:29:54,ETF股票型,1092,159757.SZ,SZ,xtdata.get_stock_list_in_sector
2026-07-07,2026-07-07 09:29:54,ETF股票型,1093,159758.SZ,SZ,xtdata.get_stock_list_in_sector
2026-07-07,2026-07-07 09:29:54,ETF股票型,1094,159760.SZ,SZ,xtdata.get_stock_list_in_sector
2026-07-07,2026-07-07 09:29:54,ETF股票型,1095,159761.SZ,SZ,xtdata.get_stock_list_in_sector
2026-07-07,2026-07-07 09:29:54,ETF股票型,1096,159763.SZ,SZ,xtdata.get_stock_list_in_sector
2026-07-07,2026-07-07 09:29:54,ETF股票型,1097,159766.SZ,SZ,xtdata.get_stock_list_in_sector
2026-07-07,2026-07-07 09:29:54,ETF股票型,1098,159767.SZ,SZ,xtdata.get_stock_list_in_sector
2026-07-07,2026-07-07 09:29:54,ETF股票型,1099,159768.SZ,SZ,xtdata.get_stock_list_in_sector
2026-07-07,2026-07-07 09:29:54,ETF股票型,1100,159770.SZ,SZ,xtdata.get_stock_list_in_sector
2026-07-07,2026-07-07 09:29:54,ETF股票型,1101,159773.SZ,SZ,xtdata.get_stock_list_in_sector
2026-07-07,2026-07-07 09:29:54,ETF股票型,1102,159775.SZ,SZ,xtdata.get_stock_list_in_sector
2026-07-07,2026-07-07 09:29:54,ETF股票型,1103,159777.SZ,SZ,xtdata.get_stock_list_in_sector
2026-07-07,2026-07-07 09:29:54,ETF股票型,1104,159778.SZ,SZ,xtdata.get_stock_list_in_sector
2026-07-07,2026-07-07 09:29:54,ETF股票型,1105,159779.SZ,SZ,xtdata.get_stock_list_in_sector
2026-07-07,2026-07-07 09:29:54,ETF股票型,1106,159780.SZ,SZ,xtdata.get_stock_list_in_sector
2026-07-07,2026-07-07 09:29:54,ETF股票型,1107,159781.SZ,SZ,xtdata.get_stock_list_in_sector
2026-07-07,2026-07-07 09:29:54,ETF股票型,1108,159782.SZ,SZ,xtdata.get_stock_list_in_sector
2026-07-07,2026-07-07 09:29:54,ETF股票型,1109,159783.SZ,SZ,xtdata.get_stock_list_in_sector
2026-07-07,2026-07-07 09:29:54,ETF股票型,1110,159786.SZ,SZ,xtdata.get_stock_list_in_sector
2026-07-07,2026-07-07 09:29:54,ETF股票型,1111,159787.SZ,SZ,xtdata.get_stock_list_in_sector
2026-07-07,2026-07-07 09:29:54,ETF股票型,1112,159790.SZ,SZ,xtdata.get_stock_list_in_sector
2026-07-07,2026-07-07 09:29:54,ETF股票型,1113,159791.SZ,SZ,xtdata.get_stock_list_in_sector
2026-07-07,2026-07-07 09:29:54,ETF股票型,1114,159793.SZ,SZ,xtdata.get_stock_list_in_sector
2026-07-07,2026-07-07 09:29:54,ETF股票型,1115,159795.SZ,SZ,xtdata.get_stock_list_in_sector
2026-07-07,2026-07-07 09:29:54,ETF股票型,1116,159796.SZ,SZ,xtdata.get_stock_list_in_sector
2026-07-07,2026-07-07 09:29:54,ETF股票型,1117,159797.SZ,SZ,xtdata.get_stock_list_in_sector
2026-07-07,2026-07-07 09:29:54,ETF股票型,1118,159798.SZ,SZ,xtdata.get_stock_list_in_sector
2026-07-07,2026-07-07 09:29:54,ETF股票型,1119,159800.SZ,SZ,xtdata.get_stock_list_in_sector
2026-07-07,2026-07-07 09:29:54,ETF股票型,1120,159801.SZ,SZ,xtdata.get_stock_list_in_sector
2026-07-07,2026-07-07 09:29:54,ETF股票型,1121,159804.SZ,SZ,xtdata.get_stock_list_in_sector
2026-07-07,2026-07-07 09:29:54,ETF股票型,1122,159805.SZ,SZ,xtdata.get_stock_list_in_sector
2026-07-07,2026-07-07 09:29:54,ETF股票型,1123,159806.SZ,SZ,xtdata.get_stock_list_in_sector
2026-07-07,2026-07-07 09:29:54,ETF股票型,1124,159807.SZ,SZ,xtdata.get_stock_list_in_sector
2026-07-07,2026-07-07 09:29:54,ETF股票型,1125,159808.SZ,SZ,xtdata.get_stock_list_in_sector
2026-07-07,2026-07-07 09:29:54,ETF股票型,1126,159810.SZ,SZ,xtdata.get_stock_list_in_sector
2026-07-07,2026-07-07 09:29:54,ETF股票型,1127,159811.SZ,SZ,xtdata.get_stock_list_in_sector
2026-07-07,2026-07-07 09:29:54,ETF股票型,1128,159813.SZ,SZ,xtdata.get_stock_list_in_sector
2026-07-07,2026-07-07 09:29:54,ETF股票型,1129,159814.SZ,SZ,xtdata.get_stock_list_in_sector
2026-07-07,2026-07-07 09:29:54,ETF股票型,1130,159819.SZ,SZ,xtdata.get_stock_list_in_sector
2026-07-07,2026-07-07 09:29:54,ETF股票型,1131,159820.SZ,SZ,xtdata.get_stock_list_in_sector
2026-07-07,2026-07-07 09:29:54,ETF股票型,1132,159821.SZ,SZ,xtdata.get_stock_list_in_sector
2026-07-07,2026-07-07 09:29:54,ETF股票型,1133,159824.SZ,SZ,xtdata.get_stock_list_in_sector
2026-07-07,2026-07-07 09:29:54,ETF股票型,1134,159825.SZ,SZ,xtdata.get_stock_list_in_sector
2026-07-07,2026-07-07 09:29:54,ETF股票型,1135,159827.SZ,SZ,xtdata.get_stock_list_in_sector
2026-07-07,2026-07-07 09:29:54,ETF股票型,1136,159828.SZ,SZ,xtdata.get_stock_list_in_sector
2026-07-07,2026-07-07 09:29:54,ETF股票型,1137,159835.SZ,SZ,xtdata.get_stock_list_in_sector
2026-07-07,2026-07-07 09:29:54,ETF股票型,1138,159836.SZ,SZ,xtdata.get_stock_list_in_sector
2026-07-07,2026-07-07 09:29:54,ETF股票型,1139,159837.SZ,SZ,xtdata.get_stock_list_in_sector
2026-07-07,2026-07-07 09:29:54,ETF股票型,1140,159838.SZ,SZ,xtdata.get_stock_list_in_sector
2026-07-07,2026-07-07 09:29:54,ETF股票型,1141,159839.SZ,SZ,xtdata.get_stock_list_in_sector
2026-07-07,2026-07-07 09:29:54,ETF股票型,1142,159840.SZ,SZ,xtdata.get_stock_list_in_sector
2026-07-07,2026-07-07 09:29:54,ETF股票型,1143,159841.SZ,SZ,xtdata.get_stock_list_in_sector
2026-07-07,2026-07-07 09:29:54,ETF股票型,1144,159842.SZ,SZ,xtdata.get_stock_list_in_sector
2026-07-07,2026-07-07 09:29:54,ETF股票型,1145,159843.SZ,SZ,xtdata.get_stock_list_in_sector
2026-07-07,2026-07-07 09:29:54,ETF股票型,1146,159845.SZ,SZ,xtdata.get_stock_list_in_sector
2026-07-07,2026-07-07 09:29:54,ETF股票型,1147,159847.SZ,SZ,xtdata.get_stock_list_in_sector
2026-07-07,2026-07-07 09:29:54,ETF股票型,1148,159848.SZ,SZ,xtdata.get_stock_list_in_sector
2026-07-07,2026-07-07 09:29:54,ETF股票型,1149,159849.SZ,SZ,xtdata.get_stock_list_in_sector
2026-07-07,2026-07-07 09:29:54,ETF股票型,1150,159851.SZ,SZ,xtdata.get_stock_list_in_sector
2026-07-07,2026-07-07 09:29:54,ETF股票型,1151,159852.SZ,SZ,xtdata.get_stock_list_in_sector
2026-07-07,2026-07-07 09:29:54,ETF股票型,1152,159855.SZ,SZ,xtdata.get_stock_list_in_sector
2026-07-07,2026-07-07 09:29:54,ETF股票型,1153,159856.SZ,SZ,xtdata.get_stock_list_in_sector
2026-07-07,2026-07-07 09:29:54,ETF股票型,1154,159857.SZ,SZ,xtdata.get_stock_list_in_sector
2026-07-07,2026-07-07 09:29:54,ETF股票型,1155,159858.SZ,SZ,xtdata.get_stock_list_in_sector
2026-07-07,2026-07-07 09:29:54,ETF股票型,1156,159859.SZ,SZ,xtdata.get_stock_list_in_sector
2026-07-07,2026-07-07 09:29:54,ETF股票型,1157,159861.SZ,SZ,xtdata.get_stock_list_in_sector
2026-07-07,2026-07-07 09:29:54,ETF股票型,1158,159862.SZ,SZ,xtdata.get_stock_list_in_sector
2026-07-07,2026-07-07 09:29:54,ETF股票型,1159,159863.SZ,SZ,xtdata.get_stock_list_in_sector
2026-07-07,2026-07-07 09:29:54,ETF股票型,1160,159864.SZ,SZ,xtdata.get_stock_list_in_sector
2026-07-07,2026-07-07 09:29:54,ETF股票型,1161,159865.SZ,SZ,xtdata.get_stock_list_in_sector
2026-07-07,2026-07-07 09:29:54,ETF股票型,1162,159867.SZ,SZ,xtdata.get_stock_list_in_sector
2026-07-07,2026-07-07 09:29:54,ETF股票型,1163,159869.SZ,SZ,xtdata.get_stock_list_in_sector
2026-07-07,2026-07-07 09:29:54,ETF股票型,1164,159870.SZ,SZ,xtdata.get_stock_list_in_sector
2026-07-07,2026-07-07 09:29:54,ETF股票型,1165,159871.SZ,SZ,xtdata.get_stock_list_in_sector
2026-07-07,2026-07-07 09:29:54,ETF股票型,1166,159872.SZ,SZ,xtdata.get_stock_list_in_sector
2026-07-07,2026-07-07 09:29:54,ETF股票型,1167,159873.SZ,SZ,xtdata.get_stock_list_in_sector
2026-07-07,2026-07-07 09:29:54,ETF股票型,1168,159875.SZ,SZ,xtdata.get_stock_list_in_sector
2026-07-07,2026-07-07 09:29:54,ETF股票型,1169,159876.SZ,SZ,xtdata.get_stock_list_in_sector
2026-07-07,2026-07-07 09:29:54,ETF股票型,1170,159877.SZ,SZ,xtdata.get_stock_list_in_sector
2026-07-07,2026-07-07 09:29:54,ETF股票型,1171,159880.SZ,SZ,xtdata.get_stock_list_in_sector
2026-07-07,2026-07-07 09:29:54,ETF股票型,1172,159881.SZ,SZ,xtdata.get_stock_list_in_sector
2026-07-07,2026-07-07 09:29:54,ETF股票型,1173,159883.SZ,SZ,xtdata.get_stock_list_in_sector
2026-07-07,2026-07-07 09:29:54,ETF股票型,1174,159885.SZ,SZ,xtdata.get_stock_list_in_sector
2026-07-07,2026-07-07 09:29:54,ETF股票型,1175,159886.SZ,SZ,xtdata.get_stock_list_in_sector
2026-07-07,2026-07-07 09:29:54,ETF股票型,1176,159887.SZ,SZ,xtdata.get_stock_list_in_sector
2026-07-07,2026-07-07 09:29:54,ETF股票型,1177,159888.SZ,SZ,xtdata.get_stock_list_in_sector
2026-07-07,2026-07-07 09:29:54,ETF股票型,1178,159889.SZ,SZ,xtdata.get_stock_list_in_sector
2026-07-07,2026-07-07 09:29:54,ETF股票型,1179,159890.SZ,SZ,xtdata.get_stock_list_in_sector
2026-07-07,2026-07-07 09:29:54,ETF股票型,1180,159891.SZ,SZ,xtdata.get_stock_list_in_sector
2026-07-07,2026-07-07 09:29:54,ETF股票型,1181,159895.SZ,SZ,xtdata.get_stock_list_in_sector
2026-07-07,2026-07-07 09:29:54,ETF股票型,1182,159896.SZ,SZ,xtdata.get_stock_list_in_sector
2026-07-07,2026-07-07 09:29:54,ETF股票型,1183,159898.SZ,SZ,xtdata.get_stock_list_in_sector
2026-07-07,2026-07-07 09:29:54,ETF股票型,1184,159899.SZ,SZ,xtdata.get_stock_list_in_sector
2026-07-07,2026-07-07 09:29:54,ETF股票型,1185,159901.SZ,SZ,xtdata.get_stock_list_in_sector
2026-07-07,2026-07-07 09:29:54,ETF股票型,1186,159902.SZ,SZ,xtdata.get_stock_list_in_sector
2026-07-07,2026-07-07 09:29:54,ETF股票型,1187,159903.SZ,SZ,xtdata.get_stock_list_in_sector
2026-07-07,2026-07-07 09:29:54,ETF股票型,1188,159905.SZ,SZ,xtdata.get_stock_list_in_sector
2026-07-07,2026-07-07 09:29:54,ETF股票型,1189,159906.SZ,SZ,xtdata.get_stock_list_in_sector
2026-07-07,2026-07-07 09:29:54,ETF股票型,1190,159907.SZ,SZ,xtdata.get_stock_list_in_sector
2026-07-07,2026-07-07 09:29:54,ETF股票型,1191,159908.SZ,SZ,xtdata.get_stock_list_in_sector
2026-07-07,2026-07-07 09:29:54,ETF股票型,1192,159909.SZ,SZ,xtdata.get_stock_list_in_sector
2026-07-07,2026-07-07 09:29:54,ETF股票型,1193,159910.SZ,SZ,xtdata.get_stock_list_in_sector
2026-07-07,2026-07-07 09:29:54,ETF股票型,1194,159912.SZ,SZ,xtdata.get_stock_list_in_sector
2026-07-07,2026-07-07 09:29:54,ETF股票型,1195,159913.SZ,SZ,xtdata.get_stock_list_in_sector
2026-07-07,2026-07-07 09:29:54,ETF股票型,1196,159915.SZ,SZ,xtdata.get_stock_list_in_sector
2026-07-07,2026-07-07 09:29:54,ETF股票型,1197,159916.SZ,SZ,xtdata.get_stock_list_in_sector
2026-07-07,2026-07-07 09:29:54,ETF股票型,1198,159918.SZ,SZ,xtdata.get_stock_list_in_sector
2026-07-07,2026-07-07 09:29:54,ETF股票型,1199,159919.SZ,SZ,xtdata.get_stock_list_in_sector
2026-07-07,2026-07-07 09:29:54,ETF股票型,1200,159922.SZ,SZ,xtdata.get_stock_list_in_sector
2026-07-07,2026-07-07 09:29:54,ETF股票型,1201,159923.SZ,SZ,xtdata.get_stock_list_in_sector
2026-07-07,2026-07-07 09:29:54,ETF股票型,1202,159925.SZ,SZ,xtdata.get_stock_list_in_sector
2026-07-07,2026-07-07 09:29:54,ETF股票型,1203,159928.SZ,SZ,xtdata.get_stock_list_in_sector
2026-07-07,2026-07-07 09:29:54,ETF股票型,1204,159929.SZ,SZ,xtdata.get_stock_list_in_sector
2026-07-07,2026-07-07 09:29:54,ETF股票型,1205,159930.SZ,SZ,xtdata.get_stock_list_in_sector
2026-07-07,2026-07-07 09:29:54,ETF股票型,1206,159931.SZ,SZ,xtdata.get_stock_list_in_sector
2026-07-07,2026-07-07 09:29:54,ETF股票型,1207,159933.SZ,SZ,xtdata.get_stock_list_in_sector
2026-07-07,2026-07-07 09:29:54,ETF股票型,1208,159935.SZ,SZ,xtdata.get_stock_list_in_sector
2026-07-07,2026-07-07 09:29:54,ETF股票型,1209,159936.SZ,SZ,xtdata.get_stock_list_in_sector
2026-07-07,2026-07-07 09:29:54,ETF股票型,1210,159938.SZ,SZ,xtdata.get_stock_list_in_sector
2026-07-07,2026-07-07 09:29:54,ETF股票型,1211,159939.SZ,SZ,xtdata.get_stock_list_in_sector
2026-07-07,2026-07-07 09:29:54,ETF股票型,1212,159940.SZ,SZ,xtdata.get_stock_list_in_sector
2026-07-07,2026-07-07 09:29:54,ETF股票型,1213,159943.SZ,SZ,xtdata.get_stock_list_in_sector
2026-07-07,2026-07-07 09:29:54,ETF股票型,1214,159944.SZ,SZ,xtdata.get_stock_list_in_sector
2026-07-07,2026-07-07 09:29:54,ETF股票型,1215,159945.SZ,SZ,xtdata.get_stock_list_in_sector
2026-07-07,2026-07-07 09:29:54,ETF股票型,1216,159948.SZ,SZ,xtdata.get_stock_list_in_sector
2026-07-07,2026-07-07 09:29:54,ETF股票型,1217,159949.SZ,SZ,xtdata.get_stock_list_in_sector
2026-07-07,2026-07-07 09:29:54,ETF股票型,1218,159952.SZ,SZ,xtdata.get_stock_list_in_sector
2026-07-07,2026-07-07 09:29:54,ETF股票型,1219,159956.SZ,SZ,xtdata.get_stock_list_in_sector
2026-07-07,2026-07-07 09:29:54,ETF股票型,1220,159957.SZ,SZ,xtdata.get_stock_list_in_sector
2026-07-07,2026-07-07 09:29:54,ETF股票型,1221,159958.SZ,SZ,xtdata.get_stock_list_in_sector
2026-07-07,2026-07-07 09:29:54,ETF股票型,1222,159959.SZ,SZ,xtdata.get_stock_list_in_sector
2026-07-07,2026-07-07 09:29:54,ETF股票型,1223,159961.SZ,SZ,xtdata.get_stock_list_in_sector
2026-07-07,2026-07-07 09:29:54,ETF股票型,1224,159964.SZ,SZ,xtdata.get_stock_list_in_sector
2026-07-07,2026-07-07 09:29:54,ETF股票型,1225,159965.SZ,SZ,xtdata.get_stock_list_in_sector
2026-07-07,2026-07-07 09:29:54,ETF股票型,1226,159966.SZ,SZ,xtdata.get_stock_list_in_sector
2026-07-07,2026-07-07 09:29:54,ETF股票型,1227,159967.SZ,SZ,xtdata.get_stock_list_in_sector
2026-07-07,2026-07-07 09:29:54,ETF股票型,1228,159968.SZ,SZ,xtdata.get_stock_list_in_sector
2026-07-07,2026-07-07 09:29:54,ETF股票型,1229,159970.SZ,SZ,xtdata.get_stock_list_in_sector
2026-07-07,2026-07-07 09:29:54,ETF股票型,1230,159971.SZ,SZ,xtdata.get_stock_list_in_sector
2026-07-07,2026-07-07 09:29:54,ETF股票型,1231,159973.SZ,SZ,xtdata.get_stock_list_in_sector
2026-07-07,2026-07-07 09:29:54,ETF股票型,1232,159974.SZ,SZ,xtdata.get_stock_list_in_sector
2026-07-07,2026-07-07 09:29:54,ETF股票型,1233,159975.SZ,SZ,xtdata.get_stock_list_in_sector
2026-07-07,2026-07-07 09:29:54,ETF股票型,1234,159976.SZ,SZ,xtdata.get_stock_list_in_sector
2026-07-07,2026-07-07 09:29:54,ETF股票型,1235,159977.SZ,SZ,xtdata.get_stock_list_in_sector
2026-07-07,2026-07-07 09:29:54,ETF股票型,1236,159982.SZ,SZ,xtdata.get_stock_list_in_sector
2026-07-07,2026-07-07 09:29:54,ETF股票型,1237,159991.SZ,SZ,xtdata.get_stock_list_in_sector
2026-07-07,2026-07-07 09:29:54,ETF股票型,1238,159992.SZ,SZ,xtdata.get_stock_list_in_sector
2026-07-07,2026-07-07 09:29:54,ETF股票型,1239,159993.SZ,SZ,xtdata.get_stock_list_in_sector
2026-07-07,2026-07-07 09:29:54,ETF股票型,1240,159994.SZ,SZ,xtdata.get_stock_list_in_sector
2026-07-07,2026-07-07 09:29:54,ETF股票型,1241,159995.SZ,SZ,xtdata.get_stock_list_in_sector
2026-07-07,2026-07-07 09:29:54,ETF股票型,1242,159996.SZ,SZ,xtdata.get_stock_list_in_sector
2026-07-07,2026-07-07 09:29:54,ETF股票型,1243,159997.SZ,SZ,xtdata.get_stock_list_in_sector
2026-07-07,2026-07-07 09:29:54,ETF股票型,1244,159998.SZ,SZ,xtdata.get_stock_list_in_sector
2026-07-07,2026-07-07 09:29:54,ETF行业指数,1,510200.SH,SH,xtdata.get_stock_list_in_sector
2026-07-07,2026-07-07 09:29:54,ETF行业指数,2,510230.SH,SH,xtdata.get_stock_list_in_sector
2026-07-07,2026-07-07 09:29:54,ETF行业指数,3,510630.SH,SH,xtdata.get_stock_list_in_sector
2026-07-07,2026-07-07 09:29:54,ETF行业指数,4,510650.SH,SH,xtdata.get_stock_list_in_sector
2026-07-07,2026-07-07 09:29:54,ETF行业指数,5,510660.SH,SH,xtdata.get_stock_list_in_sector
2026-07-07,2026-07-07 09:29:54,ETF行业指数,6,512000.SH,SH,xtdata.get_stock_list_in_sector
2026-07-07,2026-07-07 09:29:54,ETF行业指数,7,512010.SH,SH,xtdata.get_stock_list_in_sector
2026-07-07,2026-07-07 09:29:54,ETF行业指数,8,512200.SH,SH,xtdata.get_stock_list_in_sector
2026-07-07,2026-07-07 09:29:54,ETF行业指数,9,512330.SH,SH,xtdata.get_stock_list_in_sector
2026-07-07,2026-07-07 09:29:54,ETF行业指数,10,512480.SH,SH,xtdata.get_stock_list_in_sector
2026-07-07,2026-07-07 09:29:54,ETF行业指数,11,512570.SH,SH,xtdata.get_stock_list_in_sector
2026-07-07,2026-07-07 09:29:54,ETF行业指数,12,512600.SH,SH,xtdata.get_stock_list_in_sector
2026-07-07,2026-07-07 09:29:54,ETF行业指数,13,512610.SH,SH,xtdata.get_stock_list_in_sector
2026-07-07,2026-07-07 09:29:54,ETF行业指数,14,512640.SH,SH,xtdata.get_stock_list_in_sector
2026-07-07,2026-07-07 09:29:54,ETF行业指数,15,512700.SH,SH,xtdata.get_stock_list_in_sector
2026-07-07,2026-07-07 09:29:54,ETF行业指数,16,512730.SH,SH,xtdata.get_stock_list_in_sector
2026-07-07,2026-07-07 09:29:54,ETF行业指数,17,512800.SH,SH,xtdata.get_stock_list_in_sector
2026-07-07,2026-07-07 09:29:54,ETF行业指数,18,512820.SH,SH,xtdata.get_stock_list_in_sector
2026-07-07,2026-07-07 09:29:54,ETF行业指数,19,512880.SH,SH,xtdata.get_stock_list_in_sector
2026-07-07,2026-07-07 09:29:54,ETF行业指数,20,512900.SH,SH,xtdata.get_stock_list_in_sector
2026-07-07,2026-07-07 09:29:54,ETF行业指数,21,515010.SH,SH,xtdata.get_stock_list_in_sector
2026-07-07,2026-07-07 09:29:54,ETF行业指数,22,515020.SH,SH,xtdata.get_stock_list_in_sector
2026-07-07,2026-07-07 09:29:54,ETF行业指数,23,515060.SH,SH,xtdata.get_stock_list_in_sector
2026-07-07,2026-07-07 09:29:54,ETF行业指数,24,515210.SH,SH,xtdata.get_stock_list_in_sector
2026-07-07,2026-07-07 09:29:54,ETF行业指数,25,515220.SH,SH,xtdata.get_stock_list_in_sector
2026-07-07,2026-07-07 09:29:54,ETF行业指数,26,515230.SH,SH,xtdata.get_stock_list_in_sector
2026-07-07,2026-07-07 09:29:54,ETF行业指数,27,515280.SH,SH,xtdata.get_stock_list_in_sector
2026-07-07,2026-07-07 09:29:54,ETF行业指数,28,515290.SH,SH,xtdata.get_stock_list_in_sector
2026-07-07,2026-07-07 09:29:54,ETF行业指数,29,515560.SH,SH,xtdata.get_stock_list_in_sector
2026-07-07,2026-07-07 09:29:54,ETF行业指数,30,515850.SH,SH,xtdata.get_stock_list_in_sector
2026-07-07,2026-07-07 09:29:54,ETF行业指数,31,515880.SH,SH,xtdata.get_stock_list_in_sector
2026-07-07,2026-07-07 09:29:54,ETF行业指数,32,516110.SH,SH,xtdata.get_stock_list_in_sector
2026-07-07,2026-07-07 09:29:54,ETF行业指数,33,516200.SH,SH,xtdata.get_stock_list_in_sector
2026-07-07,2026-07-07 09:29:54,ETF行业指数,34,516210.SH,SH,xtdata.get_stock_list_in_sector
2026-07-07,2026-07-07 09:29:54,ETF行业指数,35,516310.SH,SH,xtdata.get_stock_list_in_sector
2026-07-07,2026-07-07 09:29:54,ETF行业指数,36,516610.SH,SH,xtdata.get_stock_list_in_sector
2026-07-07,2026-07-07 09:29:54,ETF行业指数,37,516750.SH,SH,xtdata.get_stock_list_in_sector
2026-07-07,2026-07-07 09:29:54,ETF行业指数,38,516790.SH,SH,xtdata.get_stock_list_in_sector
2026-07-07,2026-07-07 09:29:54,ETF行业指数,39,516970.SH,SH,xtdata.get_stock_list_in_sector
2026-07-07,2026-07-07 09:29:54,ETF行业指数,40,159611.SZ,SZ,xtdata.get_stock_list_in_sector
2026-07-07,2026-07-07 09:29:54,ETF行业指数,41,159707.SZ,SZ,xtdata.get_stock_list_in_sector
2026-07-07,2026-07-07 09:29:54,ETF行业指数,42,159730.SZ,SZ,xtdata.get_stock_list_in_sector
2026-07-07,2026-07-07 09:29:54,ETF行业指数,43,159732.SZ,SZ,xtdata.get_stock_list_in_sector
2026-07-07,2026-07-07 09:29:54,ETF行业指数,44,159745.SZ,SZ,xtdata.get_stock_list_in_sector
2026-07-07,2026-07-07 09:29:54,ETF行业指数,45,159760.SZ,SZ,xtdata.get_stock_list_in_sector
2026-07-07,2026-07-07 09:29:54,ETF行业指数,46,159789.SZ,SZ,xtdata.get_stock_list_in_sector
2026-07-07,2026-07-07 09:29:54,ETF行业指数,47,159801.SZ,SZ,xtdata.get_stock_list_in_sector
2026-07-07,2026-07-07 09:29:54,ETF行业指数,48,159813.SZ,SZ,xtdata.get_stock_list_in_sector
2026-07-07,2026-07-07 09:29:54,ETF行业指数,49,159841.SZ,SZ,xtdata.get_stock_list_in_sector
2026-07-07,2026-07-07 09:29:54,ETF行业指数,50,159842.SZ,SZ,xtdata.get_stock_list_in_sector
2026-07-07,2026-07-07 09:29:54,ETF行业指数,51,159848.SZ,SZ,xtdata.get_stock_list_in_sector
2026-07-07,2026-07-07 09:29:54,ETF行业指数,52,159873.SZ,SZ,xtdata.get_stock_list_in_sector
2026-07-07,2026-07-07 09:29:54,ETF行业指数,53,159877.SZ,SZ,xtdata.get_stock_list_in_sector
2026-07-07,2026-07-07 09:29:54,ETF行业指数,54,159883.SZ,SZ,xtdata.get_stock_list_in_sector
2026-07-07,2026-07-07 09:29:54,ETF行业指数,55,159887.SZ,SZ,xtdata.get_stock_list_in_sector
2026-07-07,2026-07-07 09:29:54,ETF行业指数,56,159891.SZ,SZ,xtdata.get_stock_list_in_sector
2026-07-07,2026-07-07 09:29:54,ETF行业指数,57,159898.SZ,SZ,xtdata.get_stock_list_in_sector
2026-07-07,2026-07-07 09:29:54,ETF行业指数,58,159899.SZ,SZ,xtdata.get_stock_list_in_sector
2026-07-07,2026-07-07 09:29:54,ETF行业指数,59,159928.SZ,SZ,xtdata.get_stock_list_in_sector
2026-07-07,2026-07-07 09:29:54,ETF行业指数,60,159929.SZ,SZ,xtdata.get_stock_list_in_sector
2026-07-07,2026-07-07 09:29:54,ETF行业指数,61,159930.SZ,SZ,xtdata.get_stock_list_in_sector
2026-07-07,2026-07-07 09:29:54,ETF行业指数,62,159931.SZ,SZ,xtdata.get_stock_list_in_sector
2026-07-07,2026-07-07 09:29:54,ETF行业指数,63,159933.SZ,SZ,xtdata.get_stock_list_in_sector
2026-07-07,2026-07-07 09:29:54,ETF行业指数,64,159936.SZ,SZ,xtdata.get_stock_list_in_sector
2026-07-07,2026-07-07 09:29:54,ETF行业指数,65,159938.SZ,SZ,xtdata.get_stock_list_in_sector
2026-07-07,2026-07-07 09:29:54,ETF行业指数,66,159939.SZ,SZ,xtdata.get_stock_list_in_sector
2026-07-07,2026-07-07 09:29:54,ETF行业指数,67,159940.SZ,SZ,xtdata.get_stock_list_in_sector
2026-07-07,2026-07-07 09:29:54,ETF行业指数,68,159944.SZ,SZ,xtdata.get_stock_list_in_sector
2026-07-07,2026-07-07 09:29:54,ETF行业指数,69,159945.SZ,SZ,xtdata.get_stock_list_in_sector
2026-07-07,2026-07-07 09:29:54,ETF行业指数,70,159993.SZ,SZ,xtdata.get_stock_list_in_sector
2026-07-07,2026-07-07 09:29:54,ETF行业指数,71,159995.SZ,SZ,xtdata.get_stock_list_in_sector
2026-07-07,2026-07-07 09:29:54,ETF行业指数,72,159996.SZ,SZ,xtdata.get_stock_list_in_sector
2026-07-07,2026-07-07 09:29:54,ETF主题指数,1,510010.SH,SH,xtdata.get_stock_list_in_sector
2026-07-07,2026-07-07 09:29:54,ETF主题指数,2,510060.SH,SH,xtdata.get_stock_list_in_sector
2026-07-07,2026-07-07 09:29:54,ETF主题指数,3,510090.SH,SH,xtdata.get_stock_list_in_sector
2026-07-07,2026-07-07 09:29:54,ETF主题指数,4,510110.SH,SH,xtdata.get_stock_list_in_sector
2026-07-07,2026-07-07 09:29:54,ETF主题指数,5,510120.SH,SH,xtdata.get_stock_list_in_sector
2026-07-07,2026-07-07 09:29:54,ETF主题指数,6,510150.SH,SH,xtdata.get_stock_list_in_sector
2026-07-07,2026-07-07 09:29:54,ETF主题指数,7,510160.SH,SH,xtdata.get_stock_list_in_sector
2026-07-07,2026-07-07 09:29:54,ETF主题指数,8,510170.SH,SH,xtdata.get_stock_list_in_sector
2026-07-07,2026-07-07 09:29:54,ETF主题指数,9,510190.SH,SH,xtdata.get_stock_list_in_sector
2026-07-07,2026-07-07 09:29:54,ETF主题指数,10,510270.SH,SH,xtdata.get_stock_list_in_sector
2026-07-07,2026-07-07 09:29:54,ETF主题指数,11,510410.SH,SH,xtdata.get_stock_list_in_sector
2026-07-07,2026-07-07 09:29:54,ETF主题指数,12,510440.SH,SH,xtdata.get_stock_list_in_sector
2026-07-07,2026-07-07 09:29:54,ETF主题指数,13,510770.SH,SH,xtdata.get_stock_list_in_sector
2026-07-07,2026-07-07 09:29:54,ETF主题指数,14,510810.SH,SH,xtdata.get_stock_list_in_sector
2026-07-07,2026-07-07 09:29:54,ETF主题指数,15,510880.SH,SH,xtdata.get_stock_list_in_sector
2026-07-07,2026-07-07 09:29:54,ETF主题指数,16,510990.SH,SH,xtdata.get_stock_list_in_sector
2026-07-07,2026-07-07 09:29:54,ETF主题指数,17,512070.SH,SH,xtdata.get_stock_list_in_sector
2026-07-07,2026-07-07 09:29:54,ETF主题指数,18,512120.SH,SH,xtdata.get_stock_list_in_sector
2026-07-07,2026-07-07 09:29:54,ETF主题指数,19,512170.SH,SH,xtdata.get_stock_list_in_sector
2026-07-07,2026-07-07 09:29:54,ETF主题指数,20,512220.SH,SH,xtdata.get_stock_list_in_sector
2026-07-07,2026-07-07 09:29:54,ETF主题指数,21,512290.SH,SH,xtdata.get_stock_list_in_sector
2026-07-07,2026-07-07 09:29:54,ETF主题指数,22,512390.SH,SH,xtdata.get_stock_list_in_sector
2026-07-07,2026-07-07 09:29:54,ETF主题指数,23,512400.SH,SH,xtdata.get_stock_list_in_sector
2026-07-07,2026-07-07 09:29:54,ETF主题指数,24,512530.SH,SH,xtdata.get_stock_list_in_sector
2026-07-07,2026-07-07 09:29:54,ETF主题指数,25,512560.SH,SH,xtdata.get_stock_list_in_sector
2026-07-07,2026-07-07 09:29:54,ETF主题指数,26,512580.SH,SH,xtdata.get_stock_list_in_sector
2026-07-07,2026-07-07 09:29:54,ETF主题指数,27,512590.SH,SH,xtdata.get_stock_list_in_sector
2026-07-07,2026-07-07 09:29:54,ETF主题指数,28,512650.SH,SH,xtdata.get_stock_list_in_sector
2026-07-07,2026-07-07 09:29:54,ETF主题指数,29,512660.SH,SH,xtdata.get_stock_list_in_sector
2026-07-07,2026-07-07 09:29:54,ETF主题指数,30,512670.SH,SH,xtdata.get_stock_list_in_sector
2026-07-07,2026-07-07 09:29:54,ETF主题指数,31,512680.SH,SH,xtdata.get_stock_list_in_sector
2026-07-07,2026-07-07 09:29:54,ETF主题指数,32,512690.SH,SH,xtdata.get_stock_list_in_sector
2026-07-07,2026-07-07 09:29:54,ETF主题指数,33,512710.SH,SH,xtdata.get_stock_list_in_sector
2026-07-07,2026-07-07 09:29:54,ETF主题指数,34,512720.SH,SH,xtdata.get_stock_list_in_sector
2026-07-07,2026-07-07 09:29:54,ETF主题指数,35,512760.SH,SH,xtdata.get_stock_list_in_sector
2026-07-07,2026-07-07 09:29:54,ETF主题指数,36,512770.SH,SH,xtdata.get_stock_list_in_sector
2026-07-07,2026-07-07 09:29:54,ETF主题指数,37,512780.SH,SH,xtdata.get_stock_list_in_sector
2026-07-07,2026-07-07 09:29:54,ETF主题指数,38,512810.SH,SH,xtdata.get_stock_list_in_sector
2026-07-07,2026-07-07 09:29:54,ETF主题指数,39,512870.SH,SH,xtdata.get_stock_list_in_sector
2026-07-07,2026-07-07 09:29:54,ETF主题指数,40,512930.SH,SH,xtdata.get_stock_list_in_sector
2026-07-07,2026-07-07 09:29:54,ETF主题指数,41,512950.SH,SH,xtdata.get_stock_list_in_sector
2026-07-07,2026-07-07 09:29:54,ETF主题指数,42,512960.SH,SH,xtdata.get_stock_list_in_sector
2026-07-07,2026-07-07 09:29:54,ETF主题指数,43,512970.SH,SH,xtdata.get_stock_list_in_sector
2026-07-07,2026-07-07 09:29:54,ETF主题指数,44,512980.SH,SH,xtdata.get_stock_list_in_sector
2026-07-07,2026-07-07 09:29:54,ETF主题指数,45,513020.SH,SH,xtdata.get_stock_list_in_sector
2026-07-07,2026-07-07 09:29:54,ETF主题指数,46,513150.SH,SH,xtdata.get_stock_list_in_sector
2026-07-07,2026-07-07 09:29:54,ETF主题指数,47,513230.SH,SH,xtdata.get_stock_list_in_sector
2026-07-07,2026-07-07 09:29:54,ETF主题指数,48,515000.SH,SH,xtdata.get_stock_list_in_sector
2026-07-07,2026-07-07 09:29:54,ETF主题指数,49,515030.SH,SH,xtdata.get_stock_list_in_sector
2026-07-07,2026-07-07 09:29:54,ETF主题指数,50,515050.SH,SH,xtdata.get_stock_list_in_sector
2026-07-07,2026-07-07 09:29:54,ETF主题指数,51,515070.SH,SH,xtdata.get_stock_list_in_sector
2026-07-07,2026-07-07 09:29:54,ETF主题指数,52,515080.SH,SH,xtdata.get_stock_list_in_sector
2026-07-07,2026-07-07 09:29:54,ETF主题指数,53,515090.SH,SH,xtdata.get_stock_list_in_sector
2026-07-07,2026-07-07 09:29:54,ETF主题指数,54,515110.SH,SH,xtdata.get_stock_list_in_sector
2026-07-07,2026-07-07 09:29:54,ETF主题指数,55,515120.SH,SH,xtdata.get_stock_list_in_sector
2026-07-07,2026-07-07 09:29:54,ETF主题指数,56,515150.SH,SH,xtdata.get_stock_list_in_sector
2026-07-07,2026-07-07 09:29:54,ETF主题指数,57,515170.SH,SH,xtdata.get_stock_list_in_sector
2026-07-07,2026-07-07 09:29:54,ETF主题指数,58,515180.SH,SH,xtdata.get_stock_list_in_sector
2026-07-07,2026-07-07 09:29:54,ETF主题指数,59,515200.SH,SH,xtdata.get_stock_list_in_sector
2026-07-07,2026-07-07 09:29:54,ETF主题指数,60,515250.SH,SH,xtdata.get_stock_list_in_sector
2026-07-07,2026-07-07 09:29:54,ETF主题指数,61,515260.SH,SH,xtdata.get_stock_list_in_sector
2026-07-07,2026-07-07 09:29:54,ETF主题指数,62,515320.SH,SH,xtdata.get_stock_list_in_sector
2026-07-07,2026-07-07 09:29:54,ETF主题指数,63,515400.SH,SH,xtdata.get_stock_list_in_sector
2026-07-07,2026-07-07 09:29:54,ETF主题指数,64,515500.SH,SH,xtdata.get_stock_list_in_sector
2026-07-07,2026-07-07 09:29:54,ETF主题指数,65,515570.SH,SH,xtdata.get_stock_list_in_sector
2026-07-07,2026-07-07 09:29:54,ETF主题指数,66,515580.SH,SH,xtdata.get_stock_list_in_sector
2026-07-07,2026-07-07 09:29:54,ETF主题指数,67,515600.SH,SH,xtdata.get_stock_list_in_sector
2026-07-07,2026-07-07 09:29:54,ETF主题指数,68,515630.SH,SH,xtdata.get_stock_list_in_sector
2026-07-07,2026-07-07 09:29:54,ETF主题指数,69,515650.SH,SH,xtdata.get_stock_list_in_sector
2026-07-07,2026-07-07 09:29:54,ETF主题指数,70,515680.SH,SH,xtdata.get_stock_list_in_sector
2026-07-07,2026-07-07 09:29:54,ETF主题指数,71,515690.SH,SH,xtdata.get_stock_list_in_sector
2026-07-07,2026-07-07 09:29:54,ETF主题指数,72,515700.SH,SH,xtdata.get_stock_list_in_sector
2026-07-07,2026-07-07 09:29:54,ETF主题指数,73,515710.SH,SH,xtdata.get_stock_list_in_sector
2026-07-07,2026-07-07 09:29:54,ETF主题指数,74,515750.SH,SH,xtdata.get_stock_list_in_sector
2026-07-07,2026-07-07 09:29:54,ETF主题指数,75,515760.SH,SH,xtdata.get_stock_list_in_sector
2026-07-07,2026-07-07 09:29:54,ETF主题指数,76,515790.SH,SH,xtdata.get_stock_list_in_sector
2026-07-07,2026-07-07 09:29:54,ETF主题指数,77,515890.SH,SH,xtdata.get_stock_list_in_sector
2026-07-07,2026-07-07 09:29:54,ETF主题指数,78,515900.SH,SH,xtdata.get_stock_list_in_sector
2026-07-07,2026-07-07 09:29:54,ETF主题指数,79,515920.SH,SH,xtdata.get_stock_list_in_sector
2026-07-07,2026-07-07 09:29:54,ETF主题指数,80,515950.SH,SH,xtdata.get_stock_list_in_sector
2026-07-07,2026-07-07 09:29:54,ETF主题指数,81,515980.SH,SH,xtdata.get_stock_list_in_sector
2026-07-07,2026-07-07 09:29:54,ETF主题指数,82,515990.SH,SH,xtdata.get_stock_list_in_sector
2026-07-07,2026-07-07 09:29:54,ETF主题指数,83,516000.SH,SH,xtdata.get_stock_list_in_sector
2026-07-07,2026-07-07 09:29:54,ETF主题指数,84,516010.SH,SH,xtdata.get_stock_list_in_sector
2026-07-07,2026-07-07 09:29:54,ETF主题指数,85,516020.SH,SH,xtdata.get_stock_list_in_sector
2026-07-07,2026-07-07 09:29:54,ETF主题指数,86,516050.SH,SH,xtdata.get_stock_list_in_sector
2026-07-07,2026-07-07 09:29:54,ETF主题指数,87,516060.SH,SH,xtdata.get_stock_list_in_sector
2026-07-07,2026-07-07 09:29:54,ETF主题指数,88,516070.SH,SH,xtdata.get_stock_list_in_sector
2026-07-07,2026-07-07 09:29:54,ETF主题指数,89,516080.SH,SH,xtdata.get_stock_list_in_sector
2026-07-07,2026-07-07 09:29:54,ETF主题指数,90,516090.SH,SH,xtdata.get_stock_list_in_sector
2026-07-07,2026-07-07 09:29:54,ETF主题指数,91,516100.SH,SH,xtdata.get_stock_list_in_sector
2026-07-07,2026-07-07 09:29:54,ETF主题指数,92,516120.SH,SH,xtdata.get_stock_list_in_sector
2026-07-07,2026-07-07 09:29:54,ETF主题指数,93,516130.SH,SH,xtdata.get_stock_list_in_sector
2026-07-07,2026-07-07 09:29:54,ETF主题指数,94,516150.SH,SH,xtdata.get_stock_list_in_sector
2026-07-07,2026-07-07 09:29:54,ETF主题指数,95,516160.SH,SH,xtdata.get_stock_list_in_sector
2026-07-07,2026-07-07 09:29:54,ETF主题指数,96,516180.SH,SH,xtdata.get_stock_list_in_sector
2026-07-07,2026-07-07 09:29:54,ETF主题指数,97,516190.SH,SH,xtdata.get_stock_list_in_sector
2026-07-07,2026-07-07 09:29:54,ETF主题指数,98,516220.SH,SH,xtdata.get_stock_list_in_sector
2026-07-07,2026-07-07 09:29:54,ETF主题指数,99,516260.SH,SH,xtdata.get_stock_list_in_sector
2026-07-07,2026-07-07 09:29:54,ETF主题指数,100,516270.SH,SH,xtdata.get_stock_list_in_sector
2026-07-07,2026-07-07 09:29:54,ETF主题指数,101,516290.SH,SH,xtdata.get_stock_list_in_sector
2026-07-07,2026-07-07 09:29:54,ETF主题指数,102,516320.SH,SH,xtdata.get_stock_list_in_sector
2026-07-07,2026-07-07 09:29:54,ETF主题指数,103,516330.SH,SH,xtdata.get_stock_list_in_sector
2026-07-07,2026-07-07 09:29:54,ETF主题指数,104,516350.SH,SH,xtdata.get_stock_list_in_sector
2026-07-07,2026-07-07 09:29:54,ETF主题指数,105,516360.SH,SH,xtdata.get_stock_list_in_sector
2026-07-07,2026-07-07 09:29:54,ETF主题指数,106,516380.SH,SH,xtdata.get_stock_list_in_sector
2026-07-07,2026-07-07 09:29:54,ETF主题指数,107,516390.SH,SH,xtdata.get_stock_list_in_sector
2026-07-07,2026-07-07 09:29:54,ETF主题指数,108,516480.SH,SH,xtdata.get_stock_list_in_sector
2026-07-07,2026-07-07 09:29:54,ETF主题指数,109,516500.SH,SH,xtdata.get_stock_list_in_sector
2026-07-07,2026-07-07 09:29:54,ETF主题指数,110,516510.SH,SH,xtdata.get_stock_list_in_sector
2026-07-07,2026-07-07 09:29:54,ETF主题指数,111,516520.SH,SH,xtdata.get_stock_list_in_sector
2026-07-07,2026-07-07 09:29:54,ETF主题指数,112,516530.SH,SH,xtdata.get_stock_list_in_sector
2026-07-07,2026-07-07 09:29:54,ETF主题指数,113,516550.SH,SH,xtdata.get_stock_list_in_sector
2026-07-07,2026-07-07 09:29:54,ETF主题指数,114,516560.SH,SH,xtdata.get_stock_list_in_sector
2026-07-07,2026-07-07 09:29:54,ETF主题指数,115,516570.SH,SH,xtdata.get_stock_list_in_sector
2026-07-07,2026-07-07 09:29:54,ETF主题指数,116,516580.SH,SH,xtdata.get_stock_list_in_sector
2026-07-07,2026-07-07 09:29:54,ETF主题指数,117,516590.SH,SH,xtdata.get_stock_list_in_sector
2026-07-07,2026-07-07 09:29:54,ETF主题指数,118,516600.SH,SH,xtdata.get_stock_list_in_sector
2026-07-07,2026-07-07 09:29:54,ETF主题指数,119,516620.SH,SH,xtdata.get_stock_list_in_sector
2026-07-07,2026-07-07 09:29:54,ETF主题指数,120,516630.SH,SH,xtdata.get_stock_list_in_sector
2026-07-07,2026-07-07 09:29:54,ETF主题指数,121,516640.SH,SH,xtdata.get_stock_list_in_sector
2026-07-07,2026-07-07 09:29:54,ETF主题指数,122,516650.SH,SH,xtdata.get_stock_list_in_sector
2026-07-07,2026-07-07 09:29:54,ETF主题指数,123,516660.SH,SH,xtdata.get_stock_list_in_sector
2026-07-07,2026-07-07 09:29:54,ETF主题指数,124,516670.SH,SH,xtdata.get_stock_list_in_sector
2026-07-07,2026-07-07 09:29:54,ETF主题指数,125,516680.SH,SH,xtdata.get_stock_list_in_sector
2026-07-07,2026-07-07 09:29:54,ETF主题指数,126,516690.SH,SH,xtdata.get_stock_list_in_sector
2026-07-07,2026-07-07 09:29:54,ETF主题指数,127,516700.SH,SH,xtdata.get_stock_list_in_sector
2026-07-07,2026-07-07 09:29:54,ETF主题指数,128,516710.SH,SH,xtdata.get_stock_list_in_sector
2026-07-07,2026-07-07 09:29:54,ETF主题指数,129,516730.SH,SH,xtdata.get_stock_list_in_sector
2026-07-07,2026-07-07 09:29:54,ETF主题指数,130,516760.SH,SH,xtdata.get_stock_list_in_sector
2026-07-07,2026-07-07 09:29:54,ETF主题指数,131,516770.SH,SH,xtdata.get_stock_list_in_sector
2026-07-07,2026-07-07 09:29:54,ETF主题指数,132,516780.SH,SH,xtdata.get_stock_list_in_sector
2026-07-07,2026-07-07 09:29:54,ETF主题指数,133,516800.SH,SH,xtdata.get_stock_list_in_sector
2026-07-07,2026-07-07 09:29:54,ETF主题指数,134,516810.SH,SH,xtdata.get_stock_list_in_sector
2026-07-07,2026-07-07 09:29:54,ETF主题指数,135,516820.SH,SH,xtdata.get_stock_list_in_sector
2026-07-07,2026-07-07 09:29:54,ETF主题指数,136,516830.SH,SH,xtdata.get_stock_list_in_sector
2026-07-07,2026-07-07 09:29:54,ETF主题指数,137,516850.SH,SH,xtdata.get_stock_list_in_sector
2026-07-07,2026-07-07 09:29:54,ETF主题指数,138,516860.SH,SH,xtdata.get_stock_list_in_sector
2026-07-07,2026-07-07 09:29:54,ETF主题指数,139,516880.SH,SH,xtdata.get_stock_list_in_sector
2026-07-07,2026-07-07 09:29:54,ETF主题指数,140,516890.SH,SH,xtdata.get_stock_list_in_sector
2026-07-07,2026-07-07 09:29:54,ETF主题指数,141,516900.SH,SH,xtdata.get_stock_list_in_sector
2026-07-07,2026-07-07 09:29:54,ETF主题指数,142,516910.SH,SH,xtdata.get_stock_list_in_sector
2026-07-07,2026-07-07 09:29:54,ETF主题指数,143,516920.SH,SH,xtdata.get_stock_list_in_sector
2026-07-07,2026-07-07 09:29:54,ETF主题指数,144,516930.SH,SH,xtdata.get_stock_list_in_sector
2026-07-07,2026-07-07 09:29:54,ETF主题指数,145,516950.SH,SH,xtdata.get_stock_list_in_sector
2026-07-07,2026-07-07 09:29:54,ETF主题指数,146,516960.SH,SH,xtdata.get_stock_list_in_sector
2026-07-07,2026-07-07 09:29:54,ETF主题指数,147,517000.SH,SH,xtdata.get_stock_list_in_sector
2026-07-07,2026-07-07 09:29:54,ETF主题指数,148,517010.SH,SH,xtdata.get_stock_list_in_sector
2026-07-07,2026-07-07 09:29:54,ETF主题指数,149,517050.SH,SH,xtdata.get_stock_list_in_sector
2026-07-07,2026-07-07 09:29:54,ETF主题指数,150,517060.SH,SH,xtdata.get_stock_list_in_sector
2026-07-07,2026-07-07 09:29:54,ETF主题指数,151,517080.SH,SH,xtdata.get_stock_list_in_sector
2026-07-07,2026-07-07 09:29:54,ETF主题指数,152,517100.SH,SH,xtdata.get_stock_list_in_sector
2026-07-07,2026-07-07 09:29:54,ETF主题指数,153,517110.SH,SH,xtdata.get_stock_list_in_sector
2026-07-07,2026-07-07 09:29:54,ETF主题指数,154,517120.SH,SH,xtdata.get_stock_list_in_sector
2026-07-07,2026-07-07 09:29:54,ETF主题指数,155,517160.SH,SH,xtdata.get_stock_list_in_sector
2026-07-07,2026-07-07 09:29:54,ETF主题指数,156,517170.SH,SH,xtdata.get_stock_list_in_sector
2026-07-07,2026-07-07 09:29:54,ETF主题指数,157,517200.SH,SH,xtdata.get_stock_list_in_sector
2026-07-07,2026-07-07 09:29:54,ETF主题指数,158,517270.SH,SH,xtdata.get_stock_list_in_sector
2026-07-07,2026-07-07 09:29:54,ETF主题指数,159,517280.SH,SH,xtdata.get_stock_list_in_sector
2026-07-07,2026-07-07 09:29:54,ETF主题指数,160,517330.SH,SH,xtdata.get_stock_list_in_sector
2026-07-07,2026-07-07 09:29:54,ETF主题指数,161,517350.SH,SH,xtdata.get_stock_list_in_sector
2026-07-07,2026-07-07 09:29:54,ETF主题指数,162,517360.SH,SH,xtdata.get_stock_list_in_sector
2026-07-07,2026-07-07 09:29:54,ETF主题指数,163,517390.SH,SH,xtdata.get_stock_list_in_sector
2026-07-07,2026-07-07 09:29:54,ETF主题指数,164,517550.SH,SH,xtdata.get_stock_list_in_sector
2026-07-07,2026-07-07 09:29:54,ETF主题指数,165,517660.SH,SH,xtdata.get_stock_list_in_sector
2026-07-07,2026-07-07 09:29:54,ETF主题指数,166,517770.SH,SH,xtdata.get_stock_list_in_sector
2026-07-07,2026-07-07 09:29:54,ETF主题指数,167,517800.SH,SH,xtdata.get_stock_list_in_sector
2026-07-07,2026-07-07 09:29:54,ETF主题指数,168,517880.SH,SH,xtdata.get_stock_list_in_sector
2026-07-07,2026-07-07 09:29:54,ETF主题指数,169,517960.SH,SH,xtdata.get_stock_list_in_sector
2026-07-07,2026-07-07 09:29:54,ETF主题指数,170,560000.SH,SH,xtdata.get_stock_list_in_sector
2026-07-07,2026-07-07 09:29:54,ETF主题指数,171,560560.SH,SH,xtdata.get_stock_list_in_sector
2026-07-07,2026-07-07 09:29:54,ETF主题指数,172,560660.SH,SH,xtdata.get_stock_list_in_sector
2026-07-07,2026-07-07 09:29:54,ETF主题指数,173,560800.SH,SH,xtdata.get_stock_list_in_sector
2026-07-07,2026-07-07 09:29:54,ETF主题指数,174,561100.SH,SH,xtdata.get_stock_list_in_sector
2026-07-07,2026-07-07 09:29:54,ETF主题指数,175,561130.SH,SH,xtdata.get_stock_list_in_sector
2026-07-07,2026-07-07 09:29:54,ETF主题指数,176,561310.SH,SH,xtdata.get_stock_list_in_sector
2026-07-07,2026-07-07 09:29:54,ETF主题指数,177,561500.SH,SH,xtdata.get_stock_list_in_sector
2026-07-07,2026-07-07 09:29:54,ETF主题指数,178,561600.SH,SH,xtdata.get_stock_list_in_sector
2026-07-07,2026-07-07 09:29:54,ETF主题指数,179,561800.SH,SH,xtdata.get_stock_list_in_sector
2026-07-07,2026-07-07 09:29:54,ETF主题指数,180,561900.SH,SH,xtdata.get_stock_list_in_sector
2026-07-07,2026-07-07 09:29:54,ETF主题指数,181,561910.SH,SH,xtdata.get_stock_list_in_sector
2026-07-07,2026-07-07 09:29:54,ETF主题指数,182,562300.SH,SH,xtdata.get_stock_list_in_sector
2026-07-07,2026-07-07 09:29:54,ETF主题指数,183,562360.SH,SH,xtdata.get_stock_list_in_sector
2026-07-07,2026-07-07 09:29:54,ETF主题指数,184,562500.SH,SH,xtdata.get_stock_list_in_sector
2026-07-07,2026-07-07 09:29:54,ETF主题指数,185,562510.SH,SH,xtdata.get_stock_list_in_sector
2026-07-07,2026-07-07 09:29:54,ETF主题指数,186,562800.SH,SH,xtdata.get_stock_list_in_sector
2026-07-07,2026-07-07 09:29:54,ETF主题指数,187,562880.SH,SH,xtdata.get_stock_list_in_sector
2026-07-07,2026-07-07 09:29:54,ETF主题指数,188,562900.SH,SH,xtdata.get_stock_list_in_sector
2026-07-07,2026-07-07 09:29:54,ETF主题指数,189,562910.SH,SH,xtdata.get_stock_list_in_sector
2026-07-07,2026-07-07 09:29:54,ETF主题指数,190,562950.SH,SH,xtdata.get_stock_list_in_sector
2026-07-07,2026-07-07 09:29:54,ETF主题指数,191,159608.SZ,SZ,xtdata.get_stock_list_in_sector
2026-07-07,2026-07-07 09:29:54,ETF主题指数,192,159613.SZ,SZ,xtdata.get_stock_list_in_sector
2026-07-07,2026-07-07 09:29:54,ETF主题指数,193,159701.SZ,SZ,xtdata.get_stock_list_in_sector
2026-07-07,2026-07-07 09:29:54,ETF主题指数,194,159702.SZ,SZ,xtdata.get_stock_list_in_sector
2026-07-07,2026-07-07 09:29:54,ETF主题指数,195,159703.SZ,SZ,xtdata.get_stock_list_in_sector
2026-07-07,2026-07-07 09:29:54,ETF主题指数,196,159708.SZ,SZ,xtdata.get_stock_list_in_sector
2026-07-07,2026-07-07 09:29:54,ETF主题指数,197,159709.SZ,SZ,xtdata.get_stock_list_in_sector
2026-07-07,2026-07-07 09:29:54,ETF主题指数,198,159710.SZ,SZ,xtdata.get_stock_list_in_sector
2026-07-07,2026-07-07 09:29:54,ETF主题指数,199,159713.SZ,SZ,xtdata.get_stock_list_in_sector
2026-07-07,2026-07-07 09:29:54,ETF主题指数,200,159715.SZ,SZ,xtdata.get_stock_list_in_sector
2026-07-07,2026-07-07 09:29:54,ETF主题指数,201,159717.SZ,SZ,xtdata.get_stock_list_in_sector
2026-07-07,2026-07-07 09:29:54,ETF主题指数,202,159720.SZ,SZ,xtdata.get_stock_list_in_sector
2026-07-07,2026-07-07 09:29:54,ETF主题指数,203,159723.SZ,SZ,xtdata.get_stock_list_in_sector
2026-07-07,2026-07-07 09:29:54,ETF主题指数,204,159725.SZ,SZ,xtdata.get_stock_list_in_sector
2026-07-07,2026-07-07 09:29:54,ETF主题指数,205,159728.SZ,SZ,xtdata.get_stock_list_in_sector
2026-07-07,2026-07-07 09:29:54,ETF主题指数,206,159729.SZ,SZ,xtdata.get_stock_list_in_sector
2026-07-07,2026-07-07 09:29:54,ETF主题指数,207,159731.SZ,SZ,xtdata.get_stock_list_in_sector
2026-07-07,2026-07-07 09:29:54,ETF主题指数,208,159733.SZ,SZ,xtdata.get_stock_list_in_sector
2026-07-07,2026-07-07 09:29:54,ETF主题指数,209,159736.SZ,SZ,xtdata.get_stock_list_in_sector
2026-07-07,2026-07-07 09:29:54,ETF主题指数,210,159738.SZ,SZ,xtdata.get_stock_list_in_sector
2026-07-07,2026-07-07 09:29:54,ETF主题指数,211,159739.SZ,SZ,xtdata.get_stock_list_in_sector
2026-07-07,2026-07-07 09:29:54,ETF主题指数,212,159743.SZ,SZ,xtdata.get_stock_list_in_sector
2026-07-07,2026-07-07 09:29:54,ETF主题指数,213,159748.SZ,SZ,xtdata.get_stock_list_in_sector
2026-07-07,2026-07-07 09:29:54,ETF主题指数,214,159752.SZ,SZ,xtdata.get_stock_list_in_sector
2026-07-07,2026-07-07 09:29:54,ETF主题指数,215,159755.SZ,SZ,xtdata.get_stock_list_in_sector
2026-07-07,2026-07-07 09:29:54,ETF主题指数,216,159757.SZ,SZ,xtdata.get_stock_list_in_sector
2026-07-07,2026-07-07 09:29:54,ETF主题指数,217,159761.SZ,SZ,xtdata.get_stock_list_in_sector
2026-07-07,2026-07-07 09:29:54,ETF主题指数,218,159763.SZ,SZ,xtdata.get_stock_list_in_sector
2026-07-07,2026-07-07 09:29:54,ETF主题指数,219,159766.SZ,SZ,xtdata.get_stock_list_in_sector
2026-07-07,2026-07-07 09:29:54,ETF主题指数,220,159767.SZ,SZ,xtdata.get_stock_list_in_sector
2026-07-07,2026-07-07 09:29:54,ETF主题指数,221,159770.SZ,SZ,xtdata.get_stock_list_in_sector
2026-07-07,2026-07-07 09:29:54,ETF主题指数,222,159773.SZ,SZ,xtdata.get_stock_list_in_sector
2026-07-07,2026-07-07 09:29:54,ETF主题指数,223,159775.SZ,SZ,xtdata.get_stock_list_in_sector
2026-07-07,2026-07-07 09:29:54,ETF主题指数,224,159777.SZ,SZ,xtdata.get_stock_list_in_sector
2026-07-07,2026-07-07 09:29:54,ETF主题指数,225,159779.SZ,SZ,xtdata.get_stock_list_in_sector
2026-07-07,2026-07-07 09:29:54,ETF主题指数,226,159786.SZ,SZ,xtdata.get_stock_list_in_sector
2026-07-07,2026-07-07 09:29:54,ETF主题指数,227,159790.SZ,SZ,xtdata.get_stock_list_in_sector
2026-07-07,2026-07-07 09:29:54,ETF主题指数,228,159793.SZ,SZ,xtdata.get_stock_list_in_sector
2026-07-07,2026-07-07 09:29:54,ETF主题指数,229,159795.SZ,SZ,xtdata.get_stock_list_in_sector
2026-07-07,2026-07-07 09:29:54,ETF主题指数,230,159804.SZ,SZ,xtdata.get_stock_list_in_sector
2026-07-07,2026-07-07 09:29:54,ETF主题指数,231,159805.SZ,SZ,xtdata.get_stock_list_in_sector
2026-07-07,2026-07-07 09:29:54,ETF主题指数,232,159806.SZ,SZ,xtdata.get_stock_list_in_sector
2026-07-07,2026-07-07 09:29:54,ETF主题指数,233,159807.SZ,SZ,xtdata.get_stock_list_in_sector
2026-07-07,2026-07-07 09:29:54,ETF主题指数,234,159811.SZ,SZ,xtdata.get_stock_list_in_sector
2026-07-07,2026-07-07 09:29:54,ETF主题指数,235,159815.SZ,SZ,xtdata.get_stock_list_in_sector
2026-07-07,2026-07-07 09:29:54,ETF主题指数,236,159819.SZ,SZ,xtdata.get_stock_list_in_sector
2026-07-07,2026-07-07 09:29:54,ETF主题指数,237,159824.SZ,SZ,xtdata.get_stock_list_in_sector
2026-07-07,2026-07-07 09:29:54,ETF主题指数,238,159825.SZ,SZ,xtdata.get_stock_list_in_sector
2026-07-07,2026-07-07 09:29:54,ETF主题指数,239,159827.SZ,SZ,xtdata.get_stock_list_in_sector
2026-07-07,2026-07-07 09:29:54,ETF主题指数,240,159828.SZ,SZ,xtdata.get_stock_list_in_sector
2026-07-07,2026-07-07 09:29:54,ETF主题指数,241,159835.SZ,SZ,xtdata.get_stock_list_in_sector
2026-07-07,2026-07-07 09:29:54,ETF主题指数,242,159837.SZ,SZ,xtdata.get_stock_list_in_sector
2026-07-07,2026-07-07 09:29:54,ETF主题指数,243,159838.SZ,SZ,xtdata.get_stock_list_in_sector
2026-07-07,2026-07-07 09:29:54,ETF主题指数,244,159839.SZ,SZ,xtdata.get_stock_list_in_sector
2026-07-07,2026-07-07 09:29:54,ETF主题指数,245,159840.SZ,SZ,xtdata.get_stock_list_in_sector
2026-07-07,2026-07-07 09:29:54,ETF主题指数,246,159843.SZ,SZ,xtdata.get_stock_list_in_sector
2026-07-07,2026-07-07 09:29:54,ETF主题指数,247,159847.SZ,SZ,xtdata.get_stock_list_in_sector
2026-07-07,2026-07-07 09:29:54,ETF主题指数,248,159849.SZ,SZ,xtdata.get_stock_list_in_sector
2026-07-07,2026-07-07 09:29:54,ETF主题指数,249,159851.SZ,SZ,xtdata.get_stock_list_in_sector
2026-07-07,2026-07-07 09:29:54,ETF主题指数,250,159852.SZ,SZ,xtdata.get_stock_list_in_sector
2026-07-07,2026-07-07 09:29:54,ETF主题指数,251,159853.SZ,SZ,xtdata.get_stock_list_in_sector
2026-07-07,2026-07-07 09:29:54,ETF主题指数,252,159855.SZ,SZ,xtdata.get_stock_list_in_sector
2026-07-07,2026-07-07 09:29:54,ETF主题指数,253,159856.SZ,SZ,xtdata.get_stock_list_in_sector
2026-07-07,2026-07-07 09:29:54,ETF主题指数,254,159857.SZ,SZ,xtdata.get_stock_list_in_sector
2026-07-07,2026-07-07 09:29:54,ETF主题指数,255,159858.SZ,SZ,xtdata.get_stock_list_in_sector
2026-07-07,2026-07-07 09:29:54,ETF主题指数,256,159859.SZ,SZ,xtdata.get_stock_list_in_sector
2026-07-07,2026-07-07 09:29:54,ETF主题指数,257,159861.SZ,SZ,xtdata.get_stock_list_in_sector
2026-07-07,2026-07-07 09:29:54,ETF主题指数,258,159862.SZ,SZ,xtdata.get_stock_list_in_sector
2026-07-07,2026-07-07 09:29:54,ETF主题指数,259,159863.SZ,SZ,xtdata.get_stock_list_in_sector
2026-07-07,2026-07-07 09:29:54,ETF主题指数,260,159864.SZ,SZ,xtdata.get_stock_list_in_sector
2026-07-07,2026-07-07 09:29:54,ETF主题指数,261,159865.SZ,SZ,xtdata.get_stock_list_in_sector
2026-07-07,2026-07-07 09:29:54,ETF主题指数,262,159867.SZ,SZ,xtdata.get_stock_list_in_sector
2026-07-07,2026-07-07 09:29:54,ETF主题指数,263,159869.SZ,SZ,xtdata.get_stock_list_in_sector
2026-07-07,2026-07-07 09:29:54,ETF主题指数,264,159870.SZ,SZ,xtdata.get_stock_list_in_sector
2026-07-07,2026-07-07 09:29:54,ETF主题指数,265,159871.SZ,SZ,xtdata.get_stock_list_in_sector
2026-07-07,2026-07-07 09:29:54,ETF主题指数,266,159872.SZ,SZ,xtdata.get_stock_list_in_sector
2026-07-07,2026-07-07 09:29:54,ETF主题指数,267,159875.SZ,SZ,xtdata.get_stock_list_in_sector
2026-07-07,2026-07-07 09:29:54,ETF主题指数,268,159876.SZ,SZ,xtdata.get_stock_list_in_sector
2026-07-07,2026-07-07 09:29:54,ETF主题指数,269,159880.SZ,SZ,xtdata.get_stock_list_in_sector
2026-07-07,2026-07-07 09:29:54,ETF主题指数,270,159881.SZ,SZ,xtdata.get_stock_list_in_sector
2026-07-07,2026-07-07 09:29:54,ETF主题指数,271,159885.SZ,SZ,xtdata.get_stock_list_in_sector
2026-07-07,2026-07-07 09:29:54,ETF主题指数,272,159886.SZ,SZ,xtdata.get_stock_list_in_sector
2026-07-07,2026-07-07 09:29:54,ETF主题指数,273,159888.SZ,SZ,xtdata.get_stock_list_in_sector
2026-07-07,2026-07-07 09:29:54,ETF主题指数,274,159889.SZ,SZ,xtdata.get_stock_list_in_sector
2026-07-07,2026-07-07 09:29:54,ETF主题指数,275,159890.SZ,SZ,xtdata.get_stock_list_in_sector
2026-07-07,2026-07-07 09:29:54,ETF主题指数,276,159895.SZ,SZ,xtdata.get_stock_list_in_sector
2026-07-07,2026-07-07 09:29:54,ETF主题指数,277,159896.SZ,SZ,xtdata.get_stock_list_in_sector
2026-07-07,2026-07-07 09:29:54,ETF主题指数,278,159897.SZ,SZ,xtdata.get_stock_list_in_sector
2026-07-07,2026-07-07 09:29:54,ETF主题指数,279,159905.SZ,SZ,xtdata.get_stock_list_in_sector
2026-07-07,2026-07-07 09:29:54,ETF主题指数,280,159906.SZ,SZ,xtdata.get_stock_list_in_sector
2026-07-07,2026-07-07 09:29:54,ETF主题指数,281,159909.SZ,SZ,xtdata.get_stock_list_in_sector
2026-07-07,2026-07-07 09:29:54,ETF主题指数,282,159932.SZ,SZ,xtdata.get_stock_list_in_sector
2026-07-07,2026-07-07 09:29:54,ETF主题指数,283,159951.SZ,SZ,xtdata.get_stock_list_in_sector
2026-07-07,2026-07-07 09:29:54,ETF主题指数,284,159959.SZ,SZ,xtdata.get_stock_list_in_sector
2026-07-07,2026-07-07 09:29:54,ETF主题指数,285,159962.SZ,SZ,xtdata.get_stock_list_in_sector
2026-07-07,2026-07-07 09:29:54,ETF主题指数,286,159965.SZ,SZ,xtdata.get_stock_list_in_sector
2026-07-07,2026-07-07 09:29:54,ETF主题指数,287,159966.SZ,SZ,xtdata.get_stock_list_in_sector
2026-07-07,2026-07-07 09:29:54,ETF主题指数,288,159967.SZ,SZ,xtdata.get_stock_list_in_sector
2026-07-07,2026-07-07 09:29:54,ETF主题指数,289,159973.SZ,SZ,xtdata.get_stock_list_in_sector
2026-07-07,2026-07-07 09:29:54,ETF主题指数,290,159974.SZ,SZ,xtdata.get_stock_list_in_sector
2026-07-07,2026-07-07 09:29:54,ETF主题指数,291,159976.SZ,SZ,xtdata.get_stock_list_in_sector
2026-07-07,2026-07-07 09:29:54,ETF主题指数,292,159978.SZ,SZ,xtdata.get_stock_list_in_sector
2026-07-07,2026-07-07 09:29:54,ETF主题指数,293,159979.SZ,SZ,xtdata.get_stock_list_in_sector
2026-07-07,2026-07-07 09:29:54,ETF主题指数,294,159983.SZ,SZ,xtdata.get_stock_list_in_sector
2026-07-07,2026-07-07 09:29:54,ETF主题指数,295,159984.SZ,SZ,xtdata.get_stock_list_in_sector
2026-07-07,2026-07-07 09:29:54,ETF主题指数,296,159986.SZ,SZ,xtdata.get_stock_list_in_sector
2026-07-07,2026-07-07 09:29:54,ETF主题指数,297,159987.SZ,SZ,xtdata.get_stock_list_in_sector
2026-07-07,2026-07-07 09:29:54,ETF主题指数,298,159992.SZ,SZ,xtdata.get_stock_list_in_sector
2026-07-07,2026-07-07 09:29:54,ETF主题指数,299,159994.SZ,SZ,xtdata.get_stock_list_in_sector
2026-07-07,2026-07-07 09:29:54,ETF主题指数,300,159997.SZ,SZ,xtdata.get_stock_list_in_sector
2026-07-07,2026-07-07 09:29:54,ETF主题指数,301,159998.SZ,SZ,xtdata.get_stock_list_in_sector
2026-07-07,2026-07-07 09:29:54,ETF跨境型,1,510900.SH,SH,xtdata.get_stock_list_in_sector
2026-07-07,2026-07-07 09:29:54,ETF跨境型,2,513000.SH,SH,xtdata.get_stock_list_in_sector
2026-07-07,2026-07-07 09:29:54,ETF跨境型,3,513010.SH,SH,xtdata.get_stock_list_in_sector
2026-07-07,2026-07-07 09:29:54,ETF跨境型,4,513020.SH,SH,xtdata.get_stock_list_in_sector
2026-07-07,2026-07-07 09:29:54,ETF跨境型,5,513030.SH,SH,xtdata.get_stock_list_in_sector
2026-07-07,2026-07-07 09:29:54,ETF跨境型,6,513040.SH,SH,xtdata.get_stock_list_in_sector
2026-07-07,2026-07-07 09:29:54,ETF跨境型,7,513050.SH,SH,xtdata.get_stock_list_in_sector
2026-07-07,2026-07-07 09:29:54,ETF跨境型,8,513060.SH,SH,xtdata.get_stock_list_in_sector
2026-07-07,2026-07-07 09:29:54,ETF跨境型,9,513070.SH,SH,xtdata.get_stock_list_in_sector
2026-07-07,2026-07-07 09:29:54,ETF跨境型,10,513080.SH,SH,xtdata.get_stock_list_in_sector
2026-07-07,2026-07-07 09:29:54,ETF跨境型,11,513090.SH,SH,xtdata.get_stock_list_in_sector
2026-07-07,2026-07-07 09:29:54,ETF跨境型,12,513100.SH,SH,xtdata.get_stock_list_in_sector
2026-07-07,2026-07-07 09:29:54,ETF跨境型,13,513110.SH,SH,xtdata.get_stock_list_in_sector
2026-07-07,2026-07-07 09:29:54,ETF跨境型,14,513120.SH,SH,xtdata.get_stock_list_in_sector
2026-07-07,2026-07-07 09:29:54,ETF跨境型,15,513130.SH,SH,xtdata.get_stock_list_in_sector
2026-07-07,2026-07-07 09:29:54,ETF跨境型,16,513140.SH,SH,xtdata.get_stock_list_in_sector
2026-07-07,2026-07-07 09:29:54,ETF跨境型,17,513150.SH,SH,xtdata.get_stock_list_in_sector
2026-07-07,2026-07-07 09:29:54,ETF跨境型,18,513160.SH,SH,xtdata.get_stock_list_in_sector
2026-07-07,2026-07-07 09:29:54,ETF跨境型,19,513170.SH,SH,xtdata.get_stock_list_in_sector
2026-07-07,2026-07-07 09:29:54,ETF跨境型,20,513180.SH,SH,xtdata.get_stock_list_in_sector
2026-07-07,2026-07-07 09:29:54,ETF跨境型,21,513190.SH,SH,xtdata.get_stock_list_in_sector
2026-07-07,2026-07-07 09:29:54,ETF跨境型,22,513200.SH,SH,xtdata.get_stock_list_in_sector
2026-07-07,2026-07-07 09:29:54,ETF跨境型,23,513210.SH,SH,xtdata.get_stock_list_in_sector
2026-07-07,2026-07-07 09:29:54,ETF跨境型,24,513220.SH,SH,xtdata.get_stock_list_in_sector
2026-07-07,2026-07-07 09:29:54,ETF跨境型,25,513230.SH,SH,xtdata.get_stock_list_in_sector
2026-07-07,2026-07-07 09:29:54,ETF跨境型,26,513240.SH,SH,xtdata.get_stock_list_in_sector
2026-07-07,2026-07-07 09:29:54,ETF跨境型,27,513260.SH,SH,xtdata.get_stock_list_in_sector
2026-07-07,2026-07-07 09:29:54,ETF跨境型,28,513280.SH,SH,xtdata.get_stock_list_in_sector
2026-07-07,2026-07-07 09:29:54,ETF跨境型,29,513290.SH,SH,xtdata.get_stock_list_in_sector
2026-07-07,2026-07-07 09:29:54,ETF跨境型,30,513300.SH,SH,xtdata.get_stock_list_in_sector
2026-07-07,2026-07-07 09:29:54,ETF跨境型,31,513310.SH,SH,xtdata.get_stock_list_in_sector
2026-07-07,2026-07-07 09:29:54,ETF跨境型,32,513320.SH,SH,xtdata.get_stock_list_in_sector
2026-07-07,2026-07-07 09:29:54,ETF跨境型,33,513330.SH,SH,xtdata.get_stock_list_in_sector
2026-07-07,2026-07-07 09:29:54,ETF跨境型,34,513350.SH,SH,xtdata.get_stock_list_in_sector
2026-07-07,2026-07-07 09:29:54,ETF跨境型,35,513360.SH,SH,xtdata.get_stock_list_in_sector
2026-07-07,2026-07-07 09:29:54,ETF跨境型,36,513380.SH,SH,xtdata.get_stock_list_in_sector
2026-07-07,2026-07-07 09:29:54,ETF跨境型,37,513390.SH,SH,xtdata.get_stock_list_in_sector
2026-07-07,2026-07-07 09:29:54,ETF跨境型,38,513400.SH,SH,xtdata.get_stock_list_in_sector
2026-07-07,2026-07-07 09:29:54,ETF跨境型,39,513500.SH,SH,xtdata.get_stock_list_in_sector
2026-07-07,2026-07-07 09:29:54,ETF跨境型,40,513520.SH,SH,xtdata.get_stock_list_in_sector
2026-07-07,2026-07-07 09:29:54,ETF跨境型,41,513530.SH,SH,xtdata.get_stock_list_in_sector
2026-07-07,2026-07-07 09:29:54,ETF跨境型,42,513550.SH,SH,xtdata.get_stock_list_in_sector
2026-07-07,2026-07-07 09:29:54,ETF跨境型,43,513560.SH,SH,xtdata.get_stock_list_in_sector
2026-07-07,2026-07-07 09:29:54,ETF跨境型,44,513580.SH,SH,xtdata.get_stock_list_in_sector
2026-07-07,2026-07-07 09:29:54,ETF跨境型,45,513590.SH,SH,xtdata.get_stock_list_in_sector
2026-07-07,2026-07-07 09:29:54,ETF跨境型,46,513600.SH,SH,xtdata.get_stock_list_in_sector
2026-07-07,2026-07-07 09:29:54,ETF跨境型,47,513620.SH,SH,xtdata.get_stock_list_in_sector
2026-07-07,2026-07-07 09:29:54,ETF跨境型,48,513630.SH,SH,xtdata.get_stock_list_in_sector
2026-07-07,2026-07-07 09:29:54,ETF跨境型,49,513650.SH,SH,xtdata.get_stock_list_in_sector
2026-07-07,2026-07-07 09:29:54,ETF跨境型,50,513660.SH,SH,xtdata.get_stock_list_in_sector
2026-07-07,2026-07-07 09:29:54,ETF跨境型,51,513690.SH,SH,xtdata.get_stock_list_in_sector
2026-07-07,2026-07-07 09:29:54,ETF跨境型,52,513700.SH,SH,xtdata.get_stock_list_in_sector
2026-07-07,2026-07-07 09:29:54,ETF跨境型,53,513720.SH,SH,xtdata.get_stock_list_in_sector
2026-07-07,2026-07-07 09:29:54,ETF跨境型,54,513730.SH,SH,xtdata.get_stock_list_in_sector
2026-07-07,2026-07-07 09:29:54,ETF跨境型,55,513750.SH,SH,xtdata.get_stock_list_in_sector
2026-07-07,2026-07-07 09:29:54,ETF跨境型,56,513770.SH,SH,xtdata.get_stock_list_in_sector
2026-07-07,2026-07-07 09:29:54,ETF跨境型,57,513780.SH,SH,xtdata.get_stock_list_in_sector
2026-07-07,2026-07-07 09:29:54,ETF跨境型,58,513800.SH,SH,xtdata.get_stock_list_in_sector
2026-07-07,2026-07-07 09:29:54,ETF跨境型,59,513810.SH,SH,xtdata.get_stock_list_in_sector
2026-07-07,2026-07-07 09:29:54,ETF跨境型,60,513820.SH,SH,xtdata.get_stock_list_in_sector
2026-07-07,2026-07-07 09:29:54,ETF跨境型,61,513830.SH,SH,xtdata.get_stock_list_in_sector
2026-07-07,2026-07-07 09:29:54,ETF跨境型,62,513850.SH,SH,xtdata.get_stock_list_in_sector
2026-07-07,2026-07-07 09:29:54,ETF跨境型,63,513860.SH,SH,xtdata.get_stock_list_in_sector
2026-07-07,2026-07-07 09:29:54,ETF跨境型,64,513870.SH,SH,xtdata.get_stock_list_in_sector
2026-07-07,2026-07-07 09:29:54,ETF跨境型,65,513880.SH,SH,xtdata.get_stock_list_in_sector
2026-07-07,2026-07-07 09:29:54,ETF跨境型,66,513890.SH,SH,xtdata.get_stock_list_in_sector
2026-07-07,2026-07-07 09:29:54,ETF跨境型,67,513900.SH,SH,xtdata.get_stock_list_in_sector
2026-07-07,2026-07-07 09:29:54,ETF跨境型,68,513910.SH,SH,xtdata.get_stock_list_in_sector
2026-07-07,2026-07-07 09:29:54,ETF跨境型,69,513920.SH,SH,xtdata.get_stock_list_in_sector
2026-07-07,2026-07-07 09:29:54,ETF跨境型,70,513930.SH,SH,xtdata.get_stock_list_in_sector
2026-07-07,2026-07-07 09:29:54,ETF跨境型,71,513950.SH,SH,xtdata.get_stock_list_in_sector
2026-07-07,2026-07-07 09:29:54,ETF跨境型,72,513970.SH,SH,xtdata.get_stock_list_in_sector
2026-07-07,2026-07-07 09:29:54,ETF跨境型,73,513980.SH,SH,xtdata.get_stock_list_in_sector
2026-07-07,2026-07-07 09:29:54,ETF跨境型,74,513990.SH,SH,xtdata.get_stock_list_in_sector
2026-07-07,2026-07-07 09:29:54,ETF跨境型,75,520500.SH,SH,xtdata.get_stock_list_in_sector
2026-07-07,2026-07-07 09:29:54,ETF跨境型,76,520510.SH,SH,xtdata.get_stock_list_in_sector
2026-07-07,2026-07-07 09:29:54,ETF跨境型,77,520520.SH,SH,xtdata.get_stock_list_in_sector
2026-07-07,2026-07-07 09:29:54,ETF跨境型,78,520530.SH,SH,xtdata.get_stock_list_in_sector
2026-07-07,2026-07-07 09:29:54,ETF跨境型,79,520550.SH,SH,xtdata.get_stock_list_in_sector
2026-07-07,2026-07-07 09:29:54,ETF跨境型,80,520560.SH,SH,xtdata.get_stock_list_in_sector
2026-07-07,2026-07-07 09:29:54,ETF跨境型,81,520570.SH,SH,xtdata.get_stock_list_in_sector
2026-07-07,2026-07-07 09:29:54,ETF跨境型,82,520580.SH,SH,xtdata.get_stock_list_in_sector
2026-07-07,2026-07-07 09:29:54,ETF跨境型,83,520590.SH,SH,xtdata.get_stock_list_in_sector
2026-07-07,2026-07-07 09:29:54,ETF跨境型,84,520600.SH,SH,xtdata.get_stock_list_in_sector
2026-07-07,2026-07-07 09:29:54,ETF跨境型,85,520610.SH,SH,xtdata.get_stock_list_in_sector
2026-07-07,2026-07-07 09:29:54,ETF跨境型,86,520620.SH,SH,xtdata.get_stock_list_in_sector
2026-07-07,2026-07-07 09:29:54,ETF跨境型,87,520630.SH,SH,xtdata.get_stock_list_in_sector
2026-07-07,2026-07-07 09:29:54,ETF跨境型,88,520650.SH,SH,xtdata.get_stock_list_in_sector
2026-07-07,2026-07-07 09:29:54,ETF跨境型,89,520660.SH,SH,xtdata.get_stock_list_in_sector
2026-07-07,2026-07-07 09:29:54,ETF跨境型,90,520670.SH,SH,xtdata.get_stock_list_in_sector
2026-07-07,2026-07-07 09:29:54,ETF跨境型,91,520680.SH,SH,xtdata.get_stock_list_in_sector
2026-07-07,2026-07-07 09:29:54,ETF跨境型,92,520690.SH,SH,xtdata.get_stock_list_in_sector
2026-07-07,2026-07-07 09:29:54,ETF跨境型,93,520700.SH,SH,xtdata.get_stock_list_in_sector
2026-07-07,2026-07-07 09:29:54,ETF跨境型,94,520710.SH,SH,xtdata.get_stock_list_in_sector
2026-07-07,2026-07-07 09:29:54,ETF跨境型,95,520720.SH,SH,xtdata.get_stock_list_in_sector
2026-07-07,2026-07-07 09:29:54,ETF跨境型,96,520730.SH,SH,xtdata.get_stock_list_in_sector
2026-07-07,2026-07-07 09:29:54,ETF跨境型,97,520760.SH,SH,xtdata.get_stock_list_in_sector
2026-07-07,2026-07-07 09:29:54,ETF跨境型,98,520770.SH,SH,xtdata.get_stock_list_in_sector
2026-07-07,2026-07-07 09:29:54,ETF跨境型,99,520780.SH,SH,xtdata.get_stock_list_in_sector
2026-07-07,2026-07-07 09:29:54,ETF跨境型,100,520790.SH,SH,xtdata.get_stock_list_in_sector
2026-07-07,2026-07-07 09:29:54,ETF跨境型,101,520810.SH,SH,xtdata.get_stock_list_in_sector
2026-07-07,2026-07-07 09:29:54,ETF跨境型,102,520820.SH,SH,xtdata.get_stock_list_in_sector
2026-07-07,2026-07-07 09:29:54,ETF跨境型,103,520830.SH,SH,xtdata.get_stock_list_in_sector
2026-07-07,2026-07-07 09:29:54,ETF跨境型,104,520840.SH,SH,xtdata.get_stock_list_in_sector
2026-07-07,2026-07-07 09:29:54,ETF跨境型,105,520850.SH,SH,xtdata.get_stock_list_in_sector
2026-07-07,2026-07-07 09:29:54,ETF跨境型,106,520860.SH,SH,xtdata.get_stock_list_in_sector
2026-07-07,2026-07-07 09:29:54,ETF跨境型,107,520870.SH,SH,xtdata.get_stock_list_in_sector
2026-07-07,2026-07-07 09:29:54,ETF跨境型,108,520880.SH,SH,xtdata.get_stock_list_in_sector
2026-07-07,2026-07-07 09:29:54,ETF跨境型,109,520890.SH,SH,xtdata.get_stock_list_in_sector
2026-07-07,2026-07-07 09:29:54,ETF跨境型,110,520900.SH,SH,xtdata.get_stock_list_in_sector
2026-07-07,2026-07-07 09:29:54,ETF跨境型,111,520910.SH,SH,xtdata.get_stock_list_in_sector
2026-07-07,2026-07-07 09:29:54,ETF跨境型,112,520920.SH,SH,xtdata.get_stock_list_in_sector
2026-07-07,2026-07-07 09:29:54,ETF跨境型,113,520930.SH,SH,xtdata.get_stock_list_in_sector
2026-07-07,2026-07-07 09:29:54,ETF跨境型,114,520940.SH,SH,xtdata.get_stock_list_in_sector
2026-07-07,2026-07-07 09:29:54,ETF跨境型,115,520950.SH,SH,xtdata.get_stock_list_in_sector
2026-07-07,2026-07-07 09:29:54,ETF跨境型,116,520960.SH,SH,xtdata.get_stock_list_in_sector
2026-07-07,2026-07-07 09:29:54,ETF跨境型,117,520970.SH,SH,xtdata.get_stock_list_in_sector
2026-07-07,2026-07-07 09:29:54,ETF跨境型,118,520980.SH,SH,xtdata.get_stock_list_in_sector
2026-07-07,2026-07-07 09:29:54,ETF跨境型,119,520990.SH,SH,xtdata.get_stock_list_in_sector
2026-07-07,2026-07-07 09:29:54,ETF跨境型,120,526000.SH,SH,xtdata.get_stock_list_in_sector
2026-07-07,2026-07-07 09:29:54,ETF跨境型,121,526010.SH,SH,xtdata.get_stock_list_in_sector
2026-07-07,2026-07-07 09:29:54,ETF跨境型,122,526030.SH,SH,xtdata.get_stock_list_in_sector
2026-07-07,2026-07-07 09:29:54,ETF跨境型,123,526050.SH,SH,xtdata.get_stock_list_in_sector
2026-07-07,2026-07-07 09:29:54,ETF跨境型,124,526070.SH,SH,xtdata.get_stock_list_in_sector
2026-07-07,2026-07-07 09:29:54,ETF跨境型,125,159010.SZ,SZ,xtdata.get_stock_list_in_sector
2026-07-07,2026-07-07 09:29:54,ETF跨境型,126,159015.SZ,SZ,xtdata.get_stock_list_in_sector
2026-07-07,2026-07-07 09:29:54,ETF跨境型,127,159028.SZ,SZ,xtdata.get_stock_list_in_sector
2026-07-07,2026-07-07 09:29:54,ETF跨境型,128,159040.SZ,SZ,xtdata.get_stock_list_in_sector
2026-07-07,2026-07-07 09:29:54,ETF跨境型,129,159100.SZ,SZ,xtdata.get_stock_list_in_sector
2026-07-07,2026-07-07 09:29:54,ETF跨境型,130,159101.SZ,SZ,xtdata.get_stock_list_in_sector
2026-07-07,2026-07-07 09:29:54,ETF跨境型,131,159102.SZ,SZ,xtdata.get_stock_list_in_sector
2026-07-07,2026-07-07 09:29:54,ETF跨境型,132,159105.SZ,SZ,xtdata.get_stock_list_in_sector
2026-07-07,2026-07-07 09:29:54,ETF跨境型,133,159109.SZ,SZ,xtdata.get_stock_list_in_sector
2026-07-07,2026-07-07 09:29:54,ETF跨境型,134,159117.SZ,SZ,xtdata.get_stock_list_in_sector
2026-07-07,2026-07-07 09:29:54,ETF跨境型,135,159118.SZ,SZ,xtdata.get_stock_list_in_sector
2026-07-07,2026-07-07 09:29:54,ETF跨境型,136,159120.SZ,SZ,xtdata.get_stock_list_in_sector
2026-07-07,2026-07-07 09:29:54,ETF跨境型,137,159121.SZ,SZ,xtdata.get_stock_list_in_sector
2026-07-07,2026-07-07 09:29:54,ETF跨境型,138,159125.SZ,SZ,xtdata.get_stock_list_in_sector
2026-07-07,2026-07-07 09:29:54,ETF跨境型,139,159126.SZ,SZ,xtdata.get_stock_list_in_sector
2026-07-07,2026-07-07 09:29:54,ETF跨境型,140,159127.SZ,SZ,xtdata.get_stock_list_in_sector
2026-07-07,2026-07-07 09:29:54,ETF跨境型,141,159128.SZ,SZ,xtdata.get_stock_list_in_sector
2026-07-07,2026-07-07 09:29:54,ETF跨境型,142,159130.SZ,SZ,xtdata.get_stock_list_in_sector
2026-07-07,2026-07-07 09:29:54,ETF跨境型,143,159131.SZ,SZ,xtdata.get_stock_list_in_sector
2026-07-07,2026-07-07 09:29:54,ETF跨境型,144,159132.SZ,SZ,xtdata.get_stock_list_in_sector
2026-07-07,2026-07-07 09:29:54,ETF跨境型,145,159135.SZ,SZ,xtdata.get_stock_list_in_sector
2026-07-07,2026-07-07 09:29:54,ETF跨境型,146,159137.SZ,SZ,xtdata.get_stock_list_in_sector
2026-07-07,2026-07-07 09:29:54,ETF跨境型,147,159143.SZ,SZ,xtdata.get_stock_list_in_sector
2026-07-07,2026-07-07 09:29:54,ETF跨境型,148,159152.SZ,SZ,xtdata.get_stock_list_in_sector
2026-07-07,2026-07-07 09:29:54,ETF跨境型,149,159167.SZ,SZ,xtdata.get_stock_list_in_sector
2026-07-07,2026-07-07 09:29:54,ETF跨境型,150,159169.SZ,SZ,xtdata.get_stock_list_in_sector
2026-07-07,2026-07-07 09:29:54,ETF跨境型,151,159170.SZ,SZ,xtdata.get_stock_list_in_sector
2026-07-07,2026-07-07 09:29:54,ETF跨境型,152,159179.SZ,SZ,xtdata.get_stock_list_in_sector
2026-07-07,2026-07-07 09:29:54,ETF跨境型,153,159185.SZ,SZ,xtdata.get_stock_list_in_sector
2026-07-07,2026-07-07 09:29:54,ETF跨境型,154,159186.SZ,SZ,xtdata.get_stock_list_in_sector
2026-07-07,2026-07-07 09:29:54,ETF跨境型,155,159191.SZ,SZ,xtdata.get_stock_list_in_sector
2026-07-07,2026-07-07 09:29:54,ETF跨境型,156,159196.SZ,SZ,xtdata.get_stock_list_in_sector
2026-07-07,2026-07-07 09:29:54,ETF跨境型,157,159198.SZ,SZ,xtdata.get_stock_list_in_sector
2026-07-07,2026-07-07 09:29:54,ETF跨境型,158,159202.SZ,SZ,xtdata.get_stock_list_in_sector
2026-07-07,2026-07-07 09:29:54,ETF跨境型,159,159210.SZ,SZ,xtdata.get_stock_list_in_sector
2026-07-07,2026-07-07 09:29:54,ETF跨境型,160,159217.SZ,SZ,xtdata.get_stock_list_in_sector
2026-07-07,2026-07-07 09:29:54,ETF跨境型,161,159220.SZ,SZ,xtdata.get_stock_list_in_sector
2026-07-07,2026-07-07 09:29:54,ETF跨境型,162,159237.SZ,SZ,xtdata.get_stock_list_in_sector
2026-07-07,2026-07-07 09:29:54,ETF跨境型,163,159239.SZ,SZ,xtdata.get_stock_list_in_sector
2026-07-07,2026-07-07 09:29:54,ETF跨境型,164,159245.SZ,SZ,xtdata.get_stock_list_in_sector
2026-07-07,2026-07-07 09:29:54,ETF跨境型,165,159251.SZ,SZ,xtdata.get_stock_list_in_sector
2026-07-07,2026-07-07 09:29:54,ETF跨境型,166,159262.SZ,SZ,xtdata.get_stock_list_in_sector
2026-07-07,2026-07-07 09:29:54,ETF跨境型,167,159265.SZ,SZ,xtdata.get_stock_list_in_sector
2026-07-07,2026-07-07 09:29:54,ETF跨境型,168,159266.SZ,SZ,xtdata.get_stock_list_in_sector
2026-07-07,2026-07-07 09:29:54,ETF跨境型,169,159268.SZ,SZ,xtdata.get_stock_list_in_sector
2026-07-07,2026-07-07 09:29:54,ETF跨境型,170,159269.SZ,SZ,xtdata.get_stock_list_in_sector
2026-07-07,2026-07-07 09:29:54,ETF跨境型,171,159271.SZ,SZ,xtdata.get_stock_list_in_sector
2026-07-07,2026-07-07 09:29:54,ETF跨境型,172,159277.SZ,SZ,xtdata.get_stock_list_in_sector
2026-07-07,2026-07-07 09:29:54,ETF跨境型,173,159280.SZ,SZ,xtdata.get_stock_list_in_sector
2026-07-07,2026-07-07 09:29:54,ETF跨境型,174,159281.SZ,SZ,xtdata.get_stock_list_in_sector
2026-07-07,2026-07-07 09:29:54,ETF跨境型,175,159285.SZ,SZ,xtdata.get_stock_list_in_sector
2026-07-07,2026-07-07 09:29:54,ETF跨境型,176,159286.SZ,SZ,xtdata.get_stock_list_in_sector
2026-07-07,2026-07-07 09:29:54,ETF跨境型,177,159297.SZ,SZ,xtdata.get_stock_list_in_sector
2026-07-07,2026-07-07 09:29:54,ETF跨境型,178,159302.SZ,SZ,xtdata.get_stock_list_in_sector
2026-07-07,2026-07-07 09:29:54,ETF跨境型,179,159303.SZ,SZ,xtdata.get_stock_list_in_sector
2026-07-07,2026-07-07 09:29:54,ETF跨境型,180,159312.SZ,SZ,xtdata.get_stock_list_in_sector
2026-07-07,2026-07-07 09:29:54,ETF跨境型,181,159316.SZ,SZ,xtdata.get_stock_list_in_sector
2026-07-07,2026-07-07 09:29:54,ETF跨境型,182,159318.SZ,SZ,xtdata.get_stock_list_in_sector
2026-07-07,2026-07-07 09:29:54,ETF跨境型,183,159323.SZ,SZ,xtdata.get_stock_list_in_sector
2026-07-07,2026-07-07 09:29:54,ETF跨境型,184,159329.SZ,SZ,xtdata.get_stock_list_in_sector
2026-07-07,2026-07-07 09:29:54,ETF跨境型,185,159331.SZ,SZ,xtdata.get_stock_list_in_sector
2026-07-07,2026-07-07 09:29:54,ETF跨境型,186,159333.SZ,SZ,xtdata.get_stock_list_in_sector
2026-07-07,2026-07-07 09:29:54,ETF跨境型,187,159365.SZ,SZ,xtdata.get_stock_list_in_sector
2026-07-07,2026-07-07 09:29:54,ETF跨境型,188,159366.SZ,SZ,xtdata.get_stock_list_in_sector
2026-07-07,2026-07-07 09:29:54,ETF跨境型,189,159501.SZ,SZ,xtdata.get_stock_list_in_sector
2026-07-07,2026-07-07 09:29:54,ETF跨境型,190,159502.SZ,SZ,xtdata.get_stock_list_in_sector
2026-07-07,2026-07-07 09:29:54,ETF跨境型,191,159506.SZ,SZ,xtdata.get_stock_list_in_sector
2026-07-07,2026-07-07 09:29:54,ETF跨境型,192,159509.SZ,SZ,xtdata.get_stock_list_in_sector
2026-07-07,2026-07-07 09:29:54,ETF跨境型,193,159513.SZ,SZ,xtdata.get_stock_list_in_sector
2026-07-07,2026-07-07 09:29:54,ETF跨境型,194,159518.SZ,SZ,xtdata.get_stock_list_in_sector
2026-07-07,2026-07-07 09:29:54,ETF跨境型,195,159519.SZ,SZ,xtdata.get_stock_list_in_sector
2026-07-07,2026-07-07 09:29:54,ETF跨境型,196,159529.SZ,SZ,xtdata.get_stock_list_in_sector
2026-07-07,2026-07-07 09:29:54,ETF跨境型,197,159545.SZ,SZ,xtdata.get_stock_list_in_sector
2026-07-07,2026-07-07 09:29:54,ETF跨境型,198,159557.SZ,SZ,xtdata.get_stock_list_in_sector
2026-07-07,2026-07-07 09:29:54,ETF跨境型,199,159561.SZ,SZ,xtdata.get_stock_list_in_sector
2026-07-07,2026-07-07 09:29:54,ETF跨境型,200,159567.SZ,SZ,xtdata.get_stock_list_in_sector
2026-07-07,2026-07-07 09:29:54,ETF跨境型,201,159568.SZ,SZ,xtdata.get_stock_list_in_sector
2026-07-07,2026-07-07 09:29:54,ETF跨境型,202,159569.SZ,SZ,xtdata.get_stock_list_in_sector
2026-07-07,2026-07-07 09:29:54,ETF跨境型,203,159570.SZ,SZ,xtdata.get_stock_list_in_sector
2026-07-07,2026-07-07 09:29:54,ETF跨境型,204,159577.SZ,SZ,xtdata.get_stock_list_in_sector
2026-07-07,2026-07-07 09:29:54,ETF跨境型,205,159605.SZ,SZ,xtdata.get_stock_list_in_sector
2026-07-07,2026-07-07 09:29:54,ETF跨境型,206,159607.SZ,SZ,xtdata.get_stock_list_in_sector
2026-07-07,2026-07-07 09:29:54,ETF跨境型,207,159612.SZ,SZ,xtdata.get_stock_list_in_sector
2026-07-07,2026-07-07 09:29:54,ETF跨境型,208,159615.SZ,SZ,xtdata.get_stock_list_in_sector
2026-07-07,2026-07-07 09:29:54,ETF跨境型,209,159632.SZ,SZ,xtdata.get_stock_list_in_sector
2026-07-07,2026-07-07 09:29:54,ETF跨境型,210,159636.SZ,SZ,xtdata.get_stock_list_in_sector
2026-07-07,2026-07-07 09:29:54,ETF跨境型,211,159655.SZ,SZ,xtdata.get_stock_list_in_sector
2026-07-07,2026-07-07 09:29:54,ETF跨境型,212,159659.SZ,SZ,xtdata.get_stock_list_in_sector
2026-07-07,2026-07-07 09:29:54,ETF跨境型,213,159660.SZ,SZ,xtdata.get_stock_list_in_sector
2026-07-07,2026-07-07 09:29:54,ETF跨境型,214,159687.SZ,SZ,xtdata.get_stock_list_in_sector
2026-07-07,2026-07-07 09:29:54,ETF跨境型,215,159688.SZ,SZ,xtdata.get_stock_list_in_sector
2026-07-07,2026-07-07 09:29:54,ETF跨境型,216,159691.SZ,SZ,xtdata.get_stock_list_in_sector
2026-07-07,2026-07-07 09:29:54,ETF跨境型,217,159696.SZ,SZ,xtdata.get_stock_list_in_sector
2026-07-07,2026-07-07 09:29:54,ETF跨境型,218,159699.SZ,SZ,xtdata.get_stock_list_in_sector
2026-07-07,2026-07-07 09:29:54,ETF跨境型,219,159711.SZ,SZ,xtdata.get_stock_list_in_sector
2026-07-07,2026-07-07 09:29:54,ETF跨境型,220,159712.SZ,SZ,xtdata.get_stock_list_in_sector
2026-07-07,2026-07-07 09:29:54,ETF跨境型,221,159718.SZ,SZ,xtdata.get_stock_list_in_sector
2026-07-07,2026-07-07 09:29:54,ETF跨境型,222,159726.SZ,SZ,xtdata.get_stock_list_in_sector
2026-07-07,2026-07-07 09:29:54,ETF跨境型,223,159735.SZ,SZ,xtdata.get_stock_list_in_sector
2026-07-07,2026-07-07 09:29:54,ETF跨境型,224,159740.SZ,SZ,xtdata.get_stock_list_in_sector
2026-07-07,2026-07-07 09:29:54,ETF跨境型,225,159741.SZ,SZ,xtdata.get_stock_list_in_sector
2026-07-07,2026-07-07 09:29:54,ETF跨境型,226,159742.SZ,SZ,xtdata.get_stock_list_in_sector
2026-07-07,2026-07-07 09:29:54,ETF跨境型,227,159747.SZ,SZ,xtdata.get_stock_list_in_sector
2026-07-07,2026-07-07 09:29:54,ETF跨境型,228,159750.SZ,SZ,xtdata.get_stock_list_in_sector
2026-07-07,2026-07-07 09:29:54,ETF跨境型,229,159751.SZ,SZ,xtdata.get_stock_list_in_sector
2026-07-07,2026-07-07 09:29:54,ETF跨境型,230,159776.SZ,SZ,xtdata.get_stock_list_in_sector
2026-07-07,2026-07-07 09:29:54,ETF跨境型,231,159788.SZ,SZ,xtdata.get_stock_list_in_sector
2026-07-07,2026-07-07 09:29:54,ETF跨境型,232,159792.SZ,SZ,xtdata.get_stock_list_in_sector
2026-07-07,2026-07-07 09:29:54,ETF跨境型,233,159822.SZ,SZ,xtdata.get_stock_list_in_sector
2026-07-07,2026-07-07 09:29:54,ETF跨境型,234,159850.SZ,SZ,xtdata.get_stock_list_in_sector
2026-07-07,2026-07-07 09:29:54,ETF跨境型,235,159866.SZ,SZ,xtdata.get_stock_list_in_sector
2026-07-07,2026-07-07 09:29:54,ETF跨境型,236,159892.SZ,SZ,xtdata.get_stock_list_in_sector
2026-07-07,2026-07-07 09:29:54,ETF跨境型,237,159920.SZ,SZ,xtdata.get_stock_list_in_sector
2026-07-07,2026-07-07 09:29:54,ETF跨境型,238,159941.SZ,SZ,xtdata.get_stock_list_in_sector
2026-07-07,2026-07-07 09:29:54,ETF跨境型,239,159954.SZ,SZ,xtdata.get_stock_list_in_sector
2026-07-07,2026-07-07 09:29:54,ETF跨境型,240,159960.SZ,SZ,xtdata.get_stock_list_in_sector
