snapshot_date,snapshot_time,sector_name,rank_in_return,etf_code,market,source_api
2026-07-07,2026-07-07 09:29:54,ETF股票型,1,510010.SH,SH,xtdata.get_stock_list_in_sector
2026-07-07,2026-07-07 09:29:54,ETF股票型,2,510020.SH,SH,xtdata.get_stock_list_in_sector
2026-07-07,2026-07-07 09:29:54,ETF股票型,3,510030.SH,SH,xtdata.get_stock_list_in_sector
2026-07-07,2026-07-07 09:29:54,ETF股票型,4,510040.SH,SH,xtdata.get_stock_list_in_sector
2026-07-07,2026-07-07 09:29:54,ETF股票型,5,510050.SH,SH,xtdata.get_stock_list_in_sector
2026-07-07,2026-07-07 09:29:54,ETF股票型,6,510060.SH,SH,xtdata.get_stock_list_in_sector
2026-07-07,2026-07-07 09:29:54,ETF股票型,7,510090.SH,SH,xtdata.get_stock_list_in_sector
2026-07-07,2026-07-07 09:29:54,ETF股票型,8,510100.SH,SH,xtdata.get_stock_list_in_sector
2026-07-07,2026-07-07 09:29:54,ETF股票型,9,510130.SH,SH,xtdata.get_stock_list_in_sector
2026-07-07,2026-07-07 09:29:54,ETF股票型,10,510140.SH,SH,xtdata.get_stock_list_in_sector
2026-07-07,2026-07-07 09:29:54,ETF股票型,11,510150.SH,SH,xtdata.get_stock_list_in_sector
2026-07-07,2026-07-07 09:29:54,ETF股票型,12,510160.SH,SH,xtdata.get_stock_list_in_sector
2026-07-07,2026-07-07 09:29:54,ETF股票型,13,510170.SH,SH,xtdata.get_stock_list_in_sector
2026-07-07,2026-07-07 09:29:54,ETF股票型,14,510180.SH,SH,xtdata.get_stock_list_in_sector
2026-07-07,2026-07-07 09:29:54,ETF股票型,15,510190.SH,SH,xtdata.get_stock_list_in_sector
2026-07-07,2026-07-07 09:29:54,ETF股票型,16,510200.SH,SH,xtdata.get_stock_list_in_sector
2026-07-07,2026-07-07 09:29:54,ETF股票型,17,510210.SH,SH,xtdata.get_stock_list_in_sector
2026-07-07,2026-07-07 09:29:54,ETF股票型,18,510230.SH,SH,xtdata.get_stock_list_in_sector
2026-07-07,2026-07-07 09:29:54,ETF股票型,19,510270.SH,SH,xtdata.get_stock_list_in_sector
2026-07-07,2026-07-07 09:29:54,ETF股票型,20,510290.SH,SH,xtdata.get_stock_list_in_sector
2026-07-07,2026-07-07 09:29:54,ETF股票型,21,510300.SH,SH,xtdata.get_stock_list_in_sector
2026-07-07,2026-07-07 09:29:54,ETF股票型,22,510310.SH,SH,xtdata.get_stock_list_in_sector
2026-07-07,2026-07-07 09:29:54,ETF股票型,23,510320.SH,SH,xtdata.get_stock_list_in_sector
2026-07-07,2026-07-07 09:29:54,ETF股票型,24,510330.SH,SH,xtdata.get_stock_list_in_sector
2026-07-07,2026-07-07 09:29:54,ETF股票型,25,510350.SH,SH,xtdata.get_stock_list_in_sector
2026-07-07,2026-07-07 09:29:54,ETF股票型,26,510360.SH,SH,xtdata.get_stock_list_in_sector
2026-07-07,2026-07-07 09:29:54,ETF股票型,27,510370.SH,SH,xtdata.get_stock_list_in_sector
2026-07-07,2026-07-07 09:29:54,ETF股票型,28,510380.SH,SH,xtdata.get_stock_list_in_sector
2026-07-07,2026-07-07 09:29:54,ETF股票型,29,510390.SH,SH,xtdata.get_stock_list_in_sector
2026-07-07,2026-07-07 09:29:54,ETF股票型,30,510410.SH,SH,xtdata.get_stock_list_in_sector
2026-07-07,2026-07-07 09:29:54,ETF股票型,31,510500.SH,SH,xtdata.get_stock_list_in_sector
2026-07-07,2026-07-07 09:29:54,ETF股票型,32,510510.SH,SH,xtdata.get_stock_list_in_sector
2026-07-07,2026-07-07 09:29:54,ETF股票型,33,510530.SH,SH,xtdata.get_stock_list_in_sector
2026-07-07,2026-07-07 09:29:54,ETF股票型,34,510550.SH,SH,xtdata.get_stock_list_in_sector
2026-07-07,2026-07-07 09:29:54,ETF股票型,35,510560.SH,SH,xtdata.get_stock_list_in_sector
2026-07-07,2026-07-07 09:29:54,ETF股票型,36,510570.SH,SH,xtdata.get_stock_list_in_sector
2026-07-07,2026-07-07 09:29:54,ETF股票型,37,510580.SH,SH,xtdata.get_stock_list_in_sector
2026-07-07,2026-07-07 09:29:54,ETF股票型,38,510590.SH,SH,xtdata.get_stock_list_in_sector
2026-07-07,2026-07-07 09:29:54,ETF股票型,39,510600.SH,SH,xtdata.get_stock_list_in_sector
2026-07-07,2026-07-07 09:29:54,ETF股票型,40,510630.SH,SH,xtdata.get_stock_list_in_sector
2026-07-07,2026-07-07 09:29:54,ETF股票型,41,510650.SH,SH,xtdata.get_stock_list_in_sector
2026-07-07,2026-07-07 09:29:54,ETF股票型,42,510660.SH,SH,xtdata.get_stock_list_in_sector
2026-07-07,2026-07-07 09:29:54,ETF股票型,43,510670.SH,SH,xtdata.get_stock_list_in_sector
2026-07-07,2026-07-07 09:29:54,ETF股票型,44,510680.SH,SH,xtdata.get_stock_list_in_sector
2026-07-07,2026-07-07 09:29:54,ETF股票型,45,510710.SH,SH,xtdata.get_stock_list_in_sector
2026-07-07,2026-07-07 09:29:54,ETF股票型,46,510720.SH,SH,xtdata.get_stock_list_in_sector
2026-07-07,2026-07-07 09:29:54,ETF股票型,47,510760.SH,SH,xtdata.get_stock_list_in_sector
2026-07-07,2026-07-07 09:29:54,ETF股票型,48,510770.SH,SH,xtdata.get_stock_list_in_sector
2026-07-07,2026-07-07 09:29:54,ETF股票型,49,510800.SH,SH,xtdata.get_stock_list_in_sector
2026-07-07,2026-07-07 09:29:54,ETF股票型,50,510810.SH,SH,xtdata.get_stock_list_in_sector
2026-07-07,2026-07-07 09:29:54,ETF股票型,51,510850.SH,SH,xtdata.get_stock_list_in_sector
2026-07-07,2026-07-07 09:29:54,ETF股票型,52,510880.SH,SH,xtdata.get_stock_list_in_sector
2026-07-07,2026-07-07 09:29:54,ETF股票型,53,510910.SH,SH,xtdata.get_stock_list_in_sector
2026-07-07,2026-07-07 09:29:54,ETF股票型,54,510950.SH,SH,xtdata.get_stock_list_in_sector
2026-07-07,2026-07-07 09:29:54,ETF股票型,55,510980.SH,SH,xtdata.get_stock_list_in_sector
2026-07-07,2026-07-07 09:29:54,ETF股票型,56,510990.SH,SH,xtdata.get_stock_list_in_sector
2026-07-07,2026-07-07 09:29:54,ETF股票型,57,512000.SH,SH,xtdata.get_stock_list_in_sector
2026-07-07,2026-07-07 09:29:54,ETF股票型,58,512010.SH,SH,xtdata.get_stock_list_in_sector
2026-07-07,2026-07-07 09:29:54,ETF股票型,59,512020.SH,SH,xtdata.get_stock_list_in_sector
2026-07-07,2026-07-07 09:29:54,ETF股票型,60,512030.SH,SH,xtdata.get_stock_list_in_sector
2026-07-07,2026-07-07 09:29:54,ETF股票型,61,512040.SH,SH,xtdata.get_stock_list_in_sector
2026-07-07,2026-07-07 09:29:54,ETF股票型,62,512050.SH,SH,xtdata.get_stock_list_in_sector
2026-07-07,2026-07-07 09:29:54,ETF股票型,63,512060.SH,SH,xtdata.get_stock_list_in_sector
2026-07-07,2026-07-07 09:29:54,ETF股票型,64,512070.SH,SH,xtdata.get_stock_list_in_sector
2026-07-07,2026-07-07 09:29:54,ETF股票型,65,512080.SH,SH,xtdata.get_stock_list_in_sector
2026-07-07,2026-07-07 09:29:54,ETF股票型,66,512090.SH,SH,xtdata.get_stock_list_in_sector
2026-07-07,2026-07-07 09:29:54,ETF股票型,67,512100.SH,SH,xtdata.get_stock_list_in_sector
2026-07-07,2026-07-07 09:29:54,ETF股票型,68,512120.SH,SH,xtdata.get_stock_list_in_sector
2026-07-07,2026-07-07 09:29:54,ETF股票型,69,512130.SH,SH,xtdata.get_stock_list_in_sector
2026-07-07,2026-07-07 09:29:54,ETF股票型,70,512140.SH,SH,xtdata.get_stock_list_in_sector
2026-07-07,2026-07-07 09:29:54,ETF股票型,71,512150.SH,SH,xtdata.get_stock_list_in_sector
2026-07-07,2026-07-07 09:29:54,ETF股票型,72,512160.SH,SH,xtdata.get_stock_list_in_sector
2026-07-07,2026-07-07 09:29:54,ETF股票型,73,512170.SH,SH,xtdata.get_stock_list_in_sector
2026-07-07,2026-07-07 09:29:54,ETF股票型,74,512180.SH,SH,xtdata.get_stock_list_in_sector
2026-07-07,2026-07-07 09:29:54,ETF股票型,75,512190.SH,SH,xtdata.get_stock_list_in_sector
2026-07-07,2026-07-07 09:29:54,ETF股票型,76,512200.SH,SH,xtdata.get_stock_list_in_sector
2026-07-07,2026-07-07 09:29:54,ETF股票型,77,512220.SH,SH,xtdata.get_stock_list_in_sector
2026-07-07,2026-07-07 09:29:54,ETF股票型,78,512240.SH,SH,xtdata.get_stock_list_in_sector
2026-07-07,2026-07-07 09:29:54,ETF股票型,79,512250.SH,SH,xtdata.get_stock_list_in_sector
2026-07-07,2026-07-07 09:29:54,ETF股票型,80,512260.SH,SH,xtdata.get_stock_list_in_sector
2026-07-07,2026-07-07 09:29:54,ETF股票型,81,512290.SH,SH,xtdata.get_stock_list_in_sector
2026-07-07,2026-07-07 09:29:54,ETF股票型,82,512330.SH,SH,xtdata.get_stock_list_in_sector
2026-07-07,2026-07-07 09:29:54,ETF股票型,83,512360.SH,SH,xtdata.get_stock_list_in_sector
2026-07-07,2026-07-07 09:29:54,ETF股票型,84,512370.SH,SH,xtdata.get_stock_list_in_sector
2026-07-07,2026-07-07 09:29:54,ETF股票型,85,512380.SH,SH,xtdata.get_stock_list_in_sector
2026-07-07,2026-07-07 09:29:54,ETF股票型,86,512390.SH,SH,xtdata.get_stock_list_in_sector
2026-07-07,2026-07-07 09:29:54,ETF股票型,87,512400.SH,SH,xtdata.get_stock_list_in_sector
2026-07-07,2026-07-07 09:29:54,ETF股票型,88,512430.SH,SH,xtdata.get_stock_list_in_sector
2026-07-07,2026-07-07 09:29:54,ETF股票型,89,512450.SH,SH,xtdata.get_stock_list_in_sector
2026-07-07,2026-07-07 09:29:54,ETF股票型,90,512460.SH,SH,xtdata.get_stock_list_in_sector
2026-07-07,2026-07-07 09:29:54,ETF股票型,91,512480.SH,SH,xtdata.get_stock_list_in_sector
2026-07-07,2026-07-07 09:29:54,ETF股票型,92,512500.SH,SH,xtdata.get_stock_list_in_sector
2026-07-07,2026-07-07 09:29:54,ETF股票型,93,512510.SH,SH,xtdata.get_stock_list_in_sector
2026-07-07,2026-07-07 09:29:54,ETF股票型,94,512520.SH,SH,xtdata.get_stock_list_in_sector
2026-07-07,2026-07-07 09:29:54,ETF股票型,95,512530.SH,SH,xtdata.get_stock_list_in_sector
2026-07-07,2026-07-07 09:29:54,ETF股票型,96,512550.SH,SH,xtdata.get_stock_list_in_sector
2026-07-07,2026-07-07 09:29:54,ETF股票型,97,512560.SH,SH,xtdata.get_stock_list_in_sector
2026-07-07,2026-07-07 09:29:54,ETF股票型,98,512570.SH,SH,xtdata.get_stock_list_in_sector
2026-07-07,2026-07-07 09:29:54,ETF股票型,99,512580.SH,SH,xtdata.get_stock_list_in_sector
2026-07-07,2026-07-07 09:29:54,ETF股票型,100,512600.SH,SH,xtdata.get_stock_list_in_sector
2026-07-07,2026-07-07 09:29:54,ETF股票型,101,512620.SH,SH,xtdata.get_stock_list_in_sector
2026-07-07,2026-07-07 09:29:54,ETF股票型,102,512630.SH,SH,xtdata.get_stock_list_in_sector
2026-07-07,2026-07-07 09:29:54,ETF股票型,103,512640.SH,SH,xtdata.get_stock_list_in_sector
2026-07-07,2026-07-07 09:29:54,ETF股票型,104,512650.SH,SH,xtdata.get_stock_list_in_sector
2026-07-07,2026-07-07 09:29:54,ETF股票型,105,512660.SH,SH,xtdata.get_stock_list_in_sector
2026-07-07,2026-07-07 09:29:54,ETF股票型,106,512670.SH,SH,xtdata.get_stock_list_in_sector
2026-07-07,2026-07-07 09:29:54,ETF股票型,107,512680.SH,SH,xtdata.get_stock_list_in_sector
2026-07-07,2026-07-07 09:29:54,ETF股票型,108,512690.SH,SH,xtdata.get_stock_list_in_sector
2026-07-07,2026-07-07 09:29:54,ETF股票型,109,512700.SH,SH,xtdata.get_stock_list_in_sector
2026-07-07,2026-07-07 09:29:54,ETF股票型,110,512710.SH,SH,xtdata.get_stock_list_in_sector
2026-07-07,2026-07-07 09:29:54,ETF股票型,111,512720.SH,SH,xtdata.get_stock_list_in_sector
2026-07-07,2026-07-07 09:29:54,ETF股票型,112,512730.SH,SH,xtdata.get_stock_list_in_sector
2026-07-07,2026-07-07 09:29:54,ETF股票型,113,512750.SH,SH,xtdata.get_stock_list_in_sector
2026-07-07,2026-07-07 09:29:54,ETF股票型,114,512760.SH,SH,xtdata.get_stock_list_in_sector
2026-07-07,2026-07-07 09:29:54,ETF股票型,115,512770.SH,SH,xtdata.get_stock_list_in_sector
2026-07-07,2026-07-07 09:29:54,ETF股票型,116,512800.SH,SH,xtdata.get_stock_list_in_sector
2026-07-07,2026-07-07 09:29:54,ETF股票型,117,512810.SH,SH,xtdata.get_stock_list_in_sector
2026-07-07,2026-07-07 09:29:54,ETF股票型,118,512820.SH,SH,xtdata.get_stock_list_in_sector
2026-07-07,2026-07-07 09:29:54,ETF股票型,119,512870.SH,SH,xtdata.get_stock_list_in_sector
2026-07-07,2026-07-07 09:29:54,ETF股票型,120,512880.SH,SH,xtdata.get_stock_list_in_sector
2026-07-07,2026-07-07 09:29:54,ETF股票型,121,512890.SH,SH,xtdata.get_stock_list_in_sector
2026-07-07,2026-07-07 09:29:54,ETF股票型,122,512900.SH,SH,xtdata.get_stock_list_in_sector
2026-07-07,2026-07-07 09:29:54,ETF股票型,123,512910.SH,SH,xtdata.get_stock_list_in_sector
2026-07-07,2026-07-07 09:29:54,ETF股票型,124,512930.SH,SH,xtdata.get_stock_list_in_sector
2026-07-07,2026-07-07 09:29:54,ETF股票型,125,512940.SH,SH,xtdata.get_stock_list_in_sector
2026-07-07,2026-07-07 09:29:54,ETF股票型,126,512950.SH,SH,xtdata.get_stock_list_in_sector
2026-07-07,2026-07-07 09:29:54,ETF股票型,127,512960.SH,SH,xtdata.get_stock_list_in_sector
2026-07-07,2026-07-07 09:29:54,ETF股票型,128,512970.SH,SH,xtdata.get_stock_list_in_sector
2026-07-07,2026-07-07 09:29:54,ETF股票型,129,512980.SH,SH,xtdata.get_stock_list_in_sector
2026-07-07,2026-07-07 09:29:54,ETF股票型,130,512990.SH,SH,xtdata.get_stock_list_in_sector
2026-07-07,2026-07-07 09:29:54,ETF股票型,131,515000.SH,SH,xtdata.get_stock_list_in_sector
2026-07-07,2026-07-07 09:29:54,ETF股票型,132,515010.SH,SH,xtdata.get_stock_list_in_sector
2026-07-07,2026-07-07 09:29:54,ETF股票型,133,515020.SH,SH,xtdata.get_stock_list_in_sector
2026-07-07,2026-07-07 09:29:54,ETF股票型,134,515030.SH,SH,xtdata.get_stock_list_in_sector
2026-07-07,2026-07-07 09:29:54,ETF股票型,135,515050.SH,SH,xtdata.get_stock_list_in_sector
2026-07-07,2026-07-07 09:29:54,ETF股票型,136,515060.SH,SH,xtdata.get_stock_list_in_sector
2026-07-07,2026-07-07 09:29:54,ETF股票型,137,515070.SH,SH,xtdata.get_stock_list_in_sector
2026-07-07,2026-07-07 09:29:54,ETF股票型,138,515080.SH,SH,xtdata.get_stock_list_in_sector
2026-07-07,2026-07-07 09:29:54,ETF股票型,139,515090.SH,SH,xtdata.get_stock_list_in_sector
2026-07-07,2026-07-07 09:29:54,ETF股票型,140,515100.SH,SH,xtdata.get_stock_list_in_sector
2026-07-07,2026-07-07 09:29:54,ETF股票型,141,515110.SH,SH,xtdata.get_stock_list_in_sector
2026-07-07,2026-07-07 09:29:54,ETF股票型,142,515120.SH,SH,xtdata.get_stock_list_in_sector
2026-07-07,2026-07-07 09:29:54,ETF股票型,143,515130.SH,SH,xtdata.get_stock_list_in_sector
2026-07-07,2026-07-07 09:29:54,ETF股票型,144,515150.SH,SH,xtdata.get_stock_list_in_sector
2026-07-07,2026-07-07 09:29:54,ETF股票型,145,515160.SH,SH,xtdata.get_stock_list_in_sector
2026-07-07,2026-07-07 09:29:54,ETF股票型,146,515170.SH,SH,xtdata.get_stock_list_in_sector
2026-07-07,2026-07-07 09:29:54,ETF股票型,147,515180.SH,SH,xtdata.get_stock_list_in_sector
2026-07-07,2026-07-07 09:29:54,ETF股票型,148,515190.SH,SH,xtdata.get_stock_list_in_sector
2026-07-07,2026-07-07 09:29:54,ETF股票型,149,515200.SH,SH,xtdata.get_stock_list_in_sector
2026-07-07,2026-07-07 09:29:54,ETF股票型,150,515210.SH,SH,xtdata.get_stock_list_in_sector
2026-07-07,2026-07-07 09:29:54,ETF股票型,151,515220.SH,SH,xtdata.get_stock_list_in_sector
2026-07-07,2026-07-07 09:29:54,ETF股票型,152,515230.SH,SH,xtdata.get_stock_list_in_sector
2026-07-07,2026-07-07 09:29:54,ETF股票型,153,515250.SH,SH,xtdata.get_stock_list_in_sector
2026-07-07,2026-07-07 09:29:54,ETF股票型,154,515260.SH,SH,xtdata.get_stock_list_in_sector
2026-07-07,2026-07-07 09:29:54,ETF股票型,155,515290.SH,SH,xtdata.get_stock_list_in_sector
2026-07-07,2026-07-07 09:29:54,ETF股票型,156,515300.SH,SH,xtdata.get_stock_list_in_sector
2026-07-07,2026-07-07 09:29:54,ETF股票型,157,515310.SH,SH,xtdata.get_stock_list_in_sector
2026-07-07,2026-07-07 09:29:54,ETF股票型,158,515320.SH,SH,xtdata.get_stock_list_in_sector
2026-07-07,2026-07-07 09:29:54,ETF股票型,159,515330.SH,SH,xtdata.get_stock_list_in_sector
2026-07-07,2026-07-07 09:29:54,ETF股票型,160,515350.SH,SH,xtdata.get_stock_list_in_sector
2026-07-07,2026-07-07 09:29:54,ETF股票型,161,515360.SH,SH,xtdata.get_stock_list_in_sector
2026-07-07,2026-07-07 09:29:54,ETF股票型,162,515370.SH,SH,xtdata.get_stock_list_in_sector
2026-07-07,2026-07-07 09:29:54,ETF股票型,163,515380.SH,SH,xtdata.get_stock_list_in_sector
2026-07-07,2026-07-07 09:29:54,ETF股票型,164,515390.SH,SH,xtdata.get_stock_list_in_sector
2026-07-07,2026-07-07 09:29:54,ETF股票型,165,515400.SH,SH,xtdata.get_stock_list_in_sector
2026-07-07,2026-07-07 09:29:54,ETF股票型,166,515450.SH,SH,xtdata.get_stock_list_in_sector
2026-07-07,2026-07-07 09:29:54,ETF股票型,167,515460.SH,SH,xtdata.get_stock_list_in_sector
2026-07-07,2026-07-07 09:29:54,ETF股票型,168,515530.SH,SH,xtdata.get_stock_list_in_sector
2026-07-07,2026-07-07 09:29:54,ETF股票型,169,515550.SH,SH,xtdata.get_stock_list_in_sector
2026-07-07,2026-07-07 09:29:54,ETF股票型,170,515560.SH,SH,xtdata.get_stock_list_in_sector
2026-07-07,2026-07-07 09:29:54,ETF股票型,171,515580.SH,SH,xtdata.get_stock_list_in_sector
2026-07-07,2026-07-07 09:29:54,ETF股票型,172,515590.SH,SH,xtdata.get_stock_list_in_sector
2026-07-07,2026-07-07 09:29:54,ETF股票型,173,515600.SH,SH,xtdata.get_stock_list_in_sector
2026-07-07,2026-07-07 09:29:54,ETF股票型,174,515630.SH,SH,xtdata.get_stock_list_in_sector
2026-07-07,2026-07-07 09:29:54,ETF股票型,175,515640.SH,SH,xtdata.get_stock_list_in_sector
2026-07-07,2026-07-07 09:29:54,ETF股票型,176,515650.SH,SH,xtdata.get_stock_list_in_sector
2026-07-07,2026-07-07 09:29:54,ETF股票型,177,515660.SH,SH,xtdata.get_stock_list_in_sector
2026-07-07,2026-07-07 09:29:54,ETF股票型,178,515680.SH,SH,xtdata.get_stock_list_in_sector
2026-07-07,2026-07-07 09:29:54,ETF股票型,179,515700.SH,SH,xtdata.get_stock_list_in_sector
2026-07-07,2026-07-07 09:29:54,ETF股票型,180,515710.SH,SH,xtdata.get_stock_list_in_sector
2026-07-07,2026-07-07 09:29:54,ETF股票型,181,515720.SH,SH,xtdata.get_stock_list_in_sector
2026-07-07,2026-07-07 09:29:54,ETF股票型,182,515730.SH,SH,xtdata.get_stock_list_in_sector
2026-07-07,2026-07-07 09:29:54,ETF股票型,183,515750.SH,SH,xtdata.get_stock_list_in_sector
2026-07-07,2026-07-07 09:29:54,ETF股票型,184,515760.SH,SH,xtdata.get_stock_list_in_sector
2026-07-07,2026-07-07 09:29:54,ETF股票型,185,515770.SH,SH,xtdata.get_stock_list_in_sector
2026-07-07,2026-07-07 09:29:54,ETF股票型,186,515790.SH,SH,xtdata.get_stock_list_in_sector
2026-07-07,2026-07-07 09:29:54,ETF股票型,187,515800.SH,SH,xtdata.get_stock_list_in_sector
2026-07-07,2026-07-07 09:29:54,ETF股票型,188,515810.SH,SH,xtdata.get_stock_list_in_sector
2026-07-07,2026-07-07 09:29:54,ETF股票型,189,515850.SH,SH,xtdata.get_stock_list_in_sector
2026-07-07,2026-07-07 09:29:54,ETF股票型,190,515860.SH,SH,xtdata.get_stock_list_in_sector
2026-07-07,2026-07-07 09:29:54,ETF股票型,191,515880.SH,SH,xtdata.get_stock_list_in_sector
2026-07-07,2026-07-07 09:29:54,ETF股票型,192,515890.SH,SH,xtdata.get_stock_list_in_sector
2026-07-07,2026-07-07 09:29:54,ETF股票型,193,515900.SH,SH,xtdata.get_stock_list_in_sector
2026-07-07,2026-07-07 09:29:54,ETF股票型,194,515910.SH,SH,xtdata.get_stock_list_in_sector
2026-07-07,2026-07-07 09:29:54,ETF股票型,195,515920.SH,SH,xtdata.get_stock_list_in_sector
2026-07-07,2026-07-07 09:29:54,ETF股票型,196,515950.SH,SH,xtdata.get_stock_list_in_sector
2026-07-07,2026-07-07 09:29:54,ETF股票型,197,515960.SH,SH,xtdata.get_stock_list_in_sector
2026-07-07,2026-07-07 09:29:54,ETF股票型,198,515970.SH,SH,xtdata.get_stock_list_in_sector
2026-07-07,2026-07-07 09:29:54,ETF股票型,199,515980.SH,SH,xtdata.get_stock_list_in_sector
2026-07-07,2026-07-07 09:29:54,ETF股票型,200,515990.SH,SH,xtdata.get_stock_list_in_sector
2026-07-07,2026-07-07 09:29:54,ETF股票型,201,516000.SH,SH,xtdata.get_stock_list_in_sector
2026-07-07,2026-07-07 09:29:54,ETF股票型,202,516010.SH,SH,xtdata.get_stock_list_in_sector
2026-07-07,2026-07-07 09:29:54,ETF股票型,203,516020.SH,SH,xtdata.get_stock_list_in_sector
2026-07-07,2026-07-07 09:29:54,ETF股票型,204,516050.SH,SH,xtdata.get_stock_list_in_sector
2026-07-07,2026-07-07 09:29:54,ETF股票型,205,516060.SH,SH,xtdata.get_stock_list_in_sector
2026-07-07,2026-07-07 09:29:54,ETF股票型,206,516070.SH,SH,xtdata.get_stock_list_in_sector
2026-07-07,2026-07-07 09:29:54,ETF股票型,207,516080.SH,SH,xtdata.get_stock_list_in_sector
2026-07-07,2026-07-07 09:29:54,ETF股票型,208,516090.SH,SH,xtdata.get_stock_list_in_sector
2026-07-07,2026-07-07 09:29:54,ETF股票型,209,516100.SH,SH,xtdata.get_stock_list_in_sector
2026-07-07,2026-07-07 09:29:54,ETF股票型,210,516110.SH,SH,xtdata.get_stock_list_in_sector
2026-07-07,2026-07-07 09:29:54,ETF股票型,211,516120.SH,SH,xtdata.get_stock_list_in_sector
2026-07-07,2026-07-07 09:29:54,ETF股票型,212,516130.SH,SH,xtdata.get_stock_list_in_sector
2026-07-07,2026-07-07 09:29:54,ETF股票型,213,516150.SH,SH,xtdata.get_stock_list_in_sector
2026-07-07,2026-07-07 09:29:54,ETF股票型,214,516160.SH,SH,xtdata.get_stock_list_in_sector
2026-07-07,2026-07-07 09:29:54,ETF股票型,215,516180.SH,SH,xtdata.get_stock_list_in_sector
2026-07-07,2026-07-07 09:29:54,ETF股票型,216,516190.SH,SH,xtdata.get_stock_list_in_sector
2026-07-07,2026-07-07 09:29:54,ETF股票型,217,516200.SH,SH,xtdata.get_stock_list_in_sector
2026-07-07,2026-07-07 09:29:54,ETF股票型,218,516210.SH,SH,xtdata.get_stock_list_in_sector
2026-07-07,2026-07-07 09:29:54,ETF股票型,219,516220.SH,SH,xtdata.get_stock_list_in_sector
2026-07-07,2026-07-07 09:29:54,ETF股票型,220,516230.SH,SH,xtdata.get_stock_list_in_sector
2026-07-07,2026-07-07 09:29:54,ETF股票型,221,516250.SH,SH,xtdata.get_stock_list_in_sector
2026-07-07,2026-07-07 09:29:54,ETF股票型,222,516260.SH,SH,xtdata.get_stock_list_in_sector
2026-07-07,2026-07-07 09:29:54,ETF股票型,223,516270.SH,SH,xtdata.get_stock_list_in_sector
2026-07-07,2026-07-07 09:29:54,ETF股票型,224,516290.SH,SH,xtdata.get_stock_list_in_sector
2026-07-07,2026-07-07 09:29:54,ETF股票型,225,516300.SH,SH,xtdata.get_stock_list_in_sector
2026-07-07,2026-07-07 09:29:54,ETF股票型,226,516310.SH,SH,xtdata.get_stock_list_in_sector
2026-07-07,2026-07-07 09:29:54,ETF股票型,227,516320.SH,SH,xtdata.get_stock_list_in_sector
2026-07-07,2026-07-07 09:29:54,ETF股票型,228,516330.SH,SH,xtdata.get_stock_list_in_sector
2026-07-07,2026-07-07 09:29:54,ETF股票型,229,516350.SH,SH,xtdata.get_stock_list_in_sector
2026-07-07,2026-07-07 09:29:54,ETF股票型,230,516360.SH,SH,xtdata.get_stock_list_in_sector
2026-07-07,2026-07-07 09:29:54,ETF股票型,231,516370.SH,SH,xtdata.get_stock_list_in_sector
2026-07-07,2026-07-07 09:29:54,ETF股票型,232,516380.SH,SH,xtdata.get_stock_list_in_sector
2026-07-07,2026-07-07 09:29:54,ETF股票型,233,516390.SH,SH,xtdata.get_stock_list_in_sector
2026-07-07,2026-07-07 09:29:54,ETF股票型,234,516460.SH,SH,xtdata.get_stock_list_in_sector
2026-07-07,2026-07-07 09:29:54,ETF股票型,235,516500.SH,SH,xtdata.get_stock_list_in_sector
2026-07-07,2026-07-07 09:29:54,ETF股票型,236,516510.SH,SH,xtdata.get_stock_list_in_sector
2026-07-07,2026-07-07 09:29:54,ETF股票型,237,516520.SH,SH,xtdata.get_stock_list_in_sector
2026-07-07,2026-07-07 09:29:54,ETF股票型,238,516530.SH,SH,xtdata.get_stock_list_in_sector
2026-07-07,2026-07-07 09:29:54,ETF股票型,239,516550.SH,SH,xtdata.get_stock_list_in_sector
2026-07-07,2026-07-07 09:29:54,ETF股票型,240,516560.SH,SH,xtdata.get_stock_list_in_sector
2026-07-07,2026-07-07 09:29:54,ETF股票型,241,516570.SH,SH,xtdata.get_stock_list_in_sector
2026-07-07,2026-07-07 09:29:54,ETF股票型,242,516580.SH,SH,xtdata.get_stock_list_in_sector
2026-07-07,2026-07-07 09:29:54,ETF股票型,243,516590.SH,SH,xtdata.get_stock_list_in_sector
2026-07-07,2026-07-07 09:29:54,ETF股票型,244,516600.SH,SH,xtdata.get_stock_list_in_sector
2026-07-07,2026-07-07 09:29:54,ETF股票型,245,516610.SH,SH,xtdata.get_stock_list_in_sector
2026-07-07,2026-07-07 09:29:54,ETF股票型,246,516620.SH,SH,xtdata.get_stock_list_in_sector
2026-07-07,2026-07-07 09:29:54,ETF股票型,247,516630.SH,SH,xtdata.get_stock_list_in_sector
2026-07-07,2026-07-07 09:29:54,ETF股票型,248,516640.SH,SH,xtdata.get_stock_list_in_sector
2026-07-07,2026-07-07 09:29:54,ETF股票型,249,516650.SH,SH,xtdata.get_stock_list_in_sector
2026-07-07,2026-07-07 09:29:54,ETF股票型,250,516660.SH,SH,xtdata.get_stock_list_in_sector
2026-07-07,2026-07-07 09:29:54,ETF股票型,251,516670.SH,SH,xtdata.get_stock_list_in_sector
2026-07-07,2026-07-07 09:29:54,ETF股票型,252,516700.SH,SH,xtdata.get_stock_list_in_sector
2026-07-07,2026-07-07 09:29:54,ETF股票型,253,516710.SH,SH,xtdata.get_stock_list_in_sector
2026-07-07,2026-07-07 09:29:54,ETF股票型,254,516720.SH,SH,xtdata.get_stock_list_in_sector
2026-07-07,2026-07-07 09:29:54,ETF股票型,255,516730.SH,SH,xtdata.get_stock_list_in_sector
2026-07-07,2026-07-07 09:29:54,ETF股票型,256,516750.SH,SH,xtdata.get_stock_list_in_sector
2026-07-07,2026-07-07 09:29:54,ETF股票型,257,516760.SH,SH,xtdata.get_stock_list_in_sector
2026-07-07,2026-07-07 09:29:54,ETF股票型,258,516770.SH,SH,xtdata.get_stock_list_in_sector
2026-07-07,2026-07-07 09:29:54,ETF股票型,259,516780.SH,SH,xtdata.get_stock_list_in_sector
2026-07-07,2026-07-07 09:29:54,ETF股票型,260,516790.SH,SH,xtdata.get_stock_list_in_sector
2026-07-07,2026-07-07 09:29:54,ETF股票型,261,516800.SH,SH,xtdata.get_stock_list_in_sector
2026-07-07,2026-07-07 09:29:54,ETF股票型,262,516810.SH,SH,xtdata.get_stock_list_in_sector
2026-07-07,2026-07-07 09:29:54,ETF股票型,263,516820.SH,SH,xtdata.get_stock_list_in_sector
2026-07-07,2026-07-07 09:29:54,ETF股票型,264,516830.SH,SH,xtdata.get_stock_list_in_sector
2026-07-07,2026-07-07 09:29:54,ETF股票型,265,516840.SH,SH,xtdata.get_stock_list_in_sector
2026-07-07,2026-07-07 09:29:54,ETF股票型,266,516850.SH,SH,xtdata.get_stock_list_in_sector
2026-07-07,2026-07-07 09:29:54,ETF股票型,267,516860.SH,SH,xtdata.get_stock_list_in_sector
2026-07-07,2026-07-07 09:29:54,ETF股票型,268,516880.SH,SH,xtdata.get_stock_list_in_sector
2026-07-07,2026-07-07 09:29:54,ETF股票型,269,516890.SH,SH,xtdata.get_stock_list_in_sector
2026-07-07,2026-07-07 09:29:54,ETF股票型,270,516900.SH,SH,xtdata.get_stock_list_in_sector
2026-07-07,2026-07-07 09:29:54,ETF股票型,271,516910.SH,SH,xtdata.get_stock_list_in_sector
2026-07-07,2026-07-07 09:29:54,ETF股票型,272,516920.SH,SH,xtdata.get_stock_list_in_sector
2026-07-07,2026-07-07 09:29:54,ETF股票型,273,516930.SH,SH,xtdata.get_stock_list_in_sector
2026-07-07,2026-07-07 09:29:54,ETF股票型,274,516950.SH,SH,xtdata.get_stock_list_in_sector
2026-07-07,2026-07-07 09:29:54,ETF股票型,275,516960.SH,SH,xtdata.get_stock_list_in_sector
2026-07-07,2026-07-07 09:29:54,ETF股票型,276,516970.SH,SH,xtdata.get_stock_list_in_sector
2026-07-07,2026-07-07 09:29:54,ETF股票型,277,516980.SH,SH,xtdata.get_stock_list_in_sector
2026-07-07,2026-07-07 09:29:54,ETF股票型,278,517000.SH,SH,xtdata.get_stock_list_in_sector
2026-07-07,2026-07-07 09:29:54,ETF股票型,279,517010.SH,SH,xtdata.get_stock_list_in_sector
2026-07-07,2026-07-07 09:29:54,ETF股票型,280,517030.SH,SH,xtdata.get_stock_list_in_sector
2026-07-07,2026-07-07 09:29:54,ETF股票型,281,517050.SH,SH,xtdata.get_stock_list_in_sector
2026-07-07,2026-07-07 09:29:54,ETF股票型,282,517080.SH,SH,xtdata.get_stock_list_in_sector
2026-07-07,2026-07-07 09:29:54,ETF股票型,283,517090.SH,SH,xtdata.get_stock_list_in_sector
2026-07-07,2026-07-07 09:29:54,ETF股票型,284,517100.SH,SH,xtdata.get_stock_list_in_sector
2026-07-07,2026-07-07 09:29:54,ETF股票型,285,517110.SH,SH,xtdata.get_stock_list_in_sector
2026-07-07,2026-07-07 09:29:54,ETF股票型,286,517120.SH,SH,xtdata.get_stock_list_in_sector
2026-07-07,2026-07-07 09:29:54,ETF股票型,287,517130.SH,SH,xtdata.get_stock_list_in_sector
2026-07-07,2026-07-07 09:29:54,ETF股票型,288,517160.SH,SH,xtdata.get_stock_list_in_sector
2026-07-07,2026-07-07 09:29:54,ETF股票型,289,517170.SH,SH,xtdata.get_stock_list_in_sector
2026-07-07,2026-07-07 09:29:54,ETF股票型,290,517180.SH,SH,xtdata.get_stock_list_in_sector
2026-07-07,2026-07-07 09:29:54,ETF股票型,291,517200.SH,SH,xtdata.get_stock_list_in_sector
2026-07-07,2026-07-07 09:29:54,ETF股票型,292,517300.SH,SH,xtdata.get_stock_list_in_sector
2026-07-07,2026-07-07 09:29:54,ETF股票型,293,517330.SH,SH,xtdata.get_stock_list_in_sector
2026-07-07,2026-07-07 09:29:54,ETF股票型,294,517350.SH,SH,xtdata.get_stock_list_in_sector
2026-07-07,2026-07-07 09:29:54,ETF股票型,295,517360.SH,SH,xtdata.get_stock_list_in_sector
2026-07-07,2026-07-07 09:29:54,ETF股票型,296,517380.SH,SH,xtdata.get_stock_list_in_sector
2026-07-07,2026-07-07 09:29:54,ETF股票型,297,517390.SH,SH,xtdata.get_stock_list_in_sector
2026-07-07,2026-07-07 09:29:54,ETF股票型,298,517400.SH,SH,xtdata.get_stock_list_in_sector
2026-07-07,2026-07-07 09:29:54,ETF股票型,299,517520.SH,SH,xtdata.get_stock_list_in_sector
2026-07-07,2026-07-07 09:29:54,ETF股票型,300,517550.SH,SH,xtdata.get_stock_list_in_sector
2026-07-07,2026-07-07 09:29:54,ETF股票型,301,517660.SH,SH,xtdata.get_stock_list_in_sector
2026-07-07,2026-07-07 09:29:54,ETF股票型,302,517770.SH,SH,xtdata.get_stock_list_in_sector
2026-07-07,2026-07-07 09:29:54,ETF股票型,303,517800.SH,SH,xtdata.get_stock_list_in_sector
2026-07-07,2026-07-07 09:29:54,ETF股票型,304,517850.SH,SH,xtdata.get_stock_list_in_sector
2026-07-07,2026-07-07 09:29:54,ETF股票型,305,517880.SH,SH,xtdata.get_stock_list_in_sector
2026-07-07,2026-07-07 09:29:54,ETF股票型,306,517900.SH,SH,xtdata.get_stock_list_in_sector
2026-07-07,2026-07-07 09:29:54,ETF股票型,307,517950.SH,SH,xtdata.get_stock_list_in_sector
2026-07-07,2026-07-07 09:29:54,ETF股票型,308,517990.SH,SH,xtdata.get_stock_list_in_sector
2026-07-07,2026-07-07 09:29:54,ETF股票型,309,530000.SH,SH,xtdata.get_stock_list_in_sector
2026-07-07,2026-07-07 09:29:54,ETF股票型,310,530050.SH,SH,xtdata.get_stock_list_in_sector
2026-07-07,2026-07-07 09:29:54,ETF股票型,311,530060.SH,SH,xtdata.get_stock_list_in_sector
2026-07-07,2026-07-07 09:29:54,ETF股票型,312,530080.SH,SH,xtdata.get_stock_list_in_sector
2026-07-07,2026-07-07 09:29:54,ETF股票型,313,530100.SH,SH,xtdata.get_stock_list_in_sector
2026-07-07,2026-07-07 09:29:54,ETF股票型,314,530180.SH,SH,xtdata.get_stock_list_in_sector
2026-07-07,2026-07-07 09:29:54,ETF股票型,315,530280.SH,SH,xtdata.get_stock_list_in_sector
2026-07-07,2026-07-07 09:29:54,ETF股票型,316,530300.SH,SH,xtdata.get_stock_list_in_sector
2026-07-07,2026-07-07 09:29:54,ETF股票型,317,530380.SH,SH,xtdata.get_stock_list_in_sector
2026-07-07,2026-07-07 09:29:54,ETF股票型,318,530530.SH,SH,xtdata.get_stock_list_in_sector
2026-07-07,2026-07-07 09:29:54,ETF股票型,319,530580.SH,SH,xtdata.get_stock_list_in_sector
2026-07-07,2026-07-07 09:29:54,ETF股票型,320,530680.SH,SH,xtdata.get_stock_list_in_sector
2026-07-07,2026-07-07 09:29:54,ETF股票型,321,530800.SH,SH,xtdata.get_stock_list_in_sector
2026-07-07,2026-07-07 09:29:54,ETF股票型,322,530880.SH,SH,xtdata.get_stock_list_in_sector
2026-07-07,2026-07-07 09:29:54,ETF股票型,323,560000.SH,SH,xtdata.get_stock_list_in_sector
2026-07-07,2026-07-07 09:29:54,ETF股票型,324,560010.SH,SH,xtdata.get_stock_list_in_sector
2026-07-07,2026-07-07 09:29:54,ETF股票型,325,560020.SH,SH,xtdata.get_stock_list_in_sector
2026-07-07,2026-07-07 09:29:54,ETF股票型,326,560030.SH,SH,xtdata.get_stock_list_in_sector
2026-07-07,2026-07-07 09:29:54,ETF股票型,327,560050.SH,SH,xtdata.get_stock_list_in_sector
2026-07-07,2026-07-07 09:29:54,ETF股票型,328,560060.SH,SH,xtdata.get_stock_list_in_sector
2026-07-07,2026-07-07 09:29:54,ETF股票型,329,560070.SH,SH,xtdata.get_stock_list_in_sector
2026-07-07,2026-07-07 09:29:54,ETF股票型,330,560080.SH,SH,xtdata.get_stock_list_in_sector
2026-07-07,2026-07-07 09:29:54,ETF股票型,331,560090.SH,SH,xtdata.get_stock_list_in_sector
2026-07-07,2026-07-07 09:29:54,ETF股票型,332,560100.SH,SH,xtdata.get_stock_list_in_sector
2026-07-07,2026-07-07 09:29:54,ETF股票型,333,560110.SH,SH,xtdata.get_stock_list_in_sector
2026-07-07,2026-07-07 09:29:54,ETF股票型,334,560120.SH,SH,xtdata.get_stock_list_in_sector
2026-07-07,2026-07-07 09:29:54,ETF股票型,335,560130.SH,SH,xtdata.get_stock_list_in_sector
2026-07-07,2026-07-07 09:29:54,ETF股票型,336,560150.SH,SH,xtdata.get_stock_list_in_sector
2026-07-07,2026-07-07 09:29:54,ETF股票型,337,560160.SH,SH,xtdata.get_stock_list_in_sector
2026-07-07,2026-07-07 09:29:54,ETF股票型,338,560170.SH,SH,xtdata.get_stock_list_in_sector
2026-07-07,2026-07-07 09:29:54,ETF股票型,339,560180.SH,SH,xtdata.get_stock_list_in_sector
2026-07-07,2026-07-07 09:29:54,ETF股票型,340,560190.SH,SH,xtdata.get_stock_list_in_sector
2026-07-07,2026-07-07 09:29:54,ETF股票型,341,560210.SH,SH,xtdata.get_stock_list_in_sector
2026-07-07,2026-07-07 09:29:54,ETF股票型,342,560220.SH,SH,xtdata.get_stock_list_in_sector
2026-07-07,2026-07-07 09:29:54,ETF股票型,343,560230.SH,SH,xtdata.get_stock_list_in_sector
2026-07-07,2026-07-07 09:29:54,ETF股票型,344,560250.SH,SH,xtdata.get_stock_list_in_sector
2026-07-07,2026-07-07 09:29:54,ETF股票型,345,560260.SH,SH,xtdata.get_stock_list_in_sector
2026-07-07,2026-07-07 09:29:54,ETF股票型,346,560270.SH,SH,xtdata.get_stock_list_in_sector
2026-07-07,2026-07-07 09:29:54,ETF股票型,347,560280.SH,SH,xtdata.get_stock_list_in_sector
2026-07-07,2026-07-07 09:29:54,ETF股票型,348,560290.SH,SH,xtdata.get_stock_list_in_sector
2026-07-07,2026-07-07 09:29:54,ETF股票型,349,560300.SH,SH,xtdata.get_stock_list_in_sector
2026-07-07,2026-07-07 09:29:54,ETF股票型,350,560310.SH,SH,xtdata.get_stock_list_in_sector
2026-07-07,2026-07-07 09:29:54,ETF股票型,351,560320.SH,SH,xtdata.get_stock_list_in_sector
2026-07-07,2026-07-07 09:29:54,ETF股票型,352,560330.SH,SH,xtdata.get_stock_list_in_sector
2026-07-07,2026-07-07 09:29:54,ETF股票型,353,560350.SH,SH,xtdata.get_stock_list_in_sector
2026-07-07,2026-07-07 09:29:54,ETF股票型,354,560360.SH,SH,xtdata.get_stock_list_in_sector
2026-07-07,2026-07-07 09:29:54,ETF股票型,355,560370.SH,SH,xtdata.get_stock_list_in_sector
2026-07-07,2026-07-07 09:29:54,ETF股票型,356,560380.SH,SH,xtdata.get_stock_list_in_sector
2026-07-07,2026-07-07 09:29:54,ETF股票型,357,560390.SH,SH,xtdata.get_stock_list_in_sector
2026-07-07,2026-07-07 09:29:54,ETF股票型,358,560400.SH,SH,xtdata.get_stock_list_in_sector
2026-07-07,2026-07-07 09:29:54,ETF股票型,359,560410.SH,SH,xtdata.get_stock_list_in_sector
2026-07-07,2026-07-07 09:29:54,ETF股票型,360,560420.SH,SH,xtdata.get_stock_list_in_sector
2026-07-07,2026-07-07 09:29:54,ETF股票型,361,560450.SH,SH,xtdata.get_stock_list_in_sector
2026-07-07,2026-07-07 09:29:54,ETF股票型,362,560460.SH,SH,xtdata.get_stock_list_in_sector
2026-07-07,2026-07-07 09:29:54,ETF股票型,363,560470.SH,SH,xtdata.get_stock_list_in_sector
2026-07-07,2026-07-07 09:29:54,ETF股票型,364,560480.SH,SH,xtdata.get_stock_list_in_sector
2026-07-07,2026-07-07 09:29:54,ETF股票型,365,560490.SH,SH,xtdata.get_stock_list_in_sector
2026-07-07,2026-07-07 09:29:54,ETF股票型,366,560500.SH,SH,xtdata.get_stock_list_in_sector
2026-07-07,2026-07-07 09:29:54,ETF股票型,367,560510.SH,SH,xtdata.get_stock_list_in_sector
2026-07-07,2026-07-07 09:29:54,ETF股票型,368,560520.SH,SH,xtdata.get_stock_list_in_sector
2026-07-07,2026-07-07 09:29:54,ETF股票型,369,560530.SH,SH,xtdata.get_stock_list_in_sector
2026-07-07,2026-07-07 09:29:54,ETF股票型,370,560550.SH,SH,xtdata.get_stock_list_in_sector
2026-07-07,2026-07-07 09:29:54,ETF股票型,371,560560.SH,SH,xtdata.get_stock_list_in_sector
2026-07-07,2026-07-07 09:29:54,ETF股票型,372,560570.SH,SH,xtdata.get_stock_list_in_sector
2026-07-07,2026-07-07 09:29:54,ETF股票型,373,560580.SH,SH,xtdata.get_stock_list_in_sector
2026-07-07,2026-07-07 09:29:54,ETF股票型,374,560590.SH,SH,xtdata.get_stock_list_in_sector
2026-07-07,2026-07-07 09:29:54,ETF股票型,375,560610.SH,SH,xtdata.get_stock_list_in_sector
2026-07-07,2026-07-07 09:29:54,ETF股票型,376,560620.SH,SH,xtdata.get_stock_list_in_sector
2026-07-07,2026-07-07 09:29:54,ETF股票型,377,560630.SH,SH,xtdata.get_stock_list_in_sector
2026-07-07,2026-07-07 09:29:54,ETF股票型,378,560650.SH,SH,xtdata.get_stock_list_in_sector
2026-07-07,2026-07-07 09:29:54,ETF股票型,379,560660.SH,SH,xtdata.get_stock_list_in_sector
2026-07-07,2026-07-07 09:29:54,ETF股票型,380,560670.SH,SH,xtdata.get_stock_list_in_sector
2026-07-07,2026-07-07 09:29:54,ETF股票型,381,560680.SH,SH,xtdata.get_stock_list_in_sector
2026-07-07,2026-07-07 09:29:54,ETF股票型,382,560690.SH,SH,xtdata.get_stock_list_in_sector
2026-07-07,2026-07-07 09:29:54,ETF股票型,383,560700.SH,SH,xtdata.get_stock_list_in_sector
2026-07-07,2026-07-07 09:29:54,ETF股票型,384,560710.SH,SH,xtdata.get_stock_list_in_sector
2026-07-07,2026-07-07 09:29:54,ETF股票型,385,560720.SH,SH,xtdata.get_stock_list_in_sector
2026-07-07,2026-07-07 09:29:54,ETF股票型,386,560750.SH,SH,xtdata.get_stock_list_in_sector
2026-07-07,2026-07-07 09:29:54,ETF股票型,387,560770.SH,SH,xtdata.get_stock_list_in_sector
2026-07-07,2026-07-07 09:29:54,ETF股票型,388,560780.SH,SH,xtdata.get_stock_list_in_sector
2026-07-07,2026-07-07 09:29:54,ETF股票型,389,560790.SH,SH,xtdata.get_stock_list_in_sector
2026-07-07,2026-07-07 09:29:54,ETF股票型,390,560800.SH,SH,xtdata.get_stock_list_in_sector
2026-07-07,2026-07-07 09:29:54,ETF股票型,391,560810.SH,SH,xtdata.get_stock_list_in_sector
2026-07-07,2026-07-07 09:29:54,ETF股票型,392,560820.SH,SH,xtdata.get_stock_list_in_sector
2026-07-07,2026-07-07 09:29:54,ETF股票型,393,560830.SH,SH,xtdata.get_stock_list_in_sector
2026-07-07,2026-07-07 09:29:54,ETF股票型,394,560850.SH,SH,xtdata.get_stock_list_in_sector
2026-07-07,2026-07-07 09:29:54,ETF股票型,395,560860.SH,SH,xtdata.get_stock_list_in_sector
2026-07-07,2026-07-07 09:29:54,ETF股票型,396,560870.SH,SH,xtdata.get_stock_list_in_sector
2026-07-07,2026-07-07 09:29:54,ETF股票型,397,560880.SH,SH,xtdata.get_stock_list_in_sector
2026-07-07,2026-07-07 09:29:54,ETF股票型,398,560900.SH,SH,xtdata.get_stock_list_in_sector
2026-07-07,2026-07-07 09:29:54,ETF股票型,399,560910.SH,SH,xtdata.get_stock_list_in_sector
2026-07-07,2026-07-07 09:29:54,ETF股票型,400,560920.SH,SH,xtdata.get_stock_list_in_sector
2026-07-07,2026-07-07 09:29:54,ETF股票型,401,560930.SH,SH,xtdata.get_stock_list_in_sector
2026-07-07,2026-07-07 09:29:54,ETF股票型,402,560950.SH,SH,xtdata.get_stock_list_in_sector
2026-07-07,2026-07-07 09:29:54,ETF股票型,403,560970.SH,SH,xtdata.get_stock_list_in_sector
2026-07-07,2026-07-07 09:29:54,ETF股票型,404,560980.SH,SH,xtdata.get_stock_list_in_sector
2026-07-07,2026-07-07 09:29:54,ETF股票型,405,560990.SH,SH,xtdata.get_stock_list_in_sector
2026-07-07,2026-07-07 09:29:54,ETF股票型,406,561000.SH,SH,xtdata.get_stock_list_in_sector
2026-07-07,2026-07-07 09:29:54,ETF股票型,407,561010.SH,SH,xtdata.get_stock_list_in_sector
2026-07-07,2026-07-07 09:29:54,ETF股票型,408,561030.SH,SH,xtdata.get_stock_list_in_sector
2026-07-07,2026-07-07 09:29:54,ETF股票型,409,561050.SH,SH,xtdata.get_stock_list_in_sector
2026-07-07,2026-07-07 09:29:54,ETF股票型,410,561060.SH,SH,xtdata.get_stock_list_in_sector
2026-07-07,2026-07-07 09:29:54,ETF股票型,411,561080.SH,SH,xtdata.get_stock_list_in_sector
2026-07-07,2026-07-07 09:29:54,ETF股票型,412,561090.SH,SH,xtdata.get_stock_list_in_sector
2026-07-07,2026-07-07 09:29:54,ETF股票型,413,561100.SH,SH,xtdata.get_stock_list_in_sector
2026-07-07,2026-07-07 09:29:54,ETF股票型,414,561120.SH,SH,xtdata.get_stock_list_in_sector
2026-07-07,2026-07-07 09:29:54,ETF股票型,415,561130.SH,SH,xtdata.get_stock_list_in_sector
2026-07-07,2026-07-07 09:29:54,ETF股票型,416,561160.SH,SH,xtdata.get_stock_list_in_sector
2026-07-07,2026-07-07 09:29:54,ETF股票型,417,561170.SH,SH,xtdata.get_stock_list_in_sector
2026-07-07,2026-07-07 09:29:54,ETF股票型,418,561180.SH,SH,xtdata.get_stock_list_in_sector
2026-07-07,2026-07-07 09:29:54,ETF股票型,419,561190.SH,SH,xtdata.get_stock_list_in_sector
2026-07-07,2026-07-07 09:29:54,ETF股票型,420,561200.SH,SH,xtdata.get_stock_list_in_sector
2026-07-07,2026-07-07 09:29:54,ETF股票型,421,561220.SH,SH,xtdata.get_stock_list_in_sector
2026-07-07,2026-07-07 09:29:54,ETF股票型,422,561230.SH,SH,xtdata.get_stock_list_in_sector
2026-07-07,2026-07-07 09:29:54,ETF股票型,423,561260.SH,SH,xtdata.get_stock_list_in_sector
2026-07-07,2026-07-07 09:29:54,ETF股票型,424,561280.SH,SH,xtdata.get_stock_list_in_sector
2026-07-07,2026-07-07 09:29:54,ETF股票型,425,561300.SH,SH,xtdata.get_stock_list_in_sector
2026-07-07,2026-07-07 09:29:54,ETF股票型,426,561310.SH,SH,xtdata.get_stock_list_in_sector
2026-07-07,2026-07-07 09:29:54,ETF股票型,427,561320.SH,SH,xtdata.get_stock_list_in_sector
2026-07-07,2026-07-07 09:29:54,ETF股票型,428,561330.SH,SH,xtdata.get_stock_list_in_sector
2026-07-07,2026-07-07 09:29:54,ETF股票型,429,561350.SH,SH,xtdata.get_stock_list_in_sector
2026-07-07,2026-07-07 09:29:54,ETF股票型,430,561360.SH,SH,xtdata.get_stock_list_in_sector
2026-07-07,2026-07-07 09:29:54,ETF股票型,431,561370.SH,SH,xtdata.get_stock_list_in_sector
2026-07-07,2026-07-07 09:29:54,ETF股票型,432,561380.SH,SH,xtdata.get_stock_list_in_sector
2026-07-07,2026-07-07 09:29:54,ETF股票型,433,561430.SH,SH,xtdata.get_stock_list_in_sector
2026-07-07,2026-07-07 09:29:54,ETF股票型,434,561460.SH,SH,xtdata.get_stock_list_in_sector
2026-07-07,2026-07-07 09:29:54,ETF股票型,435,561500.SH,SH,xtdata.get_stock_list_in_sector
2026-07-07,2026-07-07 09:29:54,ETF股票型,436,561510.SH,SH,xtdata.get_stock_list_in_sector
2026-07-07,2026-07-07 09:29:54,ETF股票型,437,561550.SH,SH,xtdata.get_stock_list_in_sector
2026-07-07,2026-07-07 09:29:54,ETF股票型,438,561560.SH,SH,xtdata.get_stock_list_in_sector
2026-07-07,2026-07-07 09:29:54,ETF股票型,439,561570.SH,SH,xtdata.get_stock_list_in_sector
2026-07-07,2026-07-07 09:29:54,ETF股票型,440,561580.SH,SH,xtdata.get_stock_list_in_sector
2026-07-07,2026-07-07 09:29:54,ETF股票型,441,561590.SH,SH,xtdata.get_stock_list_in_sector
2026-07-07,2026-07-07 09:29:54,ETF股票型,442,561600.SH,SH,xtdata.get_stock_list_in_sector
2026-07-07,2026-07-07 09:29:54,ETF股票型,443,561660.SH,SH,xtdata.get_stock_list_in_sector
2026-07-07,2026-07-07 09:29:54,ETF股票型,444,561680.SH,SH,xtdata.get_stock_list_in_sector
2026-07-07,2026-07-07 09:29:54,ETF股票型,445,561700.SH,SH,xtdata.get_stock_list_in_sector
2026-07-07,2026-07-07 09:29:54,ETF股票型,446,561750.SH,SH,xtdata.get_stock_list_in_sector
2026-07-07,2026-07-07 09:29:54,ETF股票型,447,561760.SH,SH,xtdata.get_stock_list_in_sector
2026-07-07,2026-07-07 09:29:54,ETF股票型,448,561770.SH,SH,xtdata.get_stock_list_in_sector
2026-07-07,2026-07-07 09:29:54,ETF股票型,449,561780.SH,SH,xtdata.get_stock_list_in_sector
2026-07-07,2026-07-07 09:29:54,ETF股票型,450,561790.SH,SH,xtdata.get_stock_list_in_sector
2026-07-07,2026-07-07 09:29:54,ETF股票型,451,561800.SH,SH,xtdata.get_stock_list_in_sector
2026-07-07,2026-07-07 09:29:54,ETF股票型,452,561870.SH,SH,xtdata.get_stock_list_in_sector
2026-07-07,2026-07-07 09:29:54,ETF股票型,453,561880.SH,SH,xtdata.get_stock_list_in_sector
2026-07-07,2026-07-07 09:29:54,ETF股票型,454,561900.SH,SH,xtdata.get_stock_list_in_sector
2026-07-07,2026-07-07 09:29:54,ETF股票型,455,561910.SH,SH,xtdata.get_stock_list_in_sector
2026-07-07,2026-07-07 09:29:54,ETF股票型,456,561920.SH,SH,xtdata.get_stock_list_in_sector
2026-07-07,2026-07-07 09:29:54,ETF股票型,457,561930.SH,SH,xtdata.get_stock_list_in_sector
2026-07-07,2026-07-07 09:29:54,ETF股票型,458,561950.SH,SH,xtdata.get_stock_list_in_sector
2026-07-07,2026-07-07 09:29:54,ETF股票型,459,561960.SH,SH,xtdata.get_stock_list_in_sector
2026-07-07,2026-07-07 09:29:54,ETF股票型,460,561980.SH,SH,xtdata.get_stock_list_in_sector
2026-07-07,2026-07-07 09:29:54,ETF股票型,461,561990.SH,SH,xtdata.get_stock_list_in_sector
2026-07-07,2026-07-07 09:29:54,ETF股票型,462,562000.SH,SH,xtdata.get_stock_list_in_sector
2026-07-07,2026-07-07 09:29:54,ETF股票型,463,562010.SH,SH,xtdata.get_stock_list_in_sector
2026-07-07,2026-07-07 09:29:54,ETF股票型,464,562030.SH,SH,xtdata.get_stock_list_in_sector
2026-07-07,2026-07-07 09:29:54,ETF股票型,465,562050.SH,SH,xtdata.get_stock_list_in_sector
2026-07-07,2026-07-07 09:29:54,ETF股票型,466,562060.SH,SH,xtdata.get_stock_list_in_sector
2026-07-07,2026-07-07 09:29:54,ETF股票型,467,562070.SH,SH,xtdata.get_stock_list_in_sector
2026-07-07,2026-07-07 09:29:54,ETF股票型,468,562080.SH,SH,xtdata.get_stock_list_in_sector
2026-07-07,2026-07-07 09:29:54,ETF股票型,469,562300.SH,SH,xtdata.get_stock_list_in_sector
2026-07-07,2026-07-07 09:29:54,ETF股票型,470,562310.SH,SH,xtdata.get_stock_list_in_sector
2026-07-07,2026-07-07 09:29:54,ETF股票型,471,562320.SH,SH,xtdata.get_stock_list_in_sector
2026-07-07,2026-07-07 09:29:54,ETF股票型,472,562330.SH,SH,xtdata.get_stock_list_in_sector
2026-07-07,2026-07-07 09:29:54,ETF股票型,473,562340.SH,SH,xtdata.get_stock_list_in_sector
2026-07-07,2026-07-07 09:29:54,ETF股票型,474,562350.SH,SH,xtdata.get_stock_list_in_sector
2026-07-07,2026-07-07 09:29:54,ETF股票型,475,562360.SH,SH,xtdata.get_stock_list_in_sector
2026-07-07,2026-07-07 09:29:54,ETF股票型,476,562380.SH,SH,xtdata.get_stock_list_in_sector
2026-07-07,2026-07-07 09:29:54,ETF股票型,477,562390.SH,SH,xtdata.get_stock_list_in_sector
2026-07-07,2026-07-07 09:29:54,ETF股票型,478,562500.SH,SH,xtdata.get_stock_list_in_sector
2026-07-07,2026-07-07 09:29:54,ETF股票型,479,562510.SH,SH,xtdata.get_stock_list_in_sector
2026-07-07,2026-07-07 09:29:54,ETF股票型,480,562520.SH,SH,xtdata.get_stock_list_in_sector
2026-07-07,2026-07-07 09:29:54,ETF股票型,481,562530.SH,SH,xtdata.get_stock_list_in_sector
2026-07-07,2026-07-07 09:29:54,ETF股票型,482,562550.SH,SH,xtdata.get_stock_list_in_sector
2026-07-07,2026-07-07 09:29:54,ETF股票型,483,562560.SH,SH,xtdata.get_stock_list_in_sector
2026-07-07,2026-07-07 09:29:54,ETF股票型,484,562570.SH,SH,xtdata.get_stock_list_in_sector
2026-07-07,2026-07-07 09:29:54,ETF股票型,485,562580.SH,SH,xtdata.get_stock_list_in_sector
2026-07-07,2026-07-07 09:29:54,ETF股票型,486,562590.SH,SH,xtdata.get_stock_list_in_sector
2026-07-07,2026-07-07 09:29:54,ETF股票型,487,562600.SH,SH,xtdata.get_stock_list_in_sector
2026-07-07,2026-07-07 09:29:54,ETF股票型,488,562660.SH,SH,xtdata.get_stock_list_in_sector
2026-07-07,2026-07-07 09:29:54,ETF股票型,489,562700.SH,SH,xtdata.get_stock_list_in_sector
2026-07-07,2026-07-07 09:29:54,ETF股票型,490,562800.SH,SH,xtdata.get_stock_list_in_sector
2026-07-07,2026-07-07 09:29:54,ETF股票型,491,562810.SH,SH,xtdata.get_stock_list_in_sector
2026-07-07,2026-07-07 09:29:54,ETF股票型,492,562820.SH,SH,xtdata.get_stock_list_in_sector
2026-07-07,2026-07-07 09:29:54,ETF股票型,493,562850.SH,SH,xtdata.get_stock_list_in_sector
2026-07-07,2026-07-07 09:29:54,ETF股票型,494,562860.SH,SH,xtdata.get_stock_list_in_sector
2026-07-07,2026-07-07 09:29:54,ETF股票型,495,562870.SH,SH,xtdata.get_stock_list_in_sector
2026-07-07,2026-07-07 09:29:54,ETF股票型,496,562880.SH,SH,xtdata.get_stock_list_in_sector
2026-07-07,2026-07-07 09:29:54,ETF股票型,497,562890.SH,SH,xtdata.get_stock_list_in_sector
2026-07-07,2026-07-07 09:29:54,ETF股票型,498,562900.SH,SH,xtdata.get_stock_list_in_sector
2026-07-07,2026-07-07 09:29:54,ETF股票型,499,562910.SH,SH,xtdata.get_stock_list_in_sector
2026-07-07,2026-07-07 09:29:54,ETF股票型,500,562920.SH,SH,xtdata.get_stock_list_in_sector
2026-07-07,2026-07-07 09:29:54,ETF股票型,501,562930.SH,SH,xtdata.get_stock_list_in_sector
2026-07-07,2026-07-07 09:29:54,ETF股票型,502,562950.SH,SH,xtdata.get_stock_list_in_sector
2026-07-07,2026-07-07 09:29:54,ETF股票型,503,562960.SH,SH,xtdata.get_stock_list_in_sector
2026-07-07,2026-07-07 09:29:54,ETF股票型,504,562970.SH,SH,xtdata.get_stock_list_in_sector
2026-07-07,2026-07-07 09:29:54,ETF股票型,505,562990.SH,SH,xtdata.get_stock_list_in_sector
2026-07-07,2026-07-07 09:29:54,ETF股票型,506,563000.SH,SH,xtdata.get_stock_list_in_sector
2026-07-07,2026-07-07 09:29:54,ETF股票型,507,563010.SH,SH,xtdata.get_stock_list_in_sector
2026-07-07,2026-07-07 09:29:54,ETF股票型,508,563020.SH,SH,xtdata.get_stock_list_in_sector
2026-07-07,2026-07-07 09:29:54,ETF股票型,509,563030.SH,SH,xtdata.get_stock_list_in_sector
2026-07-07,2026-07-07 09:29:54,ETF股票型,510,563050.SH,SH,xtdata.get_stock_list_in_sector
2026-07-07,2026-07-07 09:29:54,ETF股票型,511,563060.SH,SH,xtdata.get_stock_list_in_sector
2026-07-07,2026-07-07 09:29:54,ETF股票型,512,563080.SH,SH,xtdata.get_stock_list_in_sector
2026-07-07,2026-07-07 09:29:54,ETF股票型,513,563090.SH,SH,xtdata.get_stock_list_in_sector
2026-07-07,2026-07-07 09:29:54,ETF股票型,514,563150.SH,SH,xtdata.get_stock_list_in_sector
2026-07-07,2026-07-07 09:29:54,ETF股票型,515,563180.SH,SH,xtdata.get_stock_list_in_sector
2026-07-07,2026-07-07 09:29:54,ETF股票型,516,563200.SH,SH,xtdata.get_stock_list_in_sector
2026-07-07,2026-07-07 09:29:54,ETF股票型,517,563210.SH,SH,xtdata.get_stock_list_in_sector
2026-07-07,2026-07-07 09:29:54,ETF股票型,518,563220.SH,SH,xtdata.get_stock_list_in_sector
2026-07-07,2026-07-07 09:29:54,ETF股票型,519,563230.SH,SH,xtdata.get_stock_list_in_sector
2026-07-07,2026-07-07 09:29:54,ETF股票型,520,563280.SH,SH,xtdata.get_stock_list_in_sector
2026-07-07,2026-07-07 09:29:54,ETF股票型,521,563300.SH,SH,xtdata.get_stock_list_in_sector
2026-07-07,2026-07-07 09:29:54,ETF股票型,522,563320.SH,SH,xtdata.get_stock_list_in_sector
2026-07-07,2026-07-07 09:29:54,ETF股票型,523,563330.SH,SH,xtdata.get_stock_list_in_sector
2026-07-07,2026-07-07 09:29:54,ETF股票型,524,563350.SH,SH,xtdata.get_stock_list_in_sector
2026-07-07,2026-07-07 09:29:54,ETF股票型,525,563360.SH,SH,xtdata.get_stock_list_in_sector
2026-07-07,2026-07-07 09:29:54,ETF股票型,526,563380.SH,SH,xtdata.get_stock_list_in_sector
2026-07-07,2026-07-07 09:29:54,ETF股票型,527,563390.SH,SH,xtdata.get_stock_list_in_sector
2026-07-07,2026-07-07 09:29:54,ETF股票型,528,563500.SH,SH,xtdata.get_stock_list_in_sector
2026-07-07,2026-07-07 09:29:54,ETF股票型,529,563510.SH,SH,xtdata.get_stock_list_in_sector
2026-07-07,2026-07-07 09:29:54,ETF股票型,530,563520.SH,SH,xtdata.get_stock_list_in_sector
2026-07-07,2026-07-07 09:29:54,ETF股票型,531,563530.SH,SH,xtdata.get_stock_list_in_sector
2026-07-07,2026-07-07 09:29:54,ETF股票型,532,563550.SH,SH,xtdata.get_stock_list_in_sector
2026-07-07,2026-07-07 09:29:54,ETF股票型,533,563560.SH,SH,xtdata.get_stock_list_in_sector
2026-07-07,2026-07-07 09:29:54,ETF股票型,534,563570.SH,SH,xtdata.get_stock_list_in_sector
2026-07-07,2026-07-07 09:29:54,ETF股票型,535,563580.SH,SH,xtdata.get_stock_list_in_sector
2026-07-07,2026-07-07 09:29:54,ETF股票型,536,563590.SH,SH,xtdata.get_stock_list_in_sector
2026-07-07,2026-07-07 09:29:54,ETF股票型,537,563600.SH,SH,xtdata.get_stock_list_in_sector
2026-07-07,2026-07-07 09:29:54,ETF股票型,538,563620.SH,SH,xtdata.get_stock_list_in_sector
2026-07-07,2026-07-07 09:29:54,ETF股票型,539,563630.SH,SH,xtdata.get_stock_list_in_sector
2026-07-07,2026-07-07 09:29:54,ETF股票型,540,563650.SH,SH,xtdata.get_stock_list_in_sector
2026-07-07,2026-07-07 09:29:54,ETF股票型,541,563660.SH,SH,xtdata.get_stock_list_in_sector
2026-07-07,2026-07-07 09:29:54,ETF股票型,542,563670.SH,SH,xtdata.get_stock_list_in_sector
2026-07-07,2026-07-07 09:29:54,ETF股票型,543,563680.SH,SH,xtdata.get_stock_list_in_sector
2026-07-07,2026-07-07 09:29:54,ETF股票型,544,563690.SH,SH,xtdata.get_stock_list_in_sector
2026-07-07,2026-07-07 09:29:54,ETF股票型,545,563700.SH,SH,xtdata.get_stock_list_in_sector
2026-07-07,2026-07-07 09:29:54,ETF股票型,546,563750.SH,SH,xtdata.get_stock_list_in_sector
2026-07-07,2026-07-07 09:29:54,ETF股票型,547,563760.SH,SH,xtdata.get_stock_list_in_sector
2026-07-07,2026-07-07 09:29:54,ETF股票型,548,563770.SH,SH,xtdata.get_stock_list_in_sector
2026-07-07,2026-07-07 09:29:54,ETF股票型,549,563780.SH,SH,xtdata.get_stock_list_in_sector
2026-07-07,2026-07-07 09:29:54,ETF股票型,550,563790.SH,SH,xtdata.get_stock_list_in_sector
2026-07-07,2026-07-07 09:29:54,ETF股票型,551,563800.SH,SH,xtdata.get_stock_list_in_sector
2026-07-07,2026-07-07 09:29:54,ETF股票型,552,563830.SH,SH,xtdata.get_stock_list_in_sector
2026-07-07,2026-07-07 09:29:54,ETF股票型,553,563850.SH,SH,xtdata.get_stock_list_in_sector
2026-07-07,2026-07-07 09:29:54,ETF股票型,554,563860.SH,SH,xtdata.get_stock_list_in_sector
2026-07-07,2026-07-07 09:29:54,ETF股票型,555,563870.SH,SH,xtdata.get_stock_list_in_sector
2026-07-07,2026-07-07 09:29:54,ETF股票型,556,563880.SH,SH,xtdata.get_stock_list_in_sector
2026-07-07,2026-07-07 09:29:54,ETF股票型,557,563890.SH,SH,xtdata.get_stock_list_in_sector
2026-07-07,2026-07-07 09:29:54,ETF股票型,558,563900.SH,SH,xtdata.get_stock_list_in_sector
2026-07-07,2026-07-07 09:29:54,ETF股票型,559,563930.SH,SH,xtdata.get_stock_list_in_sector
2026-07-07,2026-07-07 09:29:54,ETF股票型,560,563960.SH,SH,xtdata.get_stock_list_in_sector
2026-07-07,2026-07-07 09:29:54,ETF股票型,561,563980.SH,SH,xtdata.get_stock_list_in_sector
2026-07-07,2026-07-07 09:29:54,ETF股票型,562,563990.SH,SH,xtdata.get_stock_list_in_sector
2026-07-07,2026-07-07 09:29:54,ETF股票型,563,588000.SH,SH,xtdata.get_stock_list_in_sector
2026-07-07,2026-07-07 09:29:54,ETF股票型,564,588010.SH,SH,xtdata.get_stock_list_in_sector
2026-07-07,2026-07-07 09:29:54,ETF股票型,565,588020.SH,SH,xtdata.get_stock_list_in_sector
2026-07-07,2026-07-07 09:29:54,ETF股票型,566,588030.SH,SH,xtdata.get_stock_list_in_sector
2026-07-07,2026-07-07 09:29:54,ETF股票型,567,588040.SH,SH,xtdata.get_stock_list_in_sector
2026-07-07,2026-07-07 09:29:54,ETF股票型,568,588050.SH,SH,xtdata.get_stock_list_in_sector
2026-07-07,2026-07-07 09:29:54,ETF股票型,569,588060.SH,SH,xtdata.get_stock_list_in_sector
2026-07-07,2026-07-07 09:29:54,ETF股票型,570,588070.SH,SH,xtdata.get_stock_list_in_sector
2026-07-07,2026-07-07 09:29:54,ETF股票型,571,588080.SH,SH,xtdata.get_stock_list_in_sector
2026-07-07,2026-07-07 09:29:54,ETF股票型,572,588090.SH,SH,xtdata.get_stock_list_in_sector
2026-07-07,2026-07-07 09:29:54,ETF股票型,573,588100.SH,SH,xtdata.get_stock_list_in_sector
2026-07-07,2026-07-07 09:29:54,ETF股票型,574,588110.SH,SH,xtdata.get_stock_list_in_sector
2026-07-07,2026-07-07 09:29:54,ETF股票型,575,588120.SH,SH,xtdata.get_stock_list_in_sector
2026-07-07,2026-07-07 09:29:54,ETF股票型,576,588130.SH,SH,xtdata.get_stock_list_in_sector
2026-07-07,2026-07-07 09:29:54,ETF股票型,577,588140.SH,SH,xtdata.get_stock_list_in_sector
2026-07-07,2026-07-07 09:29:54,ETF股票型,578,588150.SH,SH,xtdata.get_stock_list_in_sector
2026-07-07,2026-07-07 09:29:54,ETF股票型,579,588160.SH,SH,xtdata.get_stock_list_in_sector
2026-07-07,2026-07-07 09:29:54,ETF股票型,580,588170.SH,SH,xtdata.get_stock_list_in_sector
2026-07-07,2026-07-07 09:29:54,ETF股票型,581,588180.SH,SH,xtdata.get_stock_list_in_sector
2026-07-07,2026-07-07 09:29:54,ETF股票型,582,588190.SH,SH,xtdata.get_stock_list_in_sector
2026-07-07,2026-07-07 09:29:54,ETF股票型,583,588200.SH,SH,xtdata.get_stock_list_in_sector
2026-07-07,2026-07-07 09:29:54,ETF股票型,584,588210.SH,SH,xtdata.get_stock_list_in_sector
2026-07-07,2026-07-07 09:29:54,ETF股票型,585,588220.SH,SH,xtdata.get_stock_list_in_sector
2026-07-07,2026-07-07 09:29:54,ETF股票型,586,588230.SH,SH,xtdata.get_stock_list_in_sector
2026-07-07,2026-07-07 09:29:54,ETF股票型,587,588240.SH,SH,xtdata.get_stock_list_in_sector
2026-07-07,2026-07-07 09:29:54,ETF股票型,588,588250.SH,SH,xtdata.get_stock_list_in_sector
2026-07-07,2026-07-07 09:29:54,ETF股票型,589,588260.SH,SH,xtdata.get_stock_list_in_sector
2026-07-07,2026-07-07 09:29:54,ETF股票型,590,588270.SH,SH,xtdata.get_stock_list_in_sector
2026-07-07,2026-07-07 09:29:54,ETF股票型,591,588280.SH,SH,xtdata.get_stock_list_in_sector
2026-07-07,2026-07-07 09:29:54,ETF股票型,592,588290.SH,SH,xtdata.get_stock_list_in_sector
2026-07-07,2026-07-07 09:29:54,ETF股票型,593,588300.SH,SH,xtdata.get_stock_list_in_sector
2026-07-07,2026-07-07 09:29:54,ETF股票型,594,588310.SH,SH,xtdata.get_stock_list_in_sector
2026-07-07,2026-07-07 09:29:54,ETF股票型,595,588320.SH,SH,xtdata.get_stock_list_in_sector
2026-07-07,2026-07-07 09:29:54,ETF股票型,596,588330.SH,SH,xtdata.get_stock_list_in_sector
2026-07-07,2026-07-07 09:29:54,ETF股票型,597,588350.SH,SH,xtdata.get_stock_list_in_sector
2026-07-07,2026-07-07 09:29:54,ETF股票型,598,588360.SH,SH,xtdata.get_stock_list_in_sector
2026-07-07,2026-07-07 09:29:54,ETF股票型,599,588370.SH,SH,xtdata.get_stock_list_in_sector
2026-07-07,2026-07-07 09:29:54,ETF股票型,600,588380.SH,SH,xtdata.get_stock_list_in_sector
2026-07-07,2026-07-07 09:29:54,ETF股票型,601,588390.SH,SH,xtdata.get_stock_list_in_sector
2026-07-07,2026-07-07 09:29:54,ETF股票型,602,588400.SH,SH,xtdata.get_stock_list_in_sector
2026-07-07,2026-07-07 09:29:54,ETF股票型,603,588410.SH,SH,xtdata.get_stock_list_in_sector
2026-07-07,2026-07-07 09:29:54,ETF股票型,604,588420.SH,SH,xtdata.get_stock_list_in_sector
2026-07-07,2026-07-07 09:29:54,ETF股票型,605,588430.SH,SH,xtdata.get_stock_list_in_sector
2026-07-07,2026-07-07 09:29:54,ETF股票型,606,588450.SH,SH,xtdata.get_stock_list_in_sector
2026-07-07,2026-07-07 09:29:54,ETF股票型,607,588460.SH,SH,xtdata.get_stock_list_in_sector
2026-07-07,2026-07-07 09:29:54,ETF股票型,608,588470.SH,SH,xtdata.get_stock_list_in_sector
2026-07-07,2026-07-07 09:29:54,ETF股票型,609,588480.SH,SH,xtdata.get_stock_list_in_sector
2026-07-07,2026-07-07 09:29:54,ETF股票型,610,588500.SH,SH,xtdata.get_stock_list_in_sector
2026-07-07,2026-07-07 09:29:54,ETF股票型,611,588510.SH,SH,xtdata.get_stock_list_in_sector
2026-07-07,2026-07-07 09:29:54,ETF股票型,612,588520.SH,SH,xtdata.get_stock_list_in_sector
2026-07-07,2026-07-07 09:29:54,ETF股票型,613,588550.SH,SH,xtdata.get_stock_list_in_sector
2026-07-07,2026-07-07 09:29:54,ETF股票型,614,588660.SH,SH,xtdata.get_stock_list_in_sector
2026-07-07,2026-07-07 09:29:54,ETF股票型,615,588670.SH,SH,xtdata.get_stock_list_in_sector
2026-07-07,2026-07-07 09:29:54,ETF股票型,616,588680.SH,SH,xtdata.get_stock_list_in_sector
2026-07-07,2026-07-07 09:29:54,ETF股票型,617,588690.SH,SH,xtdata.get_stock_list_in_sector
2026-07-07,2026-07-07 09:29:54,ETF股票型,618,588700.SH,SH,xtdata.get_stock_list_in_sector
2026-07-07,2026-07-07 09:29:54,ETF股票型,619,588710.SH,SH,xtdata.get_stock_list_in_sector
2026-07-07,2026-07-07 09:29:54,ETF股票型,620,588720.SH,SH,xtdata.get_stock_list_in_sector
2026-07-07,2026-07-07 09:29:54,ETF股票型,621,588730.SH,SH,xtdata.get_stock_list_in_sector
2026-07-07,2026-07-07 09:29:54,ETF股票型,622,588750.SH,SH,xtdata.get_stock_list_in_sector
2026-07-07,2026-07-07 09:29:54,ETF股票型,623,588760.SH,SH,xtdata.get_stock_list_in_sector
2026-07-07,2026-07-07 09:29:54,ETF股票型,624,588770.SH,SH,xtdata.get_stock_list_in_sector
2026-07-07,2026-07-07 09:29:54,ETF股票型,625,588780.SH,SH,xtdata.get_stock_list_in_sector
2026-07-07,2026-07-07 09:29:54,ETF股票型,626,588790.SH,SH,xtdata.get_stock_list_in_sector
2026-07-07,2026-07-07 09:29:54,ETF股票型,627,588800.SH,SH,xtdata.get_stock_list_in_sector
2026-07-07,2026-07-07 09:29:54,ETF股票型,628,588810.SH,SH,xtdata.get_stock_list_in_sector
2026-07-07,2026-07-07 09:29:54,ETF股票型,629,588820.SH,SH,xtdata.get_stock_list_in_sector
2026-07-07,2026-07-07 09:29:54,ETF股票型,630,588830.SH,SH,xtdata.get_stock_list_in_sector
2026-07-07,2026-07-07 09:29:54,ETF股票型,631,588840.SH,SH,xtdata.get_stock_list_in_sector
2026-07-07,2026-07-07 09:29:54,ETF股票型,632,588850.SH,SH,xtdata.get_stock_list_in_sector
2026-07-07,2026-07-07 09:29:54,ETF股票型,633,588860.SH,SH,xtdata.get_stock_list_in_sector
2026-07-07,2026-07-07 09:29:54,ETF股票型,634,588870.SH,SH,xtdata.get_stock_list_in_sector
2026-07-07,2026-07-07 09:29:54,ETF股票型,635,588880.SH,SH,xtdata.get_stock_list_in_sector
2026-07-07,2026-07-07 09:29:54,ETF股票型,636,588890.SH,SH,xtdata.get_stock_list_in_sector
2026-07-07,2026-07-07 09:29:54,ETF股票型,637,588900.SH,SH,xtdata.get_stock_list_in_sector
2026-07-07,2026-07-07 09:29:54,ETF股票型,638,588910.SH,SH,xtdata.get_stock_list_in_sector
2026-07-07,2026-07-07 09:29:54,ETF股票型,639,588920.SH,SH,xtdata.get_stock_list_in_sector
2026-07-07,2026-07-07 09:29:54,ETF股票型,640,588930.SH,SH,xtdata.get_stock_list_in_sector
2026-07-07,2026-07-07 09:29:54,ETF股票型,641,588940.SH,SH,xtdata.get_stock_list_in_sector
2026-07-07,2026-07-07 09:29:54,ETF股票型,642,588950.SH,SH,xtdata.get_stock_list_in_sector
2026-07-07,2026-07-07 09:29:54,ETF股票型,643,588960.SH,SH,xtdata.get_stock_list_in_sector
2026-07-07,2026-07-07 09:29:54,ETF股票型,644,588980.SH,SH,xtdata.get_stock_list_in_sector
2026-07-07,2026-07-07 09:29:54,ETF股票型,645,588990.SH,SH,xtdata.get_stock_list_in_sector
2026-07-07,2026-07-07 09:29:54,ETF股票型,646,589000.SH,SH,xtdata.get_stock_list_in_sector
2026-07-07,2026-07-07 09:29:54,ETF股票型,647,589010.SH,SH,xtdata.get_stock_list_in_sector
2026-07-07,2026-07-07 09:29:54,ETF股票型,648,589020.SH,SH,xtdata.get_stock_list_in_sector
2026-07-07,2026-07-07 09:29:54,ETF股票型,649,589030.SH,SH,xtdata.get_stock_list_in_sector
2026-07-07,2026-07-07 09:29:54,ETF股票型,650,589050.SH,SH,xtdata.get_stock_list_in_sector
2026-07-07,2026-07-07 09:29:54,ETF股票型,651,589060.SH,SH,xtdata.get_stock_list_in_sector
2026-07-07,2026-07-07 09:29:54,ETF股票型,652,589070.SH,SH,xtdata.get_stock_list_in_sector
2026-07-07,2026-07-07 09:29:54,ETF股票型,653,589080.SH,SH,xtdata.get_stock_list_in_sector
2026-07-07,2026-07-07 09:29:54,ETF股票型,654,589090.SH,SH,xtdata.get_stock_list_in_sector
2026-07-07,2026-07-07 09:29:54,ETF股票型,655,589100.SH,SH,xtdata.get_stock_list_in_sector
2026-07-07,2026-07-07 09:29:54,ETF股票型,656,589110.SH,SH,xtdata.get_stock_list_in_sector
2026-07-07,2026-07-07 09:29:54,ETF股票型,657,589120.SH,SH,xtdata.get_stock_list_in_sector
2026-07-07,2026-07-07 09:29:54,ETF股票型,658,589130.SH,SH,xtdata.get_stock_list_in_sector
2026-07-07,2026-07-07 09:29:54,ETF股票型,659,589150.SH,SH,xtdata.get_stock_list_in_sector
2026-07-07,2026-07-07 09:29:54,ETF股票型,660,589160.SH,SH,xtdata.get_stock_list_in_sector
2026-07-07,2026-07-07 09:29:54,ETF股票型,661,589170.SH,SH,xtdata.get_stock_list_in_sector
2026-07-07,2026-07-07 09:29:54,ETF股票型,662,589180.SH,SH,xtdata.get_stock_list_in_sector
2026-07-07,2026-07-07 09:29:54,ETF股票型,663,589190.SH,SH,xtdata.get_stock_list_in_sector
2026-07-07,2026-07-07 09:29:54,ETF股票型,664,589200.SH,SH,xtdata.get_stock_list_in_sector
2026-07-07,2026-07-07 09:29:54,ETF股票型,665,589210.SH,SH,xtdata.get_stock_list_in_sector
2026-07-07,2026-07-07 09:29:54,ETF股票型,666,589220.SH,SH,xtdata.get_stock_list_in_sector
2026-07-07,2026-07-07 09:29:54,ETF股票型,667,589230.SH,SH,xtdata.get_stock_list_in_sector
2026-07-07,2026-07-07 09:29:54,ETF股票型,668,589250.SH,SH,xtdata.get_stock_list_in_sector
2026-07-07,2026-07-07 09:29:54,ETF股票型,669,589260.SH,SH,xtdata.get_stock_list_in_sector
2026-07-07,2026-07-07 09:29:54,ETF股票型,670,589270.SH,SH,xtdata.get_stock_list_in_sector
2026-07-07,2026-07-07 09:29:54,ETF股票型,671,589280.SH,SH,xtdata.get_stock_list_in_sector
2026-07-07,2026-07-07 09:29:54,ETF股票型,672,589290.SH,SH,xtdata.get_stock_list_in_sector
2026-07-07,2026-07-07 09:29:54,ETF股票型,673,589300.SH,SH,xtdata.get_stock_list_in_sector
2026-07-07,2026-07-07 09:29:54,ETF股票型,674,589310.SH,SH,xtdata.get_stock_list_in_sector
2026-07-07,2026-07-07 09:29:54,ETF股票型,675,589320.SH,SH,xtdata.get_stock_list_in_sector
2026-07-07,2026-07-07 09:29:54,ETF股票型,676,589330.SH,SH,xtdata.get_stock_list_in_sector
2026-07-07,2026-07-07 09:29:54,ETF股票型,677,589350.SH,SH,xtdata.get_stock_list_in_sector
2026-07-07,2026-07-07 09:29:54,ETF股票型,678,589360.SH,SH,xtdata.get_stock_list_in_sector
2026-07-07,2026-07-07 09:29:54,ETF股票型,679,589380.SH,SH,xtdata.get_stock_list_in_sector
2026-07-07,2026-07-07 09:29:54,ETF股票型,680,589500.SH,SH,xtdata.get_stock_list_in_sector
2026-07-07,2026-07-07 09:29:54,ETF股票型,681,589520.SH,SH,xtdata.get_stock_list_in_sector
2026-07-07,2026-07-07 09:29:54,ETF股票型,682,589550.SH,SH,xtdata.get_stock_list_in_sector
2026-07-07,2026-07-07 09:29:54,ETF股票型,683,589560.SH,SH,xtdata.get_stock_list_in_sector
2026-07-07,2026-07-07 09:29:54,ETF股票型,684,589580.SH,SH,xtdata.get_stock_list_in_sector
2026-07-07,2026-07-07 09:29:54,ETF股票型,685,589600.SH,SH,xtdata.get_stock_list_in_sector
2026-07-07,2026-07-07 09:29:54,ETF股票型,686,589630.SH,SH,xtdata.get_stock_list_in_sector
2026-07-07,2026-07-07 09:29:54,ETF股票型,687,589660.SH,SH,xtdata.get_stock_list_in_sector
2026-07-07,2026-07-07 09:29:54,ETF股票型,688,589680.SH,SH,xtdata.get_stock_list_in_sector
2026-07-07,2026-07-07 09:29:54,ETF股票型,689,589700.SH,SH,xtdata.get_stock_list_in_sector
2026-07-07,2026-07-07 09:29:54,ETF股票型,690,589720.SH,SH,xtdata.get_stock_list_in_sector
2026-07-07,2026-07-07 09:29:54,ETF股票型,691,589770.SH,SH,xtdata.get_stock_list_in_sector
2026-07-07,2026-07-07 09:29:54,ETF股票型,692,589780.SH,SH,xtdata.get_stock_list_in_sector
2026-07-07,2026-07-07 09:29:54,ETF股票型,693,589800.SH,SH,xtdata.get_stock_list_in_sector
2026-07-07,2026-07-07 09:29:54,ETF股票型,694,589820.SH,SH,xtdata.get_stock_list_in_sector
2026-07-07,2026-07-07 09:29:54,ETF股票型,695,589850.SH,SH,xtdata.get_stock_list_in_sector
2026-07-07,2026-07-07 09:29:54,ETF股票型,696,589860.SH,SH,xtdata.get_stock_list_in_sector
2026-07-07,2026-07-07 09:29:54,ETF股票型,697,589880.SH,SH,xtdata.get_stock_list_in_sector
2026-07-07,2026-07-07 09:29:54,ETF股票型,698,589890.SH,SH,xtdata.get_stock_list_in_sector
2026-07-07,2026-07-07 09:29:54,ETF股票型,699,589900.SH,SH,xtdata.get_stock_list_in_sector
2026-07-07,2026-07-07 09:29:54,ETF股票型,700,589950.SH,SH,xtdata.get_stock_list_in_sector
2026-07-07,2026-07-07 09:29:54,ETF股票型,701,589960.SH,SH,xtdata.get_stock_list_in_sector
2026-07-07,2026-07-07 09:29:54,ETF股票型,702,589980.SH,SH,xtdata.get_stock_list_in_sector
2026-07-07,2026-07-07 09:29:54,ETF股票型,703,589990.SH,SH,xtdata.get_stock_list_in_sector
2026-07-07,2026-07-07 09:29:54,ETF股票型,704,159007.SZ,SZ,xtdata.get_stock_list_in_sector
2026-07-07,2026-07-07 09:29:54,ETF股票型,705,159008.SZ,SZ,xtdata.get_stock_list_in_sector
2026-07-07,2026-07-07 09:29:54,ETF股票型,706,159009.SZ,SZ,xtdata.get_stock_list_in_sector
2026-07-07,2026-07-07 09:29:54,ETF股票型,707,159011.SZ,SZ,xtdata.get_stock_list_in_sector
2026-07-07,2026-07-07 09:29:54,ETF股票型,708,159012.SZ,SZ,xtdata.get_stock_list_in_sector
2026-07-07,2026-07-07 09:29:54,ETF股票型,709,159013.SZ,SZ,xtdata.get_stock_list_in_sector
2026-07-07,2026-07-07 09:29:54,ETF股票型,710,159016.SZ,SZ,xtdata.get_stock_list_in_sector
2026-07-07,2026-07-07 09:29:54,ETF股票型,711,159017.SZ,SZ,xtdata.get_stock_list_in_sector
2026-07-07,2026-07-07 09:29:54,ETF股票型,712,159018.SZ,SZ,xtdata.get_stock_list_in_sector
2026-07-07,2026-07-07 09:29:54,ETF股票型,713,159019.SZ,SZ,xtdata.get_stock_list_in_sector
2026-07-07,2026-07-07 09:29:54,ETF股票型,714,159020.SZ,SZ,xtdata.get_stock_list_in_sector
2026-07-07,2026-07-07 09:29:54,ETF股票型,715,159021.SZ,SZ,xtdata.get_stock_list_in_sector
2026-07-07,2026-07-07 09:29:54,ETF股票型,716,159022.SZ,SZ,xtdata.get_stock_list_in_sector
2026-07-07,2026-07-07 09:29:54,ETF股票型,717,159023.SZ,SZ,xtdata.get_stock_list_in_sector
2026-07-07,2026-07-07 09:29:54,ETF股票型,718,159026.SZ,SZ,xtdata.get_stock_list_in_sector
2026-07-07,2026-07-07 09:29:54,ETF股票型,719,159027.SZ,SZ,xtdata.get_stock_list_in_sector
2026-07-07,2026-07-07 09:29:54,ETF股票型,720,159029.SZ,SZ,xtdata.get_stock_list_in_sector
2026-07-07,2026-07-07 09:29:54,ETF股票型,721,159030.SZ,SZ,xtdata.get_stock_list_in_sector
2026-07-07,2026-07-07 09:29:54,ETF股票型,722,159031.SZ,SZ,xtdata.get_stock_list_in_sector
2026-07-07,2026-07-07 09:29:54,ETF股票型,723,159032.SZ,SZ,xtdata.get_stock_list_in_sector
2026-07-07,2026-07-07 09:29:54,ETF股票型,724,159033.SZ,SZ,xtdata.get_stock_list_in_sector
2026-07-07,2026-07-07 09:29:54,ETF股票型,725,159035.SZ,SZ,xtdata.get_stock_list_in_sector
2026-07-07,2026-07-07 09:29:54,ETF股票型,726,159036.SZ,SZ,xtdata.get_stock_list_in_sector
2026-07-07,2026-07-07 09:29:54,ETF股票型,727,159037.SZ,SZ,xtdata.get_stock_list_in_sector
2026-07-07,2026-07-07 09:29:54,ETF股票型,728,159038.SZ,SZ,xtdata.get_stock_list_in_sector
2026-07-07,2026-07-07 09:29:54,ETF股票型,729,159039.SZ,SZ,xtdata.get_stock_list_in_sector
2026-07-07,2026-07-07 09:29:54,ETF股票型,730,159041.SZ,SZ,xtdata.get_stock_list_in_sector
2026-07-07,2026-07-07 09:29:54,ETF股票型,731,159042.SZ,SZ,xtdata.get_stock_list_in_sector
2026-07-07,2026-07-07 09:29:54,ETF股票型,732,159045.SZ,SZ,xtdata.get_stock_list_in_sector
2026-07-07,2026-07-07 09:29:54,ETF股票型,733,159046.SZ,SZ,xtdata.get_stock_list_in_sector
2026-07-07,2026-07-07 09:29:54,ETF股票型,734,159048.SZ,SZ,xtdata.get_stock_list_in_sector
2026-07-07,2026-07-07 09:29:54,ETF股票型,735,159050.SZ,SZ,xtdata.get_stock_list_in_sector
2026-07-07,2026-07-07 09:29:54,ETF股票型,736,159051.SZ,SZ,xtdata.get_stock_list_in_sector
2026-07-07,2026-07-07 09:29:54,ETF股票型,737,159052.SZ,SZ,xtdata.get_stock_list_in_sector
2026-07-07,2026-07-07 09:29:54,ETF股票型,738,159053.SZ,SZ,xtdata.get_stock_list_in_sector
2026-07-07,2026-07-07 09:29:54,ETF股票型,739,159055.SZ,SZ,xtdata.get_stock_list_in_sector
2026-07-07,2026-07-07 09:29:54,ETF股票型,740,159056.SZ,SZ,xtdata.get_stock_list_in_sector
2026-07-07,2026-07-07 09:29:54,ETF股票型,741,159057.SZ,SZ,xtdata.get_stock_list_in_sector
2026-07-07,2026-07-07 09:29:54,ETF股票型,742,159060.SZ,SZ,xtdata.get_stock_list_in_sector
2026-07-07,2026-07-07 09:29:54,ETF股票型,743,159061.SZ,SZ,xtdata.get_stock_list_in_sector
2026-07-07,2026-07-07 09:29:54,ETF股票型,744,159062.SZ,SZ,xtdata.get_stock_list_in_sector
2026-07-07,2026-07-07 09:29:54,ETF股票型,745,159063.SZ,SZ,xtdata.get_stock_list_in_sector
2026-07-07,2026-07-07 09:29:54,ETF股票型,746,159065.SZ,SZ,xtdata.get_stock_list_in_sector
2026-07-07,2026-07-07 09:29:54,ETF股票型,747,159070.SZ,SZ,xtdata.get_stock_list_in_sector
2026-07-07,2026-07-07 09:29:54,ETF股票型,748,159071.SZ,SZ,xtdata.get_stock_list_in_sector
2026-07-07,2026-07-07 09:29:54,ETF股票型,749,159103.SZ,SZ,xtdata.get_stock_list_in_sector
2026-07-07,2026-07-07 09:29:54,ETF股票型,750,159106.SZ,SZ,xtdata.get_stock_list_in_sector
2026-07-07,2026-07-07 09:29:54,ETF股票型,751,159107.SZ,SZ,xtdata.get_stock_list_in_sector
2026-07-07,2026-07-07 09:29:54,ETF股票型,752,159108.SZ,SZ,xtdata.get_stock_list_in_sector
2026-07-07,2026-07-07 09:29:54,ETF股票型,753,159119.SZ,SZ,xtdata.get_stock_list_in_sector
2026-07-07,2026-07-07 09:29:54,ETF股票型,754,159122.SZ,SZ,xtdata.get_stock_list_in_sector
2026-07-07,2026-07-07 09:29:54,ETF股票型,755,159123.SZ,SZ,xtdata.get_stock_list_in_sector
2026-07-07,2026-07-07 09:29:54,ETF股票型,756,159129.SZ,SZ,xtdata.get_stock_list_in_sector
2026-07-07,2026-07-07 09:29:54,ETF股票型,757,159133.SZ,SZ,xtdata.get_stock_list_in_sector
2026-07-07,2026-07-07 09:29:54,ETF股票型,758,159136.SZ,SZ,xtdata.get_stock_list_in_sector
2026-07-07,2026-07-07 09:29:54,ETF股票型,759,159138.SZ,SZ,xtdata.get_stock_list_in_sector
2026-07-07,2026-07-07 09:29:54,ETF股票型,760,159139.SZ,SZ,xtdata.get_stock_list_in_sector
2026-07-07,2026-07-07 09:29:54,ETF股票型,761,159140.SZ,SZ,xtdata.get_stock_list_in_sector
2026-07-07,2026-07-07 09:29:54,ETF股票型,762,159141.SZ,SZ,xtdata.get_stock_list_in_sector
2026-07-07,2026-07-07 09:29:54,ETF股票型,763,159142.SZ,SZ,xtdata.get_stock_list_in_sector
2026-07-07,2026-07-07 09:29:54,ETF股票型,764,159145.SZ,SZ,xtdata.get_stock_list_in_sector
2026-07-07,2026-07-07 09:29:54,ETF股票型,765,159146.SZ,SZ,xtdata.get_stock_list_in_sector
2026-07-07,2026-07-07 09:29:54,ETF股票型,766,159147.SZ,SZ,xtdata.get_stock_list_in_sector
2026-07-07,2026-07-07 09:29:54,ETF股票型,767,159148.SZ,SZ,xtdata.get_stock_list_in_sector
2026-07-07,2026-07-07 09:29:54,ETF股票型,768,159149.SZ,SZ,xtdata.get_stock_list_in_sector
2026-07-07,2026-07-07 09:29:54,ETF股票型,769,159150.SZ,SZ,xtdata.get_stock_list_in_sector
2026-07-07,2026-07-07 09:29:54,ETF股票型,770,159151.SZ,SZ,xtdata.get_stock_list_in_sector
2026-07-07,2026-07-07 09:29:54,ETF股票型,771,159153.SZ,SZ,xtdata.get_stock_list_in_sector
2026-07-07,2026-07-07 09:29:54,ETF股票型,772,159155.SZ,SZ,xtdata.get_stock_list_in_sector
2026-07-07,2026-07-07 09:29:54,ETF股票型,773,159156.SZ,SZ,xtdata.get_stock_list_in_sector
2026-07-07,2026-07-07 09:29:54,ETF股票型,774,159157.SZ,SZ,xtdata.get_stock_list_in_sector
2026-07-07,2026-07-07 09:29:54,ETF股票型,775,159158.SZ,SZ,xtdata.get_stock_list_in_sector
2026-07-07,2026-07-07 09:29:54,ETF股票型,776,159159.SZ,SZ,xtdata.get_stock_list_in_sector
2026-07-07,2026-07-07 09:29:54,ETF股票型,777,159160.SZ,SZ,xtdata.get_stock_list_in_sector
2026-07-07,2026-07-07 09:29:54,ETF股票型,778,159162.SZ,SZ,xtdata.get_stock_list_in_sector
2026-07-07,2026-07-07 09:29:54,ETF股票型,779,159163.SZ,SZ,xtdata.get_stock_list_in_sector
2026-07-07,2026-07-07 09:29:54,ETF股票型,780,159165.SZ,SZ,xtdata.get_stock_list_in_sector
2026-07-07,2026-07-07 09:29:54,ETF股票型,781,159166.SZ,SZ,xtdata.get_stock_list_in_sector
2026-07-07,2026-07-07 09:29:54,ETF股票型,782,159168.SZ,SZ,xtdata.get_stock_list_in_sector
2026-07-07,2026-07-07 09:29:54,ETF股票型,783,159171.SZ,SZ,xtdata.get_stock_list_in_sector
2026-07-07,2026-07-07 09:29:54,ETF股票型,784,159172.SZ,SZ,xtdata.get_stock_list_in_sector
2026-07-07,2026-07-07 09:29:54,ETF股票型,785,159173.SZ,SZ,xtdata.get_stock_list_in_sector
2026-07-07,2026-07-07 09:29:54,ETF股票型,786,159175.SZ,SZ,xtdata.get_stock_list_in_sector
2026-07-07,2026-07-07 09:29:54,ETF股票型,787,159176.SZ,SZ,xtdata.get_stock_list_in_sector
2026-07-07,2026-07-07 09:29:54,ETF股票型,788,159177.SZ,SZ,xtdata.get_stock_list_in_sector
2026-07-07,2026-07-07 09:29:54,ETF股票型,789,159178.SZ,SZ,xtdata.get_stock_list_in_sector
2026-07-07,2026-07-07 09:29:54,ETF股票型,790,159180.SZ,SZ,xtdata.get_stock_list_in_sector
2026-07-07,2026-07-07 09:29:54,ETF股票型,791,159181.SZ,SZ,xtdata.get_stock_list_in_sector
2026-07-07,2026-07-07 09:29:54,ETF股票型,792,159182.SZ,SZ,xtdata.get_stock_list_in_sector
2026-07-07,2026-07-07 09:29:54,ETF股票型,793,159183.SZ,SZ,xtdata.get_stock_list_in_sector
2026-07-07,2026-07-07 09:29:54,ETF股票型,794,159187.SZ,SZ,xtdata.get_stock_list_in_sector
2026-07-07,2026-07-07 09:29:54,ETF股票型,795,159188.SZ,SZ,xtdata.get_stock_list_in_sector
2026-07-07,2026-07-07 09:29:54,ETF股票型,796,159189.SZ,SZ,xtdata.get_stock_list_in_sector
2026-07-07,2026-07-07 09:29:54,ETF股票型,797,159190.SZ,SZ,xtdata.get_stock_list_in_sector
2026-07-07,2026-07-07 09:29:54,ETF股票型,798,159192.SZ,SZ,xtdata.get_stock_list_in_sector
2026-07-07,2026-07-07 09:29:54,ETF股票型,799,159193.SZ,SZ,xtdata.get_stock_list_in_sector
2026-07-07,2026-07-07 09:29:54,ETF股票型,800,159195.SZ,SZ,xtdata.get_stock_list_in_sector
2026-07-07,2026-07-07 09:29:54,ETF股票型,801,159197.SZ,SZ,xtdata.get_stock_list_in_sector
2026-07-07,2026-07-07 09:29:54,ETF股票型,802,159199.SZ,SZ,xtdata.get_stock_list_in_sector
2026-07-07,2026-07-07 09:29:54,ETF股票型,803,159201.SZ,SZ,xtdata.get_stock_list_in_sector
2026-07-07,2026-07-07 09:29:54,ETF股票型,804,159203.SZ,SZ,xtdata.get_stock_list_in_sector
2026-07-07,2026-07-07 09:29:54,ETF股票型,805,159205.SZ,SZ,xtdata.get_stock_list_in_sector
2026-07-07,2026-07-07 09:29:54,ETF股票型,806,159206.SZ,SZ,xtdata.get_stock_list_in_sector
2026-07-07,2026-07-07 09:29:54,ETF股票型,807,159207.SZ,SZ,xtdata.get_stock_list_in_sector
2026-07-07,2026-07-07 09:29:54,ETF股票型,808,159208.SZ,SZ,xtdata.get_stock_list_in_sector
2026-07-07,2026-07-07 09:29:54,ETF股票型,809,159209.SZ,SZ,xtdata.get_stock_list_in_sector
2026-07-07,2026-07-07 09:29:54,ETF股票型,810,159211.SZ,SZ,xtdata.get_stock_list_in_sector
2026-07-07,2026-07-07 09:29:54,ETF股票型,811,159212.SZ,SZ,xtdata.get_stock_list_in_sector
2026-07-07,2026-07-07 09:29:54,ETF股票型,812,159213.SZ,SZ,xtdata.get_stock_list_in_sector
2026-07-07,2026-07-07 09:29:54,ETF股票型,813,159215.SZ,SZ,xtdata.get_stock_list_in_sector
2026-07-07,2026-07-07 09:29:54,ETF股票型,814,159216.SZ,SZ,xtdata.get_stock_list_in_sector
2026-07-07,2026-07-07 09:29:54,ETF股票型,815,159218.SZ,SZ,xtdata.get_stock_list_in_sector
2026-07-07,2026-07-07 09:29:54,ETF股票型,816,159219.SZ,SZ,xtdata.get_stock_list_in_sector
2026-07-07,2026-07-07 09:29:54,ETF股票型,817,159221.SZ,SZ,xtdata.get_stock_list_in_sector
2026-07-07,2026-07-07 09:29:54,ETF股票型,818,159222.SZ,SZ,xtdata.get_stock_list_in_sector
2026-07-07,2026-07-07 09:29:54,ETF股票型,819,159223.SZ,SZ,xtdata.get_stock_list_in_sector
2026-07-07,2026-07-07 09:29:54,ETF股票型,820,159225.SZ,SZ,xtdata.get_stock_list_in_sector
2026-07-07,2026-07-07 09:29:54,ETF股票型,821,159226.SZ,SZ,xtdata.get_stock_list_in_sector
2026-07-07,2026-07-07 09:29:54,ETF股票型,822,159227.SZ,SZ,xtdata.get_stock_list_in_sector
2026-07-07,2026-07-07 09:29:54,ETF股票型,823,159228.SZ,SZ,xtdata.get_stock_list_in_sector
2026-07-07,2026-07-07 09:29:54,ETF股票型,824,159229.SZ,SZ,xtdata.get_stock_list_in_sector
2026-07-07,2026-07-07 09:29:54,ETF股票型,825,159230.SZ,SZ,xtdata.get_stock_list_in_sector
2026-07-07,2026-07-07 09:29:54,ETF股票型,826,159231.SZ,SZ,xtdata.get_stock_list_in_sector
2026-07-07,2026-07-07 09:29:54,ETF股票型,827,159232.SZ,SZ,xtdata.get_stock_list_in_sector
2026-07-07,2026-07-07 09:29:54,ETF股票型,828,159233.SZ,SZ,xtdata.get_stock_list_in_sector
2026-07-07,2026-07-07 09:29:54,ETF股票型,829,159235.SZ,SZ,xtdata.get_stock_list_in_sector
2026-07-07,2026-07-07 09:29:54,ETF股票型,830,159236.SZ,SZ,xtdata.get_stock_list_in_sector
2026-07-07,2026-07-07 09:29:54,ETF股票型,831,159238.SZ,SZ,xtdata.get_stock_list_in_sector
2026-07-07,2026-07-07 09:29:54,ETF股票型,832,159240.SZ,SZ,xtdata.get_stock_list_in_sector
2026-07-07,2026-07-07 09:29:54,ETF股票型,833,159241.SZ,SZ,xtdata.get_stock_list_in_sector
2026-07-07,2026-07-07 09:29:54,ETF股票型,834,159242.SZ,SZ,xtdata.get_stock_list_in_sector
2026-07-07,2026-07-07 09:29:54,ETF股票型,835,159243.SZ,SZ,xtdata.get_stock_list_in_sector
2026-07-07,2026-07-07 09:29:54,ETF股票型,836,159246.SZ,SZ,xtdata.get_stock_list_in_sector
2026-07-07,2026-07-07 09:29:54,ETF股票型,837,159247.SZ,SZ,xtdata.get_stock_list_in_sector
2026-07-07,2026-07-07 09:29:54,ETF股票型,838,159248.SZ,SZ,xtdata.get_stock_list_in_sector
2026-07-07,2026-07-07 09:29:54,ETF股票型,839,159249.SZ,SZ,xtdata.get_stock_list_in_sector
2026-07-07,2026-07-07 09:29:54,ETF股票型,840,159253.SZ,SZ,xtdata.get_stock_list_in_sector
2026-07-07,2026-07-07 09:29:54,ETF股票型,841,159255.SZ,SZ,xtdata.get_stock_list_in_sector
2026-07-07,2026-07-07 09:29:54,ETF股票型,842,159256.SZ,SZ,xtdata.get_stock_list_in_sector
2026-07-07,2026-07-07 09:29:54,ETF股票型,843,159257.SZ,SZ,xtdata.get_stock_list_in_sector
2026-07-07,2026-07-07 09:29:54,ETF股票型,844,159258.SZ,SZ,xtdata.get_stock_list_in_sector
2026-07-07,2026-07-07 09:29:54,ETF股票型,845,159259.SZ,SZ,xtdata.get_stock_list_in_sector
2026-07-07,2026-07-07 09:29:54,ETF股票型,846,159260.SZ,SZ,xtdata.get_stock_list_in_sector
2026-07-07,2026-07-07 09:29:54,ETF股票型,847,159261.SZ,SZ,xtdata.get_stock_list_in_sector
2026-07-07,2026-07-07 09:29:54,ETF股票型,848,159263.SZ,SZ,xtdata.get_stock_list_in_sector
2026-07-07,2026-07-07 09:29:54,ETF股票型,849,159267.SZ,SZ,xtdata.get_stock_list_in_sector
2026-07-07,2026-07-07 09:29:54,ETF股票型,850,159270.SZ,SZ,xtdata.get_stock_list_in_sector
2026-07-07,2026-07-07 09:29:54,ETF股票型,851,159272.SZ,SZ,xtdata.get_stock_list_in_sector
2026-07-07,2026-07-07 09:29:54,ETF股票型,852,159273.SZ,SZ,xtdata.get_stock_list_in_sector
2026-07-07,2026-07-07 09:29:54,ETF股票型,853,159275.SZ,SZ,xtdata.get_stock_list_in_sector
2026-07-07,2026-07-07 09:29:54,ETF股票型,854,159276.SZ,SZ,xtdata.get_stock_list_in_sector
2026-07-07,2026-07-07 09:29:54,ETF股票型,855,159278.SZ,SZ,xtdata.get_stock_list_in_sector
2026-07-07,2026-07-07 09:29:54,ETF股票型,856,159279.SZ,SZ,xtdata.get_stock_list_in_sector
2026-07-07,2026-07-07 09:29:54,ETF股票型,857,159283.SZ,SZ,xtdata.get_stock_list_in_sector
2026-07-07,2026-07-07 09:29:54,ETF股票型,858,159287.SZ,SZ,xtdata.get_stock_list_in_sector
2026-07-07,2026-07-07 09:29:54,ETF股票型,859,159288.SZ,SZ,xtdata.get_stock_list_in_sector
2026-07-07,2026-07-07 09:29:54,ETF股票型,860,159289.SZ,SZ,xtdata.get_stock_list_in_sector
2026-07-07,2026-07-07 09:29:54,ETF股票型,861,159290.SZ,SZ,xtdata.get_stock_list_in_sector
2026-07-07,2026-07-07 09:29:54,ETF股票型,862,159291.SZ,SZ,xtdata.get_stock_list_in_sector
2026-07-07,2026-07-07 09:29:54,ETF股票型,863,159292.SZ,SZ,xtdata.get_stock_list_in_sector
2026-07-07,2026-07-07 09:29:54,ETF股票型,864,159293.SZ,SZ,xtdata.get_stock_list_in_sector
2026-07-07,2026-07-07 09:29:54,ETF股票型,865,159295.SZ,SZ,xtdata.get_stock_list_in_sector
2026-07-07,2026-07-07 09:29:54,ETF股票型,866,159296.SZ,SZ,xtdata.get_stock_list_in_sector
2026-07-07,2026-07-07 09:29:54,ETF股票型,867,159298.SZ,SZ,xtdata.get_stock_list_in_sector
2026-07-07,2026-07-07 09:29:54,ETF股票型,868,159299.SZ,SZ,xtdata.get_stock_list_in_sector
2026-07-07,2026-07-07 09:29:54,ETF股票型,869,159300.SZ,SZ,xtdata.get_stock_list_in_sector
2026-07-07,2026-07-07 09:29:54,ETF股票型,870,159301.SZ,SZ,xtdata.get_stock_list_in_sector
2026-07-07,2026-07-07 09:29:54,ETF股票型,871,159305.SZ,SZ,xtdata.get_stock_list_in_sector
2026-07-07,2026-07-07 09:29:54,ETF股票型,872,159306.SZ,SZ,xtdata.get_stock_list_in_sector
2026-07-07,2026-07-07 09:29:54,ETF股票型,873,159307.SZ,SZ,xtdata.get_stock_list_in_sector
2026-07-07,2026-07-07 09:29:54,ETF股票型,874,159309.SZ,SZ,xtdata.get_stock_list_in_sector
2026-07-07,2026-07-07 09:29:54,ETF股票型,875,159310.SZ,SZ,xtdata.get_stock_list_in_sector
2026-07-07,2026-07-07 09:29:54,ETF股票型,876,159311.SZ,SZ,xtdata.get_stock_list_in_sector
2026-07-07,2026-07-07 09:29:54,ETF股票型,877,159315.SZ,SZ,xtdata.get_stock_list_in_sector
2026-07-07,2026-07-07 09:29:54,ETF股票型,878,159320.SZ,SZ,xtdata.get_stock_list_in_sector
2026-07-07,2026-07-07 09:29:54,ETF股票型,879,159321.SZ,SZ,xtdata.get_stock_list_in_sector
2026-07-07,2026-07-07 09:29:54,ETF股票型,880,159322.SZ,SZ,xtdata.get_stock_list_in_sector
2026-07-07,2026-07-07 09:29:54,ETF股票型,881,159325.SZ,SZ,xtdata.get_stock_list_in_sector
2026-07-07,2026-07-07 09:29:54,ETF股票型,882,159326.SZ,SZ,xtdata.get_stock_list_in_sector
2026-07-07,2026-07-07 09:29:54,ETF股票型,883,159327.SZ,SZ,xtdata.get_stock_list_in_sector
2026-07-07,2026-07-07 09:29:54,ETF股票型,884,159328.SZ,SZ,xtdata.get_stock_list_in_sector
2026-07-07,2026-07-07 09:29:54,ETF股票型,885,159330.SZ,SZ,xtdata.get_stock_list_in_sector
2026-07-07,2026-07-07 09:29:54,ETF股票型,886,159332.SZ,SZ,xtdata.get_stock_list_in_sector
2026-07-07,2026-07-07 09:29:54,ETF股票型,887,159335.SZ,SZ,xtdata.get_stock_list_in_sector
2026-07-07,2026-07-07 09:29:54,ETF股票型,888,159336.SZ,SZ,xtdata.get_stock_list_in_sector
2026-07-07,2026-07-07 09:29:54,ETF股票型,889,159337.SZ,SZ,xtdata.get_stock_list_in_sector
2026-07-07,2026-07-07 09:29:54,ETF股票型,890,159338.SZ,SZ,xtdata.get_stock_list_in_sector
2026-07-07,2026-07-07 09:29:54,ETF股票型,891,159339.SZ,SZ,xtdata.get_stock_list_in_sector
2026-07-07,2026-07-07 09:29:54,ETF股票型,892,159350.SZ,SZ,xtdata.get_stock_list_in_sector
2026-07-07,2026-07-07 09:29:54,ETF股票型,893,159351.SZ,SZ,xtdata.get_stock_list_in_sector
2026-07-07,2026-07-07 09:29:54,ETF股票型,894,159352.SZ,SZ,xtdata.get_stock_list_in_sector
2026-07-07,2026-07-07 09:29:54,ETF股票型,895,159353.SZ,SZ,xtdata.get_stock_list_in_sector
2026-07-07,2026-07-07 09:29:54,ETF股票型,896,159355.SZ,SZ,xtdata.get_stock_list_in_sector
2026-07-07,2026-07-07 09:29:54,ETF股票型,897,159356.SZ,SZ,xtdata.get_stock_list_in_sector
2026-07-07,2026-07-07 09:29:54,ETF股票型,898,159357.SZ,SZ,xtdata.get_stock_list_in_sector
2026-07-07,2026-07-07 09:29:54,ETF股票型,899,159358.SZ,SZ,xtdata.get_stock_list_in_sector
2026-07-07,2026-07-07 09:29:54,ETF股票型,900,159359.SZ,SZ,xtdata.get_stock_list_in_sector
2026-07-07,2026-07-07 09:29:54,ETF股票型,901,159360.SZ,SZ,xtdata.get_stock_list_in_sector
2026-07-07,2026-07-07 09:29:54,ETF股票型,902,159361.SZ,SZ,xtdata.get_stock_list_in_sector
2026-07-07,2026-07-07 09:29:54,ETF股票型,903,159362.SZ,SZ,xtdata.get_stock_list_in_sector
2026-07-07,2026-07-07 09:29:54,ETF股票型,904,159363.SZ,SZ,xtdata.get_stock_list_in_sector
2026-07-07,2026-07-07 09:29:54,ETF股票型,905,159367.SZ,SZ,xtdata.get_stock_list_in_sector
2026-07-07,2026-07-07 09:29:54,ETF股票型,906,159368.SZ,SZ,xtdata.get_stock_list_in_sector
2026-07-07,2026-07-07 09:29:54,ETF股票型,907,159369.SZ,SZ,xtdata.get_stock_list_in_sector
2026-07-07,2026-07-07 09:29:54,ETF股票型,908,159370.SZ,SZ,xtdata.get_stock_list_in_sector
2026-07-07,2026-07-07 09:29:54,ETF股票型,909,159371.SZ,SZ,xtdata.get_stock_list_in_sector
2026-07-07,2026-07-07 09:29:54,ETF股票型,910,159372.SZ,SZ,xtdata.get_stock_list_in_sector
2026-07-07,2026-07-07 09:29:54,ETF股票型,911,159373.SZ,SZ,xtdata.get_stock_list_in_sector
2026-07-07,2026-07-07 09:29:54,ETF股票型,912,159375.SZ,SZ,xtdata.get_stock_list_in_sector
2026-07-07,2026-07-07 09:29:54,ETF股票型,913,159376.SZ,SZ,xtdata.get_stock_list_in_sector
2026-07-07,2026-07-07 09:29:54,ETF股票型,914,159377.SZ,SZ,xtdata.get_stock_list_in_sector
2026-07-07,2026-07-07 09:29:54,ETF股票型,915,159378.SZ,SZ,xtdata.get_stock_list_in_sector
2026-07-07,2026-07-07 09:29:54,ETF股票型,916,159379.SZ,SZ,xtdata.get_stock_list_in_sector
2026-07-07,2026-07-07 09:29:54,ETF股票型,917,159380.SZ,SZ,xtdata.get_stock_list_in_sector
2026-07-07,2026-07-07 09:29:54,ETF股票型,918,159381.SZ,SZ,xtdata.get_stock_list_in_sector
2026-07-07,2026-07-07 09:29:54,ETF股票型,919,159382.SZ,SZ,xtdata.get_stock_list_in_sector
2026-07-07,2026-07-07 09:29:54,ETF股票型,920,159383.SZ,SZ,xtdata.get_stock_list_in_sector
2026-07-07,2026-07-07 09:29:54,ETF股票型,921,159385.SZ,SZ,xtdata.get_stock_list_in_sector
2026-07-07,2026-07-07 09:29:54,ETF股票型,922,159386.SZ,SZ,xtdata.get_stock_list_in_sector
2026-07-07,2026-07-07 09:29:54,ETF股票型,923,159387.SZ,SZ,xtdata.get_stock_list_in_sector
2026-07-07,2026-07-07 09:29:54,ETF股票型,924,159388.SZ,SZ,xtdata.get_stock_list_in_sector
2026-07-07,2026-07-07 09:29:54,ETF股票型,925,159389.SZ,SZ,xtdata.get_stock_list_in_sector
2026-07-07,2026-07-07 09:29:54,ETF股票型,926,159390.SZ,SZ,xtdata.get_stock_list_in_sector
2026-07-07,2026-07-07 09:29:54,ETF股票型,927,159391.SZ,SZ,xtdata.get_stock_list_in_sector
2026-07-07,2026-07-07 09:29:54,ETF股票型,928,159392.SZ,SZ,xtdata.get_stock_list_in_sector
2026-07-07,2026-07-07 09:29:54,ETF股票型,929,159393.SZ,SZ,xtdata.get_stock_list_in_sector
2026-07-07,2026-07-07 09:29:54,ETF股票型,930,159399.SZ,SZ,xtdata.get_stock_list_in_sector
2026-07-07,2026-07-07 09:29:54,ETF股票型,931,159500.SZ,SZ,xtdata.get_stock_list_in_sector
2026-07-07,2026-07-07 09:29:54,ETF股票型,932,159505.SZ,SZ,xtdata.get_stock_list_in_sector
2026-07-07,2026-07-07 09:29:54,ETF股票型,933,159507.SZ,SZ,xtdata.get_stock_list_in_sector
2026-07-07,2026-07-07 09:29:54,ETF股票型,934,159508.SZ,SZ,xtdata.get_stock_list_in_sector
2026-07-07,2026-07-07 09:29:54,ETF股票型,935,159510.SZ,SZ,xtdata.get_stock_list_in_sector
2026-07-07,2026-07-07 09:29:54,ETF股票型,936,159511.SZ,SZ,xtdata.get_stock_list_in_sector
2026-07-07,2026-07-07 09:29:54,ETF股票型,937,159512.SZ,SZ,xtdata.get_stock_list_in_sector
2026-07-07,2026-07-07 09:29:54,ETF股票型,938,159515.SZ,SZ,xtdata.get_stock_list_in_sector
2026-07-07,2026-07-07 09:29:54,ETF股票型,939,159516.SZ,SZ,xtdata.get_stock_list_in_sector
2026-07-07,2026-07-07 09:29:54,ETF股票型,940,159517.SZ,SZ,xtdata.get_stock_list_in_sector
2026-07-07,2026-07-07 09:29:54,ETF股票型,941,159520.SZ,SZ,xtdata.get_stock_list_in_sector
2026-07-07,2026-07-07 09:29:54,ETF股票型,942,159521.SZ,SZ,xtdata.get_stock_list_in_sector
2026-07-07,2026-07-07 09:29:54,ETF股票型,943,159523.SZ,SZ,xtdata.get_stock_list_in_sector
2026-07-07,2026-07-07 09:29:54,ETF股票型,944,159525.SZ,SZ,xtdata.get_stock_list_in_sector
2026-07-07,2026-07-07 09:29:54,ETF股票型,945,159526.SZ,SZ,xtdata.get_stock_list_in_sector
2026-07-07,2026-07-07 09:29:54,ETF股票型,946,159527.SZ,SZ,xtdata.get_stock_list_in_sector
2026-07-07,2026-07-07 09:29:54,ETF股票型,947,159528.SZ,SZ,xtdata.get_stock_list_in_sector
2026-07-07,2026-07-07 09:29:54,ETF股票型,948,159530.SZ,SZ,xtdata.get_stock_list_in_sector
2026-07-07,2026-07-07 09:29:54,ETF股票型,949,159531.SZ,SZ,xtdata.get_stock_list_in_sector
2026-07-07,2026-07-07 09:29:54,ETF股票型,950,159532.SZ,SZ,xtdata.get_stock_list_in_sector
2026-07-07,2026-07-07 09:29:54,ETF股票型,951,159533.SZ,SZ,xtdata.get_stock_list_in_sector
2026-07-07,2026-07-07 09:29:54,ETF股票型,952,159535.SZ,SZ,xtdata.get_stock_list_in_sector
2026-07-07,2026-07-07 09:29:54,ETF股票型,953,159536.SZ,SZ,xtdata.get_stock_list_in_sector
2026-07-07,2026-07-07 09:29:54,ETF股票型,954,159537.SZ,SZ,xtdata.get_stock_list_in_sector
2026-07-07,2026-07-07 09:29:54,ETF股票型,955,159538.SZ,SZ,xtdata.get_stock_list_in_sector
2026-07-07,2026-07-07 09:29:54,ETF股票型,956,159539.SZ,SZ,xtdata.get_stock_list_in_sector
2026-07-07,2026-07-07 09:29:54,ETF股票型,957,159540.SZ,SZ,xtdata.get_stock_list_in_sector
2026-07-07,2026-07-07 09:29:54,ETF股票型,958,159541.SZ,SZ,xtdata.get_stock_list_in_sector
2026-07-07,2026-07-07 09:29:54,ETF股票型,959,159542.SZ,SZ,xtdata.get_stock_list_in_sector
2026-07-07,2026-07-07 09:29:54,ETF股票型,960,159543.SZ,SZ,xtdata.get_stock_list_in_sector
2026-07-07,2026-07-07 09:29:54,ETF股票型,961,159546.SZ,SZ,xtdata.get_stock_list_in_sector
2026-07-07,2026-07-07 09:29:54,ETF股票型,962,159547.SZ,SZ,xtdata.get_stock_list_in_sector
2026-07-07,2026-07-07 09:29:54,ETF股票型,963,159549.SZ,SZ,xtdata.get_stock_list_in_sector
2026-07-07,2026-07-07 09:29:54,ETF股票型,964,159550.SZ,SZ,xtdata.get_stock_list_in_sector
2026-07-07,2026-07-07 09:29:54,ETF股票型,965,159551.SZ,SZ,xtdata.get_stock_list_in_sector
2026-07-07,2026-07-07 09:29:54,ETF股票型,966,159552.SZ,SZ,xtdata.get_stock_list_in_sector
2026-07-07,2026-07-07 09:29:54,ETF股票型,967,159553.SZ,SZ,xtdata.get_stock_list_in_sector
2026-07-07,2026-07-07 09:29:54,ETF股票型,968,159555.SZ,SZ,xtdata.get_stock_list_in_sector
2026-07-07,2026-07-07 09:29:54,ETF股票型,969,159556.SZ,SZ,xtdata.get_stock_list_in_sector
2026-07-07,2026-07-07 09:29:54,ETF股票型,970,159558.SZ,SZ,xtdata.get_stock_list_in_sector
2026-07-07,2026-07-07 09:29:54,ETF股票型,971,159559.SZ,SZ,xtdata.get_stock_list_in_sector
2026-07-07,2026-07-07 09:29:54,ETF股票型,972,159560.SZ,SZ,xtdata.get_stock_list_in_sector
2026-07-07,2026-07-07 09:29:54,ETF股票型,973,159562.SZ,SZ,xtdata.get_stock_list_in_sector
2026-07-07,2026-07-07 09:29:54,ETF股票型,974,159563.SZ,SZ,xtdata.get_stock_list_in_sector
2026-07-07,2026-07-07 09:29:54,ETF股票型,975,159565.SZ,SZ,xtdata.get_stock_list_in_sector
2026-07-07,2026-07-07 09:29:54,ETF股票型,976,159566.SZ,SZ,xtdata.get_stock_list_in_sector
2026-07-07,2026-07-07 09:29:54,ETF股票型,977,159571.SZ,SZ,xtdata.get_stock_list_in_sector
2026-07-07,2026-07-07 09:29:54,ETF股票型,978,159572.SZ,SZ,xtdata.get_stock_list_in_sector
2026-07-07,2026-07-07 09:29:54,ETF股票型,979,159573.SZ,SZ,xtdata.get_stock_list_in_sector
2026-07-07,2026-07-07 09:29:54,ETF股票型,980,159575.SZ,SZ,xtdata.get_stock_list_in_sector
2026-07-07,2026-07-07 09:29:54,ETF股票型,981,159576.SZ,SZ,xtdata.get_stock_list_in_sector
2026-07-07,2026-07-07 09:29:54,ETF股票型,982,159578.SZ,SZ,xtdata.get_stock_list_in_sector
2026-07-07,2026-07-07 09:29:54,ETF股票型,983,159581.SZ,SZ,xtdata.get_stock_list_in_sector
2026-07-07,2026-07-07 09:29:54,ETF股票型,984,159582.SZ,SZ,xtdata.get_stock_list_in_sector
2026-07-07,2026-07-07 09:29:54,ETF股票型,985,159583.SZ,SZ,xtdata.get_stock_list_in_sector
2026-07-07,2026-07-07 09:29:54,ETF股票型,986,159586.SZ,SZ,xtdata.get_stock_list_in_sector
2026-07-07,2026-07-07 09:29:54,ETF股票型,987,159587.SZ,SZ,xtdata.get_stock_list_in_sector
2026-07-07,2026-07-07 09:29:54,ETF股票型,988,159588.SZ,SZ,xtdata.get_stock_list_in_sector
2026-07-07,2026-07-07 09:29:54,ETF股票型,989,159589.SZ,SZ,xtdata.get_stock_list_in_sector
2026-07-07,2026-07-07 09:29:54,ETF股票型,990,159590.SZ,SZ,xtdata.get_stock_list_in_sector
2026-07-07,2026-07-07 09:29:54,ETF股票型,991,159591.SZ,SZ,xtdata.get_stock_list_in_sector
2026-07-07,2026-07-07 09:29:54,ETF股票型,992,159592.SZ,SZ,xtdata.get_stock_list_in_sector
2026-07-07,2026-07-07 09:29:54,ETF股票型,993,159593.SZ,SZ,xtdata.get_stock_list_in_sector
2026-07-07,2026-07-07 09:29:54,ETF股票型,994,159595.SZ,SZ,xtdata.get_stock_list_in_sector
2026-07-07,2026-07-07 09:29:54,ETF股票型,995,159596.SZ,SZ,xtdata.get_stock_list_in_sector
2026-07-07,2026-07-07 09:29:54,ETF股票型,996,159597.SZ,SZ,xtdata.get_stock_list_in_sector
2026-07-07,2026-07-07 09:29:54,ETF股票型,997,159599.SZ,SZ,xtdata.get_stock_list_in_sector
2026-07-07,2026-07-07 09:29:54,ETF股票型,998,159601.SZ,SZ,xtdata.get_stock_list_in_sector
2026-07-07,2026-07-07 09:29:54,ETF股票型,999,159602.SZ,SZ,xtdata.get_stock_list_in_sector
2026-07-07,2026-07-07 09:29:54,ETF股票型,1000,159603.SZ,SZ,xtdata.get_stock_list_in_sector
2026-07-07,2026-07-07 09:29:54,ETF股票型,1001,159606.SZ,SZ,xtdata.get_stock_list_in_sector
2026-07-07,2026-07-07 09:29:54,ETF股票型,1002,159608.SZ,SZ,xtdata.get_stock_list_in_sector
2026-07-07,2026-07-07 09:29:54,ETF股票型,1003,159609.SZ,SZ,xtdata.get_stock_list_in_sector
2026-07-07,2026-07-07 09:29:54,ETF股票型,1004,159610.SZ,SZ,xtdata.get_stock_list_in_sector
2026-07-07,2026-07-07 09:29:54,ETF股票型,1005,159611.SZ,SZ,xtdata.get_stock_list_in_sector
2026-07-07,2026-07-07 09:29:54,ETF股票型,1006,159613.SZ,SZ,xtdata.get_stock_list_in_sector
2026-07-07,2026-07-07 09:29:54,ETF股票型,1007,159616.SZ,SZ,xtdata.get_stock_list_in_sector
2026-07-07,2026-07-07 09:29:54,ETF股票型,1008,159617.SZ,SZ,xtdata.get_stock_list_in_sector
2026-07-07,2026-07-07 09:29:54,ETF股票型,1009,159618.SZ,SZ,xtdata.get_stock_list_in_sector
2026-07-07,2026-07-07 09:29:54,ETF股票型,1010,159619.SZ,SZ,xtdata.get_stock_list_in_sector
2026-07-07,2026-07-07 09:29:54,ETF股票型,1011,159620.SZ,SZ,xtdata.get_stock_list_in_sector
2026-07-07,2026-07-07 09:29:54,ETF股票型,1012,159621.SZ,SZ,xtdata.get_stock_list_in_sector
2026-07-07,2026-07-07 09:29:54,ETF股票型,1013,159622.SZ,SZ,xtdata.get_stock_list_in_sector
2026-07-07,2026-07-07 09:29:54,ETF股票型,1014,159623.SZ,SZ,xtdata.get_stock_list_in_sector
2026-07-07,2026-07-07 09:29:54,ETF股票型,1015,159625.SZ,SZ,xtdata.get_stock_list_in_sector
2026-07-07,2026-07-07 09:29:54,ETF股票型,1016,159627.SZ,SZ,xtdata.get_stock_list_in_sector
2026-07-07,2026-07-07 09:29:54,ETF股票型,1017,159628.SZ,SZ,xtdata.get_stock_list_in_sector
2026-07-07,2026-07-07 09:29:54,ETF股票型,1018,159629.SZ,SZ,xtdata.get_stock_list_in_sector
2026-07-07,2026-07-07 09:29:54,ETF股票型,1019,159630.SZ,SZ,xtdata.get_stock_list_in_sector
2026-07-07,2026-07-07 09:29:54,ETF股票型,1020,159631.SZ,SZ,xtdata.get_stock_list_in_sector
2026-07-07,2026-07-07 09:29:54,ETF股票型,1021,159633.SZ,SZ,xtdata.get_stock_list_in_sector
2026-07-07,2026-07-07 09:29:54,ETF股票型,1022,159635.SZ,SZ,xtdata.get_stock_list_in_sector
2026-07-07,2026-07-07 09:29:54,ETF股票型,1023,159637.SZ,SZ,xtdata.get_stock_list_in_sector
2026-07-07,2026-07-07 09:29:54,ETF股票型,1024,159638.SZ,SZ,xtdata.get_stock_list_in_sector
2026-07-07,2026-07-07 09:29:54,ETF股票型,1025,159639.SZ,SZ,xtdata.get_stock_list_in_sector
2026-07-07,2026-07-07 09:29:54,ETF股票型,1026,159640.SZ,SZ,xtdata.get_stock_list_in_sector
2026-07-07,2026-07-07 09:29:54,ETF股票型,1027,159641.SZ,SZ,xtdata.get_stock_list_in_sector
2026-07-07,2026-07-07 09:29:54,ETF股票型,1028,159642.SZ,SZ,xtdata.get_stock_list_in_sector
2026-07-07,2026-07-07 09:29:54,ETF股票型,1029,159643.SZ,SZ,xtdata.get_stock_list_in_sector
2026-07-07,2026-07-07 09:29:54,ETF股票型,1030,159645.SZ,SZ,xtdata.get_stock_list_in_sector
2026-07-07,2026-07-07 09:29:54,ETF股票型,1031,159647.SZ,SZ,xtdata.get_stock_list_in_sector
2026-07-07,2026-07-07 09:29:54,ETF股票型,1032,159652.SZ,SZ,xtdata.get_stock_list_in_sector
2026-07-07,2026-07-07 09:29:54,ETF股票型,1033,159653.SZ,SZ,xtdata.get_stock_list_in_sector
2026-07-07,2026-07-07 09:29:54,ETF股票型,1034,159656.SZ,SZ,xtdata.get_stock_list_in_sector
2026-07-07,2026-07-07 09:29:54,ETF股票型,1035,159657.SZ,SZ,xtdata.get_stock_list_in_sector
2026-07-07,2026-07-07 09:29:54,ETF股票型,1036,159658.SZ,SZ,xtdata.get_stock_list_in_sector
2026-07-07,2026-07-07 09:29:54,ETF股票型,1037,159661.SZ,SZ,xtdata.get_stock_list_in_sector
2026-07-07,2026-07-07 09:29:54,ETF股票型,1038,159662.SZ,SZ,xtdata.get_stock_list_in_sector
2026-07-07,2026-07-07 09:29:54,ETF股票型,1039,159663.SZ,SZ,xtdata.get_stock_list_in_sector
2026-07-07,2026-07-07 09:29:54,ETF股票型,1040,159665.SZ,SZ,xtdata.get_stock_list_in_sector
2026-07-07,2026-07-07 09:29:54,ETF股票型,1041,159666.SZ,SZ,xtdata.get_stock_list_in_sector
2026-07-07,2026-07-07 09:29:54,ETF股票型,1042,159667.SZ,SZ,xtdata.get_stock_list_in_sector
2026-07-07,2026-07-07 09:29:54,ETF股票型,1043,159669.SZ,SZ,xtdata.get_stock_list_in_sector
2026-07-07,2026-07-07 09:29:54,ETF股票型,1044,159670.SZ,SZ,xtdata.get_stock_list_in_sector
2026-07-07,2026-07-07 09:29:54,ETF股票型,1045,159671.SZ,SZ,xtdata.get_stock_list_in_sector
2026-07-07,2026-07-07 09:29:54,ETF股票型,1046,159672.SZ,SZ,xtdata.get_stock_list_in_sector
2026-07-07,2026-07-07 09:29:54,ETF股票型,1047,159673.SZ,SZ,xtdata.get_stock_list_in_sector
2026-07-07,2026-07-07 09:29:54,ETF股票型,1048,159675.SZ,SZ,xtdata.get_stock_list_in_sector
2026-07-07,2026-07-07 09:29:54,ETF股票型,1049,159676.SZ,SZ,xtdata.get_stock_list_in_sector
2026-07-07,2026-07-07 09:29:54,ETF股票型,1050,159677.SZ,SZ,xtdata.get_stock_list_in_sector
2026-07-07,2026-07-07 09:29:54,ETF股票型,1051,159678.SZ,SZ,xtdata.get_stock_list_in_sector
2026-07-07,2026-07-07 09:29:54,ETF股票型,1052,159679.SZ,SZ,xtdata.get_stock_list_in_sector
2026-07-07,2026-07-07 09:29:54,ETF股票型,1053,159680.SZ,SZ,xtdata.get_stock_list_in_sector
2026-07-07,2026-07-07 09:29:54,ETF股票型,1054,159681.SZ,SZ,xtdata.get_stock_list_in_sector
2026-07-07,2026-07-07 09:29:54,ETF股票型,1055,159682.SZ,SZ,xtdata.get_stock_list_in_sector
2026-07-07,2026-07-07 09:29:54,ETF股票型,1056,159685.SZ,SZ,xtdata.get_stock_list_in_sector
2026-07-07,2026-07-07 09:29:54,ETF股票型,1057,159686.SZ,SZ,xtdata.get_stock_list_in_sector
2026-07-07,2026-07-07 09:29:54,ETF股票型,1058,159689.SZ,SZ,xtdata.get_stock_list_in_sector
2026-07-07,2026-07-07 09:29:54,ETF股票型,1059,159690.SZ,SZ,xtdata.get_stock_list_in_sector
2026-07-07,2026-07-07 09:29:54,ETF股票型,1060,159692.SZ,SZ,xtdata.get_stock_list_in_sector
2026-07-07,2026-07-07 09:29:54,ETF股票型,1061,159695.SZ,SZ,xtdata.get_stock_list_in_sector
2026-07-07,2026-07-07 09:29:54,ETF股票型,1062,159697.SZ,SZ,xtdata.get_stock_list_in_sector
2026-07-07,2026-07-07 09:29:54,ETF股票型,1063,159698.SZ,SZ,xtdata.get_stock_list_in_sector
2026-07-07,2026-07-07 09:29:54,ETF股票型,1064,159701.SZ,SZ,xtdata.get_stock_list_in_sector
2026-07-07,2026-07-07 09:29:54,ETF股票型,1065,159703.SZ,SZ,xtdata.get_stock_list_in_sector
2026-07-07,2026-07-07 09:29:54,ETF股票型,1066,159706.SZ,SZ,xtdata.get_stock_list_in_sector
2026-07-07,2026-07-07 09:29:54,ETF股票型,1067,159707.SZ,SZ,xtdata.get_stock_list_in_sector
2026-07-07,2026-07-07 09:29:54,ETF股票型,1068,159708.SZ,SZ,xtdata.get_stock_list_in_sector
2026-07-07,2026-07-07 09:29:54,ETF股票型,1069,159709.SZ,SZ,xtdata.get_stock_list_in_sector
2026-07-07,2026-07-07 09:29:54,ETF股票型,1070,159713.SZ,SZ,xtdata.get_stock_list_in_sector
2026-07-07,2026-07-07 09:29:54,ETF股票型,1071,159715.SZ,SZ,xtdata.get_stock_list_in_sector
2026-07-07,2026-07-07 09:29:54,ETF股票型,1072,159716.SZ,SZ,xtdata.get_stock_list_in_sector
2026-07-07,2026-07-07 09:29:54,ETF股票型,1073,159717.SZ,SZ,xtdata.get_stock_list_in_sector
2026-07-07,2026-07-07 09:29:54,ETF股票型,1074,159719.SZ,SZ,xtdata.get_stock_list_in_sector
2026-07-07,2026-07-07 09:29:54,ETF股票型,1075,159720.SZ,SZ,xtdata.get_stock_list_in_sector
2026-07-07,2026-07-07 09:29:54,ETF股票型,1076,159721.SZ,SZ,xtdata.get_stock_list_in_sector
2026-07-07,2026-07-07 09:29:54,ETF股票型,1077,159723.SZ,SZ,xtdata.get_stock_list_in_sector
2026-07-07,2026-07-07 09:29:54,ETF股票型,1078,159725.SZ,SZ,xtdata.get_stock_list_in_sector
2026-07-07,2026-07-07 09:29:54,ETF股票型,1079,159728.SZ,SZ,xtdata.get_stock_list_in_sector
2026-07-07,2026-07-07 09:29:54,ETF股票型,1080,159729.SZ,SZ,xtdata.get_stock_list_in_sector
2026-07-07,2026-07-07 09:29:54,ETF股票型,1081,159730.SZ,SZ,xtdata.get_stock_list_in_sector
2026-07-07,2026-07-07 09:29:54,ETF股票型,1082,159731.SZ,SZ,xtdata.get_stock_list_in_sector
2026-07-07,2026-07-07 09:29:54,ETF股票型,1083,159732.SZ,SZ,xtdata.get_stock_list_in_sector
2026-07-07,2026-07-07 09:29:54,ETF股票型,1084,159736.SZ,SZ,xtdata.get_stock_list_in_sector
2026-07-07,2026-07-07 09:29:54,ETF股票型,1085,159738.SZ,SZ,xtdata.get_stock_list_in_sector
2026-07-07,2026-07-07 09:29:54,ETF股票型,1086,159739.SZ,SZ,xtdata.get_stock_list_in_sector
2026-07-07,2026-07-07 09:29:54,ETF股票型,1087,159743.SZ,SZ,xtdata.get_stock_list_in_sector
2026-07-07,2026-07-07 09:29:54,ETF股票型,1088,159745.SZ,SZ,xtdata.get_stock_list_in_sector
2026-07-07,2026-07-07 09:29:54,ETF股票型,1089,159748.SZ,SZ,xtdata.get_stock_list_in_sector
2026-07-07,2026-07-07 09:29:54,ETF股票型,1090,159752.SZ,SZ,xtdata.get_stock_list_in_sector
2026-07-07,2026-07-07 09:29:54,ETF股票型,1091,159755.SZ,SZ,xtdata.get_stock_list_in_sector
2026-07-07,2026-07-07 09:29:54,ETF股票型,1092,159757.SZ,SZ,xtdata.get_stock_list_in_sector
2026-07-07,2026-07-07 09:29:54,ETF股票型,1093,159758.SZ,SZ,xtdata.get_stock_list_in_sector
2026-07-07,2026-07-07 09:29:54,ETF股票型,1094,159760.SZ,SZ,xtdata.get_stock_list_in_sector
2026-07-07,2026-07-07 09:29:54,ETF股票型,1095,159761.SZ,SZ,xtdata.get_stock_list_in_sector
2026-07-07,2026-07-07 09:29:54,ETF股票型,1096,159763.SZ,SZ,xtdata.get_stock_list_in_sector
2026-07-07,2026-07-07 09:29:54,ETF股票型,1097,159766.SZ,SZ,xtdata.get_stock_list_in_sector
2026-07-07,2026-07-07 09:29:54,ETF股票型,1098,159767.SZ,SZ,xtdata.get_stock_list_in_sector
2026-07-07,2026-07-07 09:29:54,ETF股票型,1099,159768.SZ,SZ,xtdata.get_stock_list_in_sector
2026-07-07,2026-07-07 09:29:54,ETF股票型,1100,159770.SZ,SZ,xtdata.get_stock_list_in_sector
2026-07-07,2026-07-07 09:29:54,ETF股票型,1101,159773.SZ,SZ,xtdata.get_stock_list_in_sector
2026-07-07,2026-07-07 09:29:54,ETF股票型,1102,159775.SZ,SZ,xtdata.get_stock_list_in_sector
2026-07-07,2026-07-07 09:29:54,ETF股票型,1103,159777.SZ,SZ,xtdata.get_stock_list_in_sector
2026-07-07,2026-07-07 09:29:54,ETF股票型,1104,159778.SZ,SZ,xtdata.get_stock_list_in_sector
2026-07-07,2026-07-07 09:29:54,ETF股票型,1105,159779.SZ,SZ,xtdata.get_stock_list_in_sector
2026-07-07,2026-07-07 09:29:54,ETF股票型,1106,159780.SZ,SZ,xtdata.get_stock_list_in_sector
2026-07-07,2026-07-07 09:29:54,ETF股票型,1107,159781.SZ,SZ,xtdata.get_stock_list_in_sector
2026-07-07,2026-07-07 09:29:54,ETF股票型,1108,159782.SZ,SZ,xtdata.get_stock_list_in_sector
2026-07-07,2026-07-07 09:29:54,ETF股票型,1109,159783.SZ,SZ,xtdata.get_stock_list_in_sector
2026-07-07,2026-07-07 09:29:54,ETF股票型,1110,159786.SZ,SZ,xtdata.get_stock_list_in_sector
2026-07-07,2026-07-07 09:29:54,ETF股票型,1111,159787.SZ,SZ,xtdata.get_stock_list_in_sector
2026-07-07,2026-07-07 09:29:54,ETF股票型,1112,159790.SZ,SZ,xtdata.get_stock_list_in_sector
2026-07-07,2026-07-07 09:29:54,ETF股票型,1113,159791.SZ,SZ,xtdata.get_stock_list_in_sector
2026-07-07,2026-07-07 09:29:54,ETF股票型,1114,159793.SZ,SZ,xtdata.get_stock_list_in_sector
2026-07-07,2026-07-07 09:29:54,ETF股票型,1115,159795.SZ,SZ,xtdata.get_stock_list_in_sector
2026-07-07,2026-07-07 09:29:54,ETF股票型,1116,159796.SZ,SZ,xtdata.get_stock_list_in_sector
2026-07-07,2026-07-07 09:29:54,ETF股票型,1117,159797.SZ,SZ,xtdata.get_stock_list_in_sector
2026-07-07,2026-07-07 09:29:54,ETF股票型,1118,159798.SZ,SZ,xtdata.get_stock_list_in_sector
2026-07-07,2026-07-07 09:29:54,ETF股票型,1119,159800.SZ,SZ,xtdata.get_stock_list_in_sector
2026-07-07,2026-07-07 09:29:54,ETF股票型,1120,159801.SZ,SZ,xtdata.get_stock_list_in_sector
2026-07-07,2026-07-07 09:29:54,ETF股票型,1121,159804.SZ,SZ,xtdata.get_stock_list_in_sector
2026-07-07,2026-07-07 09:29:54,ETF股票型,1122,159805.SZ,SZ,xtdata.get_stock_list_in_sector
2026-07-07,2026-07-07 09:29:54,ETF股票型,1123,159806.SZ,SZ,xtdata.get_stock_list_in_sector
2026-07-07,2026-07-07 09:29:54,ETF股票型,1124,159807.SZ,SZ,xtdata.get_stock_list_in_sector
2026-07-07,2026-07-07 09:29:54,ETF股票型,1125,159808.SZ,SZ,xtdata.get_stock_list_in_sector
2026-07-07,2026-07-07 09:29:54,ETF股票型,1126,159810.SZ,SZ,xtdata.get_stock_list_in_sector
2026-07-07,2026-07-07 09:29:54,ETF股票型,1127,159811.SZ,SZ,xtdata.get_stock_list_in_sector
2026-07-07,2026-07-07 09:29:54,ETF股票型,1128,159813.SZ,SZ,xtdata.get_stock_list_in_sector
2026-07-07,2026-07-07 09:29:54,ETF股票型,1129,159814.SZ,SZ,xtdata.get_stock_list_in_sector
2026-07-07,2026-07-07 09:29:54,ETF股票型,1130,159819.SZ,SZ,xtdata.get_stock_list_in_sector
2026-07-07,2026-07-07 09:29:54,ETF股票型,1131,159820.SZ,SZ,xtdata.get_stock_list_in_sector
2026-07-07,2026-07-07 09:29:54,ETF股票型,1132,159821.SZ,SZ,xtdata.get_stock_list_in_sector
2026-07-07,2026-07-07 09:29:54,ETF股票型,1133,159824.SZ,SZ,xtdata.get_stock_list_in_sector
2026-07-07,2026-07-07 09:29:54,ETF股票型,1134,159825.SZ,SZ,xtdata.get_stock_list_in_sector
2026-07-07,2026-07-07 09:29:54,ETF股票型,1135,159827.SZ,SZ,xtdata.get_stock_list_in_sector
2026-07-07,2026-07-07 09:29:54,ETF股票型,1136,159828.SZ,SZ,xtdata.get_stock_list_in_sector
2026-07-07,2026-07-07 09:29:54,ETF股票型,1137,159835.SZ,SZ,xtdata.get_stock_list_in_sector
2026-07-07,2026-07-07 09:29:54,ETF股票型,1138,159836.SZ,SZ,xtdata.get_stock_list_in_sector
2026-07-07,2026-07-07 09:29:54,ETF股票型,1139,159837.SZ,SZ,xtdata.get_stock_list_in_sector
2026-07-07,2026-07-07 09:29:54,ETF股票型,1140,159838.SZ,SZ,xtdata.get_stock_list_in_sector
2026-07-07,2026-07-07 09:29:54,ETF股票型,1141,159839.SZ,SZ,xtdata.get_stock_list_in_sector
2026-07-07,2026-07-07 09:29:54,ETF股票型,1142,159840.SZ,SZ,xtdata.get_stock_list_in_sector
2026-07-07,2026-07-07 09:29:54,ETF股票型,1143,159841.SZ,SZ,xtdata.get_stock_list_in_sector
2026-07-07,2026-07-07 09:29:54,ETF股票型,1144,159842.SZ,SZ,xtdata.get_stock_list_in_sector
2026-07-07,2026-07-07 09:29:54,ETF股票型,1145,159843.SZ,SZ,xtdata.get_stock_list_in_sector
2026-07-07,2026-07-07 09:29:54,ETF股票型,1146,159845.SZ,SZ,xtdata.get_stock_list_in_sector
2026-07-07,2026-07-07 09:29:54,ETF股票型,1147,159847.SZ,SZ,xtdata.get_stock_list_in_sector
2026-07-07,2026-07-07 09:29:54,ETF股票型,1148,159848.SZ,SZ,xtdata.get_stock_list_in_sector
2026-07-07,2026-07-07 09:29:54,ETF股票型,1149,159849.SZ,SZ,xtdata.get_stock_list_in_sector
2026-07-07,2026-07-07 09:29:54,ETF股票型,1150,159851.SZ,SZ,xtdata.get_stock_list_in_sector
2026-07-07,2026-07-07 09:29:54,ETF股票型,1151,159852.SZ,SZ,xtdata.get_stock_list_in_sector
2026-07-07,2026-07-07 09:29:54,ETF股票型,1152,159855.SZ,SZ,xtdata.get_stock_list_in_sector
2026-07-07,2026-07-07 09:29:54,ETF股票型,1153,159856.SZ,SZ,xtdata.get_stock_list_in_sector
2026-07-07,2026-07-07 09:29:54,ETF股票型,1154,159857.SZ,SZ,xtdata.get_stock_list_in_sector
2026-07-07,2026-07-07 09:29:54,ETF股票型,1155,159858.SZ,SZ,xtdata.get_stock_list_in_sector
2026-07-07,2026-07-07 09:29:54,ETF股票型,1156,159859.SZ,SZ,xtdata.get_stock_list_in_sector
2026-07-07,2026-07-07 09:29:54,ETF股票型,1157,159861.SZ,SZ,xtdata.get_stock_list_in_sector
2026-07-07,2026-07-07 09:29:54,ETF股票型,1158,159862.SZ,SZ,xtdata.get_stock_list_in_sector
2026-07-07,2026-07-07 09:29:54,ETF股票型,1159,159863.SZ,SZ,xtdata.get_stock_list_in_sector
2026-07-07,2026-07-07 09:29:54,ETF股票型,1160,159864.SZ,SZ,xtdata.get_stock_list_in_sector
2026-07-07,2026-07-07 09:29:54,ETF股票型,1161,159865.SZ,SZ,xtdata.get_stock_list_in_sector
2026-07-07,2026-07-07 09:29:54,ETF股票型,1162,159867.SZ,SZ,xtdata.get_stock_list_in_sector
2026-07-07,2026-07-07 09:29:54,ETF股票型,1163,159869.SZ,SZ,xtdata.get_stock_list_in_sector
2026-07-07,2026-07-07 09:29:54,ETF股票型,1164,159870.SZ,SZ,xtdata.get_stock_list_in_sector
2026-07-07,2026-07-07 09:29:54,ETF股票型,1165,159871.SZ,SZ,xtdata.get_stock_list_in_sector
2026-07-07,2026-07-07 09:29:54,ETF股票型,1166,159872.SZ,SZ,xtdata.get_stock_list_in_sector
2026-07-07,2026-07-07 09:29:54,ETF股票型,1167,159873.SZ,SZ,xtdata.get_stock_list_in_sector
2026-07-07,2026-07-07 09:29:54,ETF股票型,1168,159875.SZ,SZ,xtdata.get_stock_list_in_sector
2026-07-07,2026-07-07 09:29:54,ETF股票型,1169,159876.SZ,SZ,xtdata.get_stock_list_in_sector
2026-07-07,2026-07-07 09:29:54,ETF股票型,1170,159877.SZ,SZ,xtdata.get_stock_list_in_sector
2026-07-07,2026-07-07 09:29:54,ETF股票型,1171,159880.SZ,SZ,xtdata.get_stock_list_in_sector
2026-07-07,2026-07-07 09:29:54,ETF股票型,1172,159881.SZ,SZ,xtdata.get_stock_list_in_sector
2026-07-07,2026-07-07 09:29:54,ETF股票型,1173,159883.SZ,SZ,xtdata.get_stock_list_in_sector
2026-07-07,2026-07-07 09:29:54,ETF股票型,1174,159885.SZ,SZ,xtdata.get_stock_list_in_sector
2026-07-07,2026-07-07 09:29:54,ETF股票型,1175,159886.SZ,SZ,xtdata.get_stock_list_in_sector
2026-07-07,2026-07-07 09:29:54,ETF股票型,1176,159887.SZ,SZ,xtdata.get_stock_list_in_sector
2026-07-07,2026-07-07 09:29:54,ETF股票型,1177,159888.SZ,SZ,xtdata.get_stock_list_in_sector
2026-07-07,2026-07-07 09:29:54,ETF股票型,1178,159889.SZ,SZ,xtdata.get_stock_list_in_sector
2026-07-07,2026-07-07 09:29:54,ETF股票型,1179,159890.SZ,SZ,xtdata.get_stock_list_in_sector
2026-07-07,2026-07-07 09:29:54,ETF股票型,1180,159891.SZ,SZ,xtdata.get_stock_list_in_sector
2026-07-07,2026-07-07 09:29:54,ETF股票型,1181,159895.SZ,SZ,xtdata.get_stock_list_in_sector
2026-07-07,2026-07-07 09:29:54,ETF股票型,1182,159896.SZ,SZ,xtdata.get_stock_list_in_sector
2026-07-07,2026-07-07 09:29:54,ETF股票型,1183,159898.SZ,SZ,xtdata.get_stock_list_in_sector
2026-07-07,2026-07-07 09:29:54,ETF股票型,1184,159899.SZ,SZ,xtdata.get_stock_list_in_sector
2026-07-07,2026-07-07 09:29:54,ETF股票型,1185,159901.SZ,SZ,xtdata.get_stock_list_in_sector
2026-07-07,2026-07-07 09:29:54,ETF股票型,1186,159902.SZ,SZ,xtdata.get_stock_list_in_sector
2026-07-07,2026-07-07 09:29:54,ETF股票型,1187,159903.SZ,SZ,xtdata.get_stock_list_in_sector
2026-07-07,2026-07-07 09:29:54,ETF股票型,1188,159905.SZ,SZ,xtdata.get_stock_list_in_sector
2026-07-07,2026-07-07 09:29:54,ETF股票型,1189,159906.SZ,SZ,xtdata.get_stock_list_in_sector
2026-07-07,2026-07-07 09:29:54,ETF股票型,1190,159907.SZ,SZ,xtdata.get_stock_list_in_sector
2026-07-07,2026-07-07 09:29:54,ETF股票型,1191,159908.SZ,SZ,xtdata.get_stock_list_in_sector
2026-07-07,2026-07-07 09:29:54,ETF股票型,1192,159909.SZ,SZ,xtdata.get_stock_list_in_sector
2026-07-07,2026-07-07 09:29:54,ETF股票型,1193,159910.SZ,SZ,xtdata.get_stock_list_in_sector
2026-07-07,2026-07-07 09:29:54,ETF股票型,1194,159912.SZ,SZ,xtdata.get_stock_list_in_sector
2026-07-07,2026-07-07 09:29:54,ETF股票型,1195,159913.SZ,SZ,xtdata.get_stock_list_in_sector
2026-07-07,2026-07-07 09:29:54,ETF股票型,1196,159915.SZ,SZ,xtdata.get_stock_list_in_sector
2026-07-07,2026-07-07 09:29:54,ETF股票型,1197,159916.SZ,SZ,xtdata.get_stock_list_in_sector
2026-07-07,2026-07-07 09:29:54,ETF股票型,1198,159918.SZ,SZ,xtdata.get_stock_list_in_sector
2026-07-07,2026-07-07 09:29:54,ETF股票型,1199,159919.SZ,SZ,xtdata.get_stock_list_in_sector
2026-07-07,2026-07-07 09:29:54,ETF股票型,1200,159922.SZ,SZ,xtdata.get_stock_list_in_sector
2026-07-07,2026-07-07 09:29:54,ETF股票型,1201,159923.SZ,SZ,xtdata.get_stock_list_in_sector
2026-07-07,2026-07-07 09:29:54,ETF股票型,1202,159925.SZ,SZ,xtdata.get_stock_list_in_sector
2026-07-07,2026-07-07 09:29:54,ETF股票型,1203,159928.SZ,SZ,xtdata.get_stock_list_in_sector
2026-07-07,2026-07-07 09:29:54,ETF股票型,1204,159929.SZ,SZ,xtdata.get_stock_list_in_sector
2026-07-07,2026-07-07 09:29:54,ETF股票型,1205,159930.SZ,SZ,xtdata.get_stock_list_in_sector
2026-07-07,2026-07-07 09:29:54,ETF股票型,1206,159931.SZ,SZ,xtdata.get_stock_list_in_sector
2026-07-07,2026-07-07 09:29:54,ETF股票型,1207,159933.SZ,SZ,xtdata.get_stock_list_in_sector
2026-07-07,2026-07-07 09:29:54,ETF股票型,1208,159935.SZ,SZ,xtdata.get_stock_list_in_sector
2026-07-07,2026-07-07 09:29:54,ETF股票型,1209,159936.SZ,SZ,xtdata.get_stock_list_in_sector
2026-07-07,2026-07-07 09:29:54,ETF股票型,1210,159938.SZ,SZ,xtdata.get_stock_list_in_sector
2026-07-07,2026-07-07 09:29:54,ETF股票型,1211,159939.SZ,SZ,xtdata.get_stock_list_in_sector
2026-07-07,2026-07-07 09:29:54,ETF股票型,1212,159940.SZ,SZ,xtdata.get_stock_list_in_sector
2026-07-07,2026-07-07 09:29:54,ETF股票型,1213,159943.SZ,SZ,xtdata.get_stock_list_in_sector
2026-07-07,2026-07-07 09:29:54,ETF股票型,1214,159944.SZ,SZ,xtdata.get_stock_list_in_sector
2026-07-07,2026-07-07 09:29:54,ETF股票型,1215,159945.SZ,SZ,xtdata.get_stock_list_in_sector
2026-07-07,2026-07-07 09:29:54,ETF股票型,1216,159948.SZ,SZ,xtdata.get_stock_list_in_sector
2026-07-07,2026-07-07 09:29:54,ETF股票型,1217,159949.SZ,SZ,xtdata.get_stock_list_in_sector
2026-07-07,2026-07-07 09:29:54,ETF股票型,1218,159952.SZ,SZ,xtdata.get_stock_list_in_sector
2026-07-07,2026-07-07 09:29:54,ETF股票型,1219,159956.SZ,SZ,xtdata.get_stock_list_in_sector
2026-07-07,2026-07-07 09:29:54,ETF股票型,1220,159957.SZ,SZ,xtdata.get_stock_list_in_sector
2026-07-07,2026-07-07 09:29:54,ETF股票型,1221,159958.SZ,SZ,xtdata.get_stock_list_in_sector
2026-07-07,2026-07-07 09:29:54,ETF股票型,1222,159959.SZ,SZ,xtdata.get_stock_list_in_sector
2026-07-07,2026-07-07 09:29:54,ETF股票型,1223,159961.SZ,SZ,xtdata.get_stock_list_in_sector
2026-07-07,2026-07-07 09:29:54,ETF股票型,1224,159964.SZ,SZ,xtdata.get_stock_list_in_sector
2026-07-07,2026-07-07 09:29:54,ETF股票型,1225,159965.SZ,SZ,xtdata.get_stock_list_in_sector
2026-07-07,2026-07-07 09:29:54,ETF股票型,1226,159966.SZ,SZ,xtdata.get_stock_list_in_sector
2026-07-07,2026-07-07 09:29:54,ETF股票型,1227,159967.SZ,SZ,xtdata.get_stock_list_in_sector
2026-07-07,2026-07-07 09:29:54,ETF股票型,1228,159968.SZ,SZ,xtdata.get_stock_list_in_sector
2026-07-07,2026-07-07 09:29:54,ETF股票型,1229,159970.SZ,SZ,xtdata.get_stock_list_in_sector
2026-07-07,2026-07-07 09:29:54,ETF股票型,1230,159971.SZ,SZ,xtdata.get_stock_list_in_sector
2026-07-07,2026-07-07 09:29:54,ETF股票型,1231,159973.SZ,SZ,xtdata.get_stock_list_in_sector
2026-07-07,2026-07-07 09:29:54,ETF股票型,1232,159974.SZ,SZ,xtdata.get_stock_list_in_sector
2026-07-07,2026-07-07 09:29:54,ETF股票型,1233,159975.SZ,SZ,xtdata.get_stock_list_in_sector
2026-07-07,2026-07-07 09:29:54,ETF股票型,1234,159976.SZ,SZ,xtdata.get_stock_list_in_sector
2026-07-07,2026-07-07 09:29:54,ETF股票型,1235,159977.SZ,SZ,xtdata.get_stock_list_in_sector
2026-07-07,2026-07-07 09:29:54,ETF股票型,1236,159982.SZ,SZ,xtdata.get_stock_list_in_sector
2026-07-07,2026-07-07 09:29:54,ETF股票型,1237,159991.SZ,SZ,xtdata.get_stock_list_in_sector
2026-07-07,2026-07-07 09:29:54,ETF股票型,1238,159992.SZ,SZ,xtdata.get_stock_list_in_sector
2026-07-07,2026-07-07 09:29:54,ETF股票型,1239,159993.SZ,SZ,xtdata.get_stock_list_in_sector
2026-07-07,2026-07-07 09:29:54,ETF股票型,1240,159994.SZ,SZ,xtdata.get_stock_list_in_sector
2026-07-07,2026-07-07 09:29:54,ETF股票型,1241,159995.SZ,SZ,xtdata.get_stock_list_in_sector
2026-07-07,2026-07-07 09:29:54,ETF股票型,1242,159996.SZ,SZ,xtdata.get_stock_list_in_sector
2026-07-07,2026-07-07 09:29:54,ETF股票型,1243,159997.SZ,SZ,xtdata.get_stock_list_in_sector
2026-07-07,2026-07-07 09:29:54,ETF股票型,1244,159998.SZ,SZ,xtdata.get_stock_list_in_sector
