snapshot_date,snapshot_time,sector_name,rank_in_return,etf_code,market,source_api
2026-07-07,2026-07-07 09:29:54,沪深ETF,1,560923.SH,SH,xtdata.get_stock_list_in_sector
2026-07-07,2026-07-07 09:29:54,沪深ETF,2,589820.SH,SH,xtdata.get_stock_list_in_sector
2026-07-07,2026-07-07 09:29:54,沪深ETF,3,512260.SH,SH,xtdata.get_stock_list_in_sector
2026-07-07,2026-07-07 09:29:54,沪深ETF,4,520610.SH,SH,xtdata.get_stock_list_in_sector
2026-07-07,2026-07-07 09:29:54,沪深ETF,5,511930.SH,SH,xtdata.get_stock_list_in_sector
2026-07-07,2026-07-07 09:29:54,沪深ETF,6,562000.SH,SH,xtdata.get_stock_list_in_sector
2026-07-07,2026-07-07 09:29:54,沪深ETF,7,563680.SH,SH,xtdata.get_stock_list_in_sector
2026-07-07,2026-07-07 09:29:54,沪深ETF,8,589060.SH,SH,xtdata.get_stock_list_in_sector
2026-07-07,2026-07-07 09:29:54,沪深ETF,9,560590.SH,SH,xtdata.get_stock_list_in_sector
2026-07-07,2026-07-07 09:29:54,沪深ETF,10,561310.SH,SH,xtdata.get_stock_list_in_sector
2026-07-07,2026-07-07 09:29:54,沪深ETF,11,589210.SH,SH,xtdata.get_stock_list_in_sector
2026-07-07,2026-07-07 09:29:54,沪深ETF,12,518800.SH,SH,xtdata.get_stock_list_in_sector
2026-07-07,2026-07-07 09:29:54,沪深ETF,13,561160.SH,SH,xtdata.get_stock_list_in_sector
2026-07-07,2026-07-07 09:29:54,沪深ETF,14,517520.SH,SH,xtdata.get_stock_list_in_sector
2026-07-07,2026-07-07 09:29:54,沪深ETF,15,510580.SH,SH,xtdata.get_stock_list_in_sector
2026-07-07,2026-07-07 09:29:54,沪深ETF,16,513690.SH,SH,xtdata.get_stock_list_in_sector
2026-07-07,2026-07-07 09:29:54,沪深ETF,17,561920.SH,SH,xtdata.get_stock_list_in_sector
2026-07-07,2026-07-07 09:29:54,沪深ETF,18,512010.SH,SH,xtdata.get_stock_list_in_sector
2026-07-07,2026-07-07 09:29:54,沪深ETF,19,515450.SH,SH,xtdata.get_stock_list_in_sector
2026-07-07,2026-07-07 09:29:54,沪深ETF,20,563010.SH,SH,xtdata.get_stock_list_in_sector
2026-07-07,2026-07-07 09:29:54,沪深ETF,21,588070.SH,SH,xtdata.get_stock_list_in_sector
2026-07-07,2026-07-07 09:29:54,沪深ETF,22,561580.SH,SH,xtdata.get_stock_list_in_sector
2026-07-07,2026-07-07 09:29:54,沪深ETF,23,560300.SH,SH,xtdata.get_stock_list_in_sector
2026-07-07,2026-07-07 09:29:54,沪深ETF,24,510160.SH,SH,xtdata.get_stock_list_in_sector
2026-07-07,2026-07-07 09:29:54,沪深ETF,25,563850.SH,SH,xtdata.get_stock_list_in_sector
2026-07-07,2026-07-07 09:29:54,沪深ETF,26,588830.SH,SH,xtdata.get_stock_list_in_sector
2026-07-07,2026-07-07 09:29:54,沪深ETF,27,510310.SH,SH,xtdata.get_stock_list_in_sector
2026-07-07,2026-07-07 09:29:54,沪深ETF,28,512680.SH,SH,xtdata.get_stock_list_in_sector
2026-07-07,2026-07-07 09:29:54,沪深ETF,29,513000.SH,SH,xtdata.get_stock_list_in_sector
2026-07-07,2026-07-07 09:29:54,沪深ETF,30,560930.SH,SH,xtdata.get_stock_list_in_sector
2026-07-07,2026-07-07 09:29:54,沪深ETF,31,530380.SH,SH,xtdata.get_stock_list_in_sector
2026-07-07,2026-07-07 09:29:54,沪深ETF,32,588200.SH,SH,xtdata.get_stock_list_in_sector
2026-07-07,2026-07-07 09:29:54,沪深ETF,33,560170.SH,SH,xtdata.get_stock_list_in_sector
2026-07-07,2026-07-07 09:29:54,沪深ETF,34,516530.SH,SH,xtdata.get_stock_list_in_sector
2026-07-07,2026-07-07 09:29:54,沪深ETF,35,520990.SH,SH,xtdata.get_stock_list_in_sector
2026-07-07,2026-07-07 09:29:54,沪深ETF,36,517090.SH,SH,xtdata.get_stock_list_in_sector
2026-07-07,2026-07-07 09:29:54,沪深ETF,37,588120.SH,SH,xtdata.get_stock_list_in_sector
2026-07-07,2026-07-07 09:29:54,沪深ETF,38,516610.SH,SH,xtdata.get_stock_list_in_sector
2026-07-07,2026-07-07 09:29:54,沪深ETF,39,560250.SH,SH,xtdata.get_stock_list_in_sector
2026-07-07,2026-07-07 09:29:54,沪深ETF,40,589353.SH,SH,xtdata.get_stock_list_in_sector
2026-07-07,2026-07-07 09:29:54,沪深ETF,41,561023.SH,SH,xtdata.get_stock_list_in_sector
2026-07-07,2026-07-07 09:29:54,沪深ETF,42,588960.SH,SH,xtdata.get_stock_list_in_sector
2026-07-07,2026-07-07 09:29:54,沪深ETF,43,513320.SH,SH,xtdata.get_stock_list_in_sector
2026-07-07,2026-07-07 09:29:54,沪深ETF,44,563900.SH,SH,xtdata.get_stock_list_in_sector
2026-07-07,2026-07-07 09:29:54,沪深ETF,45,510030.SH,SH,xtdata.get_stock_list_in_sector
2026-07-07,2026-07-07 09:29:54,沪深ETF,46,560860.SH,SH,xtdata.get_stock_list_in_sector
2026-07-07,2026-07-07 09:29:54,沪深ETF,47,513150.SH,SH,xtdata.get_stock_list_in_sector
2026-07-07,2026-07-07 09:29:54,沪深ETF,48,520753.SH,SH,xtdata.get_stock_list_in_sector
2026-07-07,2026-07-07 09:29:54,沪深ETF,49,588350.SH,SH,xtdata.get_stock_list_in_sector
2026-07-07,2026-07-07 09:29:54,沪深ETF,50,513910.SH,SH,xtdata.get_stock_list_in_sector
2026-07-07,2026-07-07 09:29:54,沪深ETF,51,516460.SH,SH,xtdata.get_stock_list_in_sector
2026-07-07,2026-07-07 09:29:54,沪深ETF,52,560020.SH,SH,xtdata.get_stock_list_in_sector
2026-07-07,2026-07-07 09:29:54,沪深ETF,53,563330.SH,SH,xtdata.get_stock_list_in_sector
2026-07-07,2026-07-07 09:29:54,沪深ETF,54,515770.SH,SH,xtdata.get_stock_list_in_sector
2026-07-07,2026-07-07 09:29:54,沪深ETF,55,561253.SH,SH,xtdata.get_stock_list_in_sector
2026-07-07,2026-07-07 09:29:54,沪深ETF,56,512330.SH,SH,xtdata.get_stock_list_in_sector
2026-07-07,2026-07-07 09:29:54,沪深ETF,57,511020.SH,SH,xtdata.get_stock_list_in_sector
2026-07-07,2026-07-07 09:29:54,沪深ETF,58,562910.SH,SH,xtdata.get_stock_list_in_sector
2026-07-07,2026-07-07 09:29:54,沪深ETF,59,516080.SH,SH,xtdata.get_stock_list_in_sector
2026-07-07,2026-07-07 09:29:54,沪深ETF,60,589130.SH,SH,xtdata.get_stock_list_in_sector
2026-07-07,2026-07-07 09:29:54,沪深ETF,61,511860.SH,SH,xtdata.get_stock_list_in_sector
2026-07-07,2026-07-07 09:29:54,沪深ETF,62,515390.SH,SH,xtdata.get_stock_list_in_sector
2026-07-07,2026-07-07 09:29:54,沪深ETF,63,561030.SH,SH,xtdata.get_stock_list_in_sector
2026-07-07,2026-07-07 09:29:54,沪深ETF,64,512900.SH,SH,xtdata.get_stock_list_in_sector
2026-07-07,2026-07-07 09:29:54,沪深ETF,65,562320.SH,SH,xtdata.get_stock_list_in_sector
2026-07-07,2026-07-07 09:29:54,沪深ETF,66,520530.SH,SH,xtdata.get_stock_list_in_sector
2026-07-07,2026-07-07 09:29:54,沪深ETF,67,512140.SH,SH,xtdata.get_stock_list_in_sector
2026-07-07,2026-07-07 09:29:54,沪深ETF,68,561870.SH,SH,xtdata.get_stock_list_in_sector
2026-07-07,2026-07-07 09:29:54,沪深ETF,69,510290.SH,SH,xtdata.get_stock_list_in_sector
2026-07-07,2026-07-07 09:29:54,沪深ETF,70,513180.SH,SH,xtdata.get_stock_list_in_sector
2026-07-07,2026-07-07 09:29:54,沪深ETF,71,512700.SH,SH,xtdata.get_stock_list_in_sector
2026-07-07,2026-07-07 09:29:54,沪深ETF,72,562560.SH,SH,xtdata.get_stock_list_in_sector
2026-07-07,2026-07-07 09:29:54,沪深ETF,73,589500.SH,SH,xtdata.get_stock_list_in_sector
2026-07-07,2026-07-07 09:29:54,沪深ETF,74,588380.SH,SH,xtdata.get_stock_list_in_sector
2026-07-07,2026-07-07 09:29:54,沪深ETF,75,560280.SH,SH,xtdata.get_stock_list_in_sector
2026-07-07,2026-07-07 09:29:54,沪深ETF,76,589770.SH,SH,xtdata.get_stock_list_in_sector
2026-07-07,2026-07-07 09:29:54,沪深ETF,77,520940.SH,SH,xtdata.get_stock_list_in_sector
2026-07-07,2026-07-07 09:29:54,沪深ETF,78,511660.SH,SH,xtdata.get_stock_list_in_sector
2026-07-07,2026-07-07 09:29:54,沪深ETF,79,512570.SH,SH,xtdata.get_stock_list_in_sector
2026-07-07,2026-07-07 09:29:54,沪深ETF,80,517800.SH,SH,xtdata.get_stock_list_in_sector
2026-07-07,2026-07-07 09:29:54,沪深ETF,81,561413.SH,SH,xtdata.get_stock_list_in_sector
2026-07-07,2026-07-07 09:29:54,沪深ETF,82,563570.SH,SH,xtdata.get_stock_list_in_sector
2026-07-07,2026-07-07 09:29:54,沪深ETF,83,515130.SH,SH,xtdata.get_stock_list_in_sector
2026-07-07,2026-07-07 09:29:54,沪深ETF,84,588510.SH,SH,xtdata.get_stock_list_in_sector
2026-07-07,2026-07-07 09:29:54,沪深ETF,85,516220.SH,SH,xtdata.get_stock_list_in_sector
2026-07-07,2026-07-07 09:29:54,沪深ETF,86,560660.SH,SH,xtdata.get_stock_list_in_sector
2026-07-07,2026-07-07 09:29:54,沪深ETF,87,515970.SH,SH,xtdata.get_stock_list_in_sector
2026-07-07,2026-07-07 09:29:54,沪深ETF,88,512190.SH,SH,xtdata.get_stock_list_in_sector
2026-07-07,2026-07-07 09:29:54,沪深ETF,89,510670.SH,SH,xtdata.get_stock_list_in_sector
2026-07-07,2026-07-07 09:29:54,沪深ETF,90,516810.SH,SH,xtdata.get_stock_list_in_sector
2026-07-07,2026-07-07 09:29:54,沪深ETF,91,513560.SH,SH,xtdata.get_stock_list_in_sector
2026-07-07,2026-07-07 09:29:54,沪深ETF,92,520790.SH,SH,xtdata.get_stock_list_in_sector
2026-07-07,2026-07-07 09:29:54,沪深ETF,93,563700.SH,SH,xtdata.get_stock_list_in_sector
2026-07-07,2026-07-07 09:29:54,沪深ETF,94,588760.SH,SH,xtdata.get_stock_list_in_sector
2026-07-07,2026-07-07 09:29:54,沪深ETF,95,516050.SH,SH,xtdata.get_stock_list_in_sector
2026-07-07,2026-07-07 09:29:54,沪深ETF,96,560410.SH,SH,xtdata.get_stock_list_in_sector
2026-07-07,2026-07-07 09:29:54,沪深ETF,97,512880.SH,SH,xtdata.get_stock_list_in_sector
2026-07-07,2026-07-07 09:29:54,沪深ETF,98,516370.SH,SH,xtdata.get_stock_list_in_sector
2026-07-07,2026-07-07 09:29:54,沪深ETF,99,515060.SH,SH,xtdata.get_stock_list_in_sector
2026-07-07,2026-07-07 09:29:54,沪深ETF,100,510550.SH,SH,xtdata.get_stock_list_in_sector
2026-07-07,2026-07-07 09:29:54,沪深ETF,101,510720.SH,SH,xtdata.get_stock_list_in_sector
2026-07-07,2026-07-07 09:29:54,沪深ETF,102,562890.SH,SH,xtdata.get_stock_list_in_sector
2026-07-07,2026-07-07 09:29:54,沪深ETF,103,516100.SH,SH,xtdata.get_stock_list_in_sector
2026-07-07,2026-07-07 09:29:54,沪深ETF,104,515210.SH,SH,xtdata.get_stock_list_in_sector
2026-07-07,2026-07-07 09:29:54,沪深ETF,105,563650.SH,SH,xtdata.get_stock_list_in_sector
2026-07-07,2026-07-07 09:29:54,沪深ETF,106,512650.SH,SH,xtdata.get_stock_list_in_sector
2026-07-07,2026-07-07 09:29:54,沪深ETF,107,518600.SH,SH,xtdata.get_stock_list_in_sector
2026-07-07,2026-07-07 09:29:54,沪深ETF,108,513890.SH,SH,xtdata.get_stock_list_in_sector
2026-07-07,2026-07-07 09:29:54,沪深ETF,109,517360.SH,SH,xtdata.get_stock_list_in_sector
2026-07-07,2026-07-07 09:29:54,沪深ETF,110,520810.SH,SH,xtdata.get_stock_list_in_sector
2026-07-07,2026-07-07 09:29:54,沪深ETF,111,516790.SH,SH,xtdata.get_stock_list_in_sector
2026-07-07,2026-07-07 09:29:54,沪深ETF,112,561550.SH,SH,xtdata.get_stock_list_in_sector
2026-07-07,2026-07-07 09:29:54,沪深ETF,113,517110.SH,SH,xtdata.get_stock_list_in_sector
2026-07-07,2026-07-07 09:29:54,沪深ETF,114,515480.SH,SH,xtdata.get_stock_list_in_sector
2026-07-07,2026-07-07 09:29:54,沪深ETF,115,517950.SH,SH,xtdata.get_stock_list_in_sector
2026-07-07,2026-07-07 09:29:54,沪深ETF,116,563880.SH,SH,xtdata.get_stock_list_in_sector
2026-07-07,2026-07-07 09:29:54,沪深ETF,117,588460.SH,SH,xtdata.get_stock_list_in_sector
2026-07-07,2026-07-07 09:29:54,沪深ETF,118,561190.SH,SH,xtdata.get_stock_list_in_sector
2026-07-07,2026-07-07 09:29:54,沪深ETF,119,560710.SH,SH,xtdata.get_stock_list_in_sector
2026-07-07,2026-07-07 09:29:54,沪深ETF,120,516350.SH,SH,xtdata.get_stock_list_in_sector
2026-07-07,2026-07-07 09:29:54,沪深ETF,121,515800.SH,SH,xtdata.get_stock_list_in_sector
2026-07-07,2026-07-07 09:29:54,沪深ETF,122,510570.SH,SH,xtdata.get_stock_list_in_sector
2026-07-07,2026-07-07 09:29:54,沪深ETF,123,512413.SH,SH,xtdata.get_stock_list_in_sector
2026-07-07,2026-07-07 09:29:54,沪深ETF,124,513660.SH,SH,xtdata.get_stock_list_in_sector
2026-07-07,2026-07-07 09:29:54,沪深ETF,125,511180.SH,SH,xtdata.get_stock_list_in_sector
2026-07-07,2026-07-07 09:29:54,沪深ETF,126,512290.SH,SH,xtdata.get_stock_list_in_sector
2026-07-07,2026-07-07 09:29:54,沪深ETF,127,516960.SH,SH,xtdata.get_stock_list_in_sector
2026-07-07,2026-07-07 09:29:54,沪深ETF,128,515230.SH,SH,xtdata.get_stock_list_in_sector
2026-07-07,2026-07-07 09:29:54,沪深ETF,129,563670.SH,SH,xtdata.get_stock_list_in_sector
2026-07-07,2026-07-07 09:29:54,沪深ETF,130,561394.SH,SH,xtdata.get_stock_list_in_sector
2026-07-07,2026-07-07 09:29:54,沪深ETF,131,560560.SH,SH,xtdata.get_stock_list_in_sector
2026-07-07,2026-07-07 09:29:54,沪深ETF,132,516120.SH,SH,xtdata.get_stock_list_in_sector
2026-07-07,2026-07-07 09:29:54,沪深ETF,133,589090.SH,SH,xtdata.get_stock_list_in_sector
2026-07-07,2026-07-07 09:29:54,沪深ETF,134,512670.SH,SH,xtdata.get_stock_list_in_sector
2026-07-07,2026-07-07 09:29:54,沪深ETF,135,560180.SH,SH,xtdata.get_stock_list_in_sector
2026-07-07,2026-07-07 09:29:54,沪深ETF,136,561700.SH,SH,xtdata.get_stock_list_in_sector
2026-07-07,2026-07-07 09:29:54,沪深ETF,137,562660.SH,SH,xtdata.get_stock_list_in_sector
2026-07-07,2026-07-07 09:29:54,沪深ETF,138,520830.SH,SH,xtdata.get_stock_list_in_sector
2026-07-07,2026-07-07 09:29:54,沪深ETF,139,530100.SH,SH,xtdata.get_stock_list_in_sector
2026-07-07,2026-07-07 09:29:54,沪深ETF,140,589600.SH,SH,xtdata.get_stock_list_in_sector
2026-07-07,2026-07-07 09:29:54,沪深ETF,141,561570.SH,SH,xtdata.get_stock_list_in_sector
2026-07-07,2026-07-07 09:29:54,沪深ETF,142,517130.SH,SH,xtdata.get_stock_list_in_sector
2026-07-07,2026-07-07 09:29:54,沪深ETF,143,588080.SH,SH,xtdata.get_stock_list_in_sector
2026-07-07,2026-07-07 09:29:54,沪深ETF,144,510190.SH,SH,xtdata.get_stock_list_in_sector
2026-07-07,2026-07-07 09:29:54,沪深ETF,145,513280.SH,SH,xtdata.get_stock_list_in_sector
2026-07-07,2026-07-07 09:29:54,沪深ETF,146,512400.SH,SH,xtdata.get_stock_list_in_sector
2026-07-07,2026-07-07 09:29:54,沪深ETF,147,512720.SH,SH,xtdata.get_stock_list_in_sector
2026-07-07,2026-07-07 09:29:54,沪深ETF,148,589520.SH,SH,xtdata.get_stock_list_in_sector
2026-07-07,2026-07-07 09:29:54,沪深ETF,149,561624.SH,SH,xtdata.get_stock_list_in_sector
2026-07-07,2026-07-07 09:29:54,沪深ETF,150,530050.SH,SH,xtdata.get_stock_list_in_sector
2026-07-07,2026-07-07 09:29:54,沪深ETF,151,520960.SH,SH,xtdata.get_stock_list_in_sector
2026-07-07,2026-07-07 09:29:54,沪深ETF,152,510880.SH,SH,xtdata.get_stock_list_in_sector
2026-07-07,2026-07-07 09:29:54,沪深ETF,153,588990.SH,SH,xtdata.get_stock_list_in_sector
2026-07-07,2026-07-07 09:29:54,沪深ETF,154,512550.SH,SH,xtdata.get_stock_list_in_sector
2026-07-07,2026-07-07 09:29:54,沪深ETF,155,516200.SH,SH,xtdata.get_stock_list_in_sector
2026-07-07,2026-07-07 09:29:54,沪深ETF,156,561433.SH,SH,xtdata.get_stock_list_in_sector
2026-07-07,2026-07-07 09:29:54,沪深ETF,157,563550.SH,SH,xtdata.get_stock_list_in_sector
2026-07-07,2026-07-07 09:29:54,沪深ETF,158,515110.SH,SH,xtdata.get_stock_list_in_sector
2026-07-07,2026-07-07 09:29:54,沪深ETF,159,561880.SH,SH,xtdata.get_stock_list_in_sector
2026-07-07,2026-07-07 09:29:54,沪深ETF,160,513730.SH,SH,xtdata.get_stock_list_in_sector
2026-07-07,2026-07-07 09:29:54,沪深ETF,161,515950.SH,SH,xtdata.get_stock_list_in_sector
2026-07-07,2026-07-07 09:29:54,沪深ETF,162,516830.SH,SH,xtdata.get_stock_list_in_sector
2026-07-07,2026-07-07 09:29:54,沪深ETF,163,589980.SH,SH,xtdata.get_stock_list_in_sector
2026-07-07,2026-07-07 09:29:54,沪深ETF,164,510650.SH,SH,xtdata.get_stock_list_in_sector
2026-07-07,2026-07-07 09:29:54,沪深ETF,165,516070.SH,SH,xtdata.get_stock_list_in_sector
2026-07-07,2026-07-07 09:29:54,沪深ETF,166,515360.SH,SH,xtdata.get_stock_list_in_sector
2026-07-07,2026-07-07 09:29:54,沪深ETF,167,510850.SH,SH,xtdata.get_stock_list_in_sector
2026-07-07,2026-07-07 09:29:54,沪深ETF,168,551510.SH,SH,xtdata.get_stock_list_in_sector
2026-07-07,2026-07-07 09:29:54,沪深ETF,169,588100.SH,SH,xtdata.get_stock_list_in_sector
2026-07-07,2026-07-07 09:29:54,沪深ETF,170,516630.SH,SH,xtdata.get_stock_list_in_sector
2026-07-07,2026-07-07 09:29:54,沪深ETF,171,589780.SH,SH,xtdata.get_stock_list_in_sector
2026-07-07,2026-07-07 09:29:54,沪深ETF,172,560270.SH,SH,xtdata.get_stock_list_in_sector
2026-07-07,2026-07-07 09:29:54,沪深ETF,173,530080.SH,SH,xtdata.get_stock_list_in_sector
2026-07-07,2026-07-07 09:29:54,沪深ETF,174,510010.SH,SH,xtdata.get_stock_list_in_sector
2026-07-07,2026-07-07 09:29:54,沪深ETF,175,511690.SH,SH,xtdata.get_stock_list_in_sector
2026-07-07,2026-07-07 09:29:54,沪深ETF,176,588940.SH,SH,xtdata.get_stock_list_in_sector
2026-07-07,2026-07-07 09:29:54,沪深ETF,177,512580.SH,SH,xtdata.get_stock_list_in_sector
2026-07-07,2026-07-07 09:29:54,沪深ETF,178,513300.SH,SH,xtdata.get_stock_list_in_sector
2026-07-07,2026-07-07 09:29:54,沪深ETF,179,513170.SH,SH,xtdata.get_stock_list_in_sector
2026-07-07,2026-07-07 09:29:54,沪深ETF,180,515750.SH,SH,xtdata.get_stock_list_in_sector
2026-07-07,2026-07-07 09:29:54,沪深ETF,181,562590.SH,SH,xtdata.get_stock_list_in_sector
2026-07-07,2026-07-07 09:29:54,沪深ETF,182,561680.SH,SH,xtdata.get_stock_list_in_sector
2026-07-07,2026-07-07 09:29:54,沪深ETF,183,588370.SH,SH,xtdata.get_stock_list_in_sector
2026-07-07,2026-07-07 09:29:54,沪深ETF,184,560000.SH,SH,xtdata.get_stock_list_in_sector
2026-07-07,2026-07-07 09:29:54,沪深ETF,185,513930.SH,SH,xtdata.get_stock_list_in_sector
2026-07-07,2026-07-07 09:29:54,沪深ETF,186,562930.SH,SH,xtdata.get_stock_list_in_sector
2026-07-07,2026-07-07 09:29:54,沪深ETF,187,510680.SH,SH,xtdata.get_stock_list_in_sector
2026-07-07,2026-07-07 09:29:54,沪深ETF,188,520760.SH,SH,xtdata.get_stock_list_in_sector
2026-07-07,2026-07-07 09:29:54,沪深ETF,189,513590.SH,SH,xtdata.get_stock_list_in_sector
2026-07-07,2026-07-07 09:29:54,沪深ETF,190,589950.SH,SH,xtdata.get_stock_list_in_sector
2026-07-07,2026-07-07 09:29:54,沪深ETF,191,589110.SH,SH,xtdata.get_stock_list_in_sector
2026-07-07,2026-07-07 09:29:54,沪深ETF,192,588790.SH,SH,xtdata.get_stock_list_in_sector
2026-07-07,2026-07-07 09:29:54,沪深ETF,193,561260.SH,SH,xtdata.get_stock_list_in_sector
2026-07-07,2026-07-07 09:29:54,沪深ETF,194,562300.SH,SH,xtdata.get_stock_list_in_sector
2026-07-07,2026-07-07 09:29:54,沪深ETF,195,563580.SH,SH,xtdata.get_stock_list_in_sector
2026-07-07,2026-07-07 09:29:54,沪深ETF,196,560690.SH,SH,xtdata.get_stock_list_in_sector
2026-07-07,2026-07-07 09:29:54,沪深ETF,197,589360.SH,SH,xtdata.get_stock_list_in_sector
2026-07-07,2026-07-07 09:29:54,沪深ETF,198,561010.SH,SH,xtdata.get_stock_list_in_sector
2026-07-07,2026-07-07 09:29:54,沪深ETF,199,511270.SH,SH,xtdata.get_stock_list_in_sector
2026-07-07,2026-07-07 09:29:54,沪深ETF,200,515980.SH,SH,xtdata.get_stock_list_in_sector
2026-07-07,2026-07-07 09:29:54,沪深ETF,201,520510.SH,SH,xtdata.get_stock_list_in_sector
2026-07-07,2026-07-07 09:29:54,沪深ETF,202,512160.SH,SH,xtdata.get_stock_list_in_sector
2026-07-07,2026-07-07 09:29:54,沪深ETF,203,589800.SH,SH,xtdata.get_stock_list_in_sector
2026-07-07,2026-07-07 09:29:54,沪深ETF,204,512240.SH,SH,xtdata.get_stock_list_in_sector
2026-07-07,2026-07-07 09:29:54,沪深ETF,205,520630.SH,SH,xtdata.get_stock_list_in_sector
2026-07-07,2026-07-07 09:29:54,沪深ETF,206,511150.SH,SH,xtdata.get_stock_list_in_sector
2026-07-07,2026-07-07 09:29:54,沪深ETF,207,562860.SH,SH,xtdata.get_stock_list_in_sector
2026-07-07,2026-07-07 09:29:54,沪深ETF,208,561330.SH,SH,xtdata.get_stock_list_in_sector
2026-07-07,2026-07-07 09:29:54,沪深ETF,209,517770.SH,SH,xtdata.get_stock_list_in_sector
2026-07-07,2026-07-07 09:29:54,沪深ETF,210,511910.SH,SH,xtdata.get_stock_list_in_sector
2026-07-07,2026-07-07 09:29:54,沪深ETF,211,530530.SH,SH,xtdata.get_stock_list_in_sector
2026-07-07,2026-07-07 09:29:54,沪深ETF,212,589230.SH,SH,xtdata.get_stock_list_in_sector
2026-07-07,2026-07-07 09:29:54,沪深ETF,213,516380.SH,SH,xtdata.get_stock_list_in_sector
2026-07-07,2026-07-07 09:29:54,沪深ETF,214,512870.SH,SH,xtdata.get_stock_list_in_sector
2026-07-07,2026-07-07 09:29:54,沪深ETF,215,510913.SH,SH,xtdata.get_stock_list_in_sector
2026-07-07,2026-07-07 09:29:54,沪深ETF,216,515090.SH,SH,xtdata.get_stock_list_in_sector
2026-07-07,2026-07-07 09:29:54,沪深ETF,217,512030.SH,SH,xtdata.get_stock_list_in_sector
2026-07-07,2026-07-07 09:29:54,沪深ETF,218,561900.SH,SH,xtdata.get_stock_list_in_sector
2026-07-07,2026-07-07 09:29:54,沪深ETF,219,588050.SH,SH,xtdata.get_stock_list_in_sector
2026-07-07,2026-07-07 09:29:54,沪深ETF,220,560320.SH,SH,xtdata.get_stock_list_in_sector
2026-07-07,2026-07-07 09:29:54,沪深ETF,221,516760.SH,SH,xtdata.get_stock_list_in_sector
2026-07-07,2026-07-07 09:29:54,沪深ETF,222,510900.SH,SH,xtdata.get_stock_list_in_sector
2026-07-07,2026-07-07 09:29:54,沪深ETF,223,563030.SH,SH,xtdata.get_stock_list_in_sector
2026-07-07,2026-07-07 09:29:54,沪深ETF,224,588810.SH,SH,xtdata.get_stock_list_in_sector
2026-07-07,2026-07-07 09:29:54,沪深ETF,225,563870.SH,SH,xtdata.get_stock_list_in_sector
2026-07-07,2026-07-07 09:29:54,沪深ETF,226,510140.SH,SH,xtdata.get_stock_list_in_sector
2026-07-07,2026-07-07 09:29:54,沪深ETF,227,560910.SH,SH,xtdata.get_stock_list_in_sector
2026-07-07,2026-07-07 09:29:54,沪深ETF,228,513020.SH,SH,xtdata.get_stock_list_in_sector
2026-07-07,2026-07-07 09:29:54,沪深ETF,229,510330.SH,SH,xtdata.get_stock_list_in_sector
2026-07-07,2026-07-07 09:29:54,沪深ETF,230,588220.SH,SH,xtdata.get_stock_list_in_sector
2026-07-07,2026-07-07 09:29:54,沪深ETF,231,517390.SH,SH,xtdata.get_stock_list_in_sector
2026-07-07,2026-07-07 09:29:54,沪深ETF,232,513860.SH,SH,xtdata.get_stock_list_in_sector
2026-07-07,2026-07-07 09:29:54,沪深ETF,233,560150.SH,SH,xtdata.get_stock_list_in_sector
2026-07-07,2026-07-07 09:29:54,沪深ETF,234,516510.SH,SH,xtdata.get_stock_list_in_sector
2026-07-07,2026-07-07 09:29:54,沪深ETF,235,515600.SH,SH,xtdata.get_stock_list_in_sector
2026-07-07,2026-07-07 09:29:54,沪深ETF,236,510050.SH,SH,xtdata.get_stock_list_in_sector
2026-07-07,2026-07-07 09:29:54,沪深ETF,237,563960.SH,SH,xtdata.get_stock_list_in_sector
2026-07-07,2026-07-07 09:29:54,沪深ETF,238,588900.SH,SH,xtdata.get_stock_list_in_sector
2026-07-07,2026-07-07 09:29:54,沪深ETF,239,530880.SH,SH,xtdata.get_stock_list_in_sector
2026-07-07,2026-07-07 09:29:54,沪深ETF,240,515560.SH,SH,xtdata.get_stock_list_in_sector
2026-07-07,2026-07-07 09:29:54,沪深ETF,241,510810.SH,SH,xtdata.get_stock_list_in_sector
2026-07-07,2026-07-07 09:29:54,沪深ETF,242,589333.SH,SH,xtdata.get_stock_list_in_sector
2026-07-07,2026-07-07 09:29:54,沪深ETF,243,551550.SH,SH,xtdata.get_stock_list_in_sector
2026-07-07,2026-07-07 09:29:54,沪深ETF,244,560230.SH,SH,xtdata.get_stock_list_in_sector
2026-07-07,2026-07-07 09:29:54,沪深ETF,245,516670.SH,SH,xtdata.get_stock_list_in_sector
2026-07-07,2026-07-07 09:29:54,沪深ETF,246,588140.SH,SH,xtdata.get_stock_list_in_sector
2026-07-07,2026-07-07 09:29:54,沪深ETF,247,515710.SH,SH,xtdata.get_stock_list_in_sector
2026-07-07,2026-07-07 09:29:54,沪深ETF,248,563350.SH,SH,xtdata.get_stock_list_in_sector
2026-07-07,2026-07-07 09:29:54,沪深ETF,249,513970.SH,SH,xtdata.get_stock_list_in_sector
2026-07-07,2026-07-07 09:29:54,沪深ETF,250,588330.SH,SH,xtdata.get_stock_list_in_sector
2026-07-07,2026-07-07 09:29:54,沪深ETF,251,513130.SH,SH,xtdata.get_stock_list_in_sector
2026-07-07,2026-07-07 09:29:54,沪深ETF,252,560800.SH,SH,xtdata.get_stock_list_in_sector
2026-07-07,2026-07-07 09:29:54,沪深ETF,253,511800.SH,SH,xtdata.get_stock_list_in_sector
2026-07-07,2026-07-07 09:29:54,沪深ETF,254,561254.SH,SH,xtdata.get_stock_list_in_sector
2026-07-07,2026-07-07 09:29:54,沪深ETF,255,561220.SH,SH,xtdata.get_stock_list_in_sector
2026-07-07,2026-07-07 09:29:54,沪深ETF,256,517660.SH,SH,xtdata.get_stock_list_in_sector
2026-07-07,2026-07-07 09:29:54,沪深ETF,257,589150.SH,SH,xtdata.get_stock_list_in_sector
2026-07-07,2026-07-07 09:29:54,沪深ETF,258,562970.SH,SH,xtdata.get_stock_list_in_sector
2026-07-07,2026-07-07 09:29:54,沪深ETF,259,520720.SH,SH,xtdata.get_stock_list_in_sector
2026-07-07,2026-07-07 09:29:54,沪深ETF,260,520550.SH,SH,xtdata.get_stock_list_in_sector
2026-07-07,2026-07-07 09:29:54,沪深ETF,261,512120.SH,SH,xtdata.get_stock_list_in_sector
2026-07-07,2026-07-07 09:29:54,沪深ETF,262,515180.SH,SH,xtdata.get_stock_list_in_sector
2026-07-07,2026-07-07 09:29:54,沪深ETF,263,562340.SH,SH,xtdata.get_stock_list_in_sector
2026-07-07,2026-07-07 09:29:54,沪深ETF,264,561024.SH,SH,xtdata.get_stock_list_in_sector
2026-07-07,2026-07-07 09:29:54,沪深ETF,265,512960.SH,SH,xtdata.get_stock_list_in_sector
2026-07-07,2026-07-07 09:29:54,沪深ETF,266,561050.SH,SH,xtdata.get_stock_list_in_sector
2026-07-07,2026-07-07 09:29:54,沪深ETF,267,516290.SH,SH,xtdata.get_stock_list_in_sector
2026-07-07,2026-07-07 09:29:54,沪深ETF,268,589320.SH,SH,xtdata.get_stock_list_in_sector
2026-07-07,2026-07-07 09:29:54,沪深ETF,269,588680.SH,SH,xtdata.get_stock_list_in_sector
2026-07-07,2026-07-07 09:29:54,沪深ETF,270,561370.SH,SH,xtdata.get_stock_list_in_sector
2026-07-07,2026-07-07 09:29:54,沪深ETF,271,589000.SH,SH,xtdata.get_stock_list_in_sector
2026-07-07,2026-07-07 09:29:54,沪深ETF,272,562060.SH,SH,xtdata.get_stock_list_in_sector
2026-07-07,2026-07-07 09:29:54,沪深ETF,273,511950.SH,SH,xtdata.get_stock_list_in_sector
2026-07-07,2026-07-07 09:29:54,沪深ETF,274,512200.SH,SH,xtdata.get_stock_list_in_sector
2026-07-07,2026-07-07 09:29:54,沪深ETF,275,520670.SH,SH,xtdata.get_stock_list_in_sector
2026-07-07,2026-07-07 09:29:54,沪深ETF,276,511110.SH,SH,xtdata.get_stock_list_in_sector
2026-07-07,2026-07-07 09:29:54,沪深ETF,277,562820.SH,SH,xtdata.get_stock_list_in_sector
2026-07-07,2026-07-07 09:29:54,沪深ETF,278,512070.SH,SH,xtdata.get_stock_list_in_sector
2026-07-07,2026-07-07 09:29:54,沪深ETF,279,515890.SH,SH,xtdata.get_stock_list_in_sector
2026-07-07,2026-07-07 09:29:54,沪深ETF,280,511360.SH,SH,xtdata.get_stock_list_in_sector
2026-07-07,2026-07-07 09:29:54,沪深ETF,281,518860.SH,SH,xtdata.get_stock_list_in_sector
2026-07-07,2026-07-07 09:29:54,沪深ETF,282,561100.SH,SH,xtdata.get_stock_list_in_sector
2026-07-07,2026-07-07 09:29:54,沪深ETF,283,560780.SH,SH,xtdata.get_stock_list_in_sector
2026-07-07,2026-07-07 09:29:54,沪深ETF,284,589270.SH,SH,xtdata.get_stock_list_in_sector
2026-07-07,2026-07-07 09:29:54,沪深ETF,285,513210.SH,SH,xtdata.get_stock_list_in_sector
2026-07-07,2026-07-07 09:29:54,沪深ETF,286,588850.SH,SH,xtdata.get_stock_list_in_sector
2026-07-07,2026-07-07 09:29:54,沪深ETF,287,563830.SH,SH,xtdata.get_stock_list_in_sector
2026-07-07,2026-07-07 09:29:54,沪深ETF,288,510100.SH,SH,xtdata.get_stock_list_in_sector
2026-07-07,2026-07-07 09:29:54,沪深ETF,289,516720.SH,SH,xtdata.get_stock_list_in_sector
2026-07-07,2026-07-07 09:29:54,沪深ETF,290,560360.SH,SH,xtdata.get_stock_list_in_sector
2026-07-07,2026-07-07 09:29:54,沪深ETF,291,588010.SH,SH,xtdata.get_stock_list_in_sector
2026-07-07,2026-07-07 09:29:54,沪深ETF,292,513820.SH,SH,xtdata.get_stock_list_in_sector
2026-07-07,2026-07-07 09:29:54,沪深ETF,293,516550.SH,SH,xtdata.get_stock_list_in_sector
2026-07-07,2026-07-07 09:29:54,沪深ETF,294,560110.SH,SH,xtdata.get_stock_list_in_sector
2026-07-07,2026-07-07 09:29:54,沪深ETF,295,561790.SH,SH,xtdata.get_stock_list_in_sector
2026-07-07,2026-07-07 09:29:54,沪深ETF,296,588260.SH,SH,xtdata.get_stock_list_in_sector
2026-07-07,2026-07-07 09:29:54,沪深ETF,297,563200.SH,SH,xtdata.get_stock_list_in_sector
2026-07-07,2026-07-07 09:29:54,沪深ETF,298,515640.SH,SH,xtdata.get_stock_list_in_sector
2026-07-07,2026-07-07 09:29:54,沪深ETF,299,560950.SH,SH,xtdata.get_stock_list_in_sector
2026-07-07,2026-07-07 09:29:54,沪深ETF,300,513060.SH,SH,xtdata.get_stock_list_in_sector
2026-07-07,2026-07-07 09:29:54,沪深ETF,301,510370.SH,SH,xtdata.get_stock_list_in_sector
2026-07-07,2026-07-07 09:29:54,沪深ETF,302,510530.SH,SH,xtdata.get_stock_list_in_sector
2026-07-07,2026-07-07 09:29:54,沪深ETF,303,513620.SH,SH,xtdata.get_stock_list_in_sector
2026-07-07,2026-07-07 09:29:54,沪深ETF,304,561990.SH,SH,xtdata.get_stock_list_in_sector
2026-07-07,2026-07-07 09:29:54,沪深ETF,305,515000.SH,SH,xtdata.get_stock_list_in_sector
2026-07-07,2026-07-07 09:29:54,沪深ETF,306,551030.SH,SH,xtdata.get_stock_list_in_sector
2026-07-07,2026-07-07 09:29:54,沪深ETF,307,516310.SH,SH,xtdata.get_stock_list_in_sector
2026-07-07,2026-07-07 09:29:54,沪深ETF,308,560750.SH,SH,xtdata.get_stock_list_in_sector
2026-07-07,2026-07-07 09:29:54,沪深ETF,309,588420.SH,SH,xtdata.get_stock_list_in_sector
2026-07-07,2026-07-07 09:29:54,沪深ETF,310,511980.SH,SH,xtdata.get_stock_list_in_sector
2026-07-07,2026-07-07 09:29:54,沪深ETF,311,563630.SH,SH,xtdata.get_stock_list_in_sector
2026-07-07,2026-07-07 09:29:54,沪深ETF,312,589423.SH,SH,xtdata.get_stock_list_in_sector
2026-07-07,2026-07-07 09:29:54,沪深ETF,313,516160.SH,SH,xtdata.get_stock_list_in_sector
2026-07-07,2026-07-07 09:29:54,沪深ETF,314,560520.SH,SH,xtdata.get_stock_list_in_sector
2026-07-07,2026-07-07 09:29:54,沪深ETF,315,589890.SH,SH,xtdata.get_stock_list_in_sector
2026-07-07,2026-07-07 09:29:54,沪深ETF,316,516920.SH,SH,xtdata.get_stock_list_in_sector
2026-07-07,2026-07-07 09:29:54,沪深ETF,317,517300.SH,SH,xtdata.get_stock_list_in_sector
2026-07-07,2026-07-07 09:29:54,沪深ETF,318,516580.SH,SH,xtdata.get_stock_list_in_sector
2026-07-07,2026-07-07 09:29:54,沪深ETF,319,511520.SH,SH,xtdata.get_stock_list_in_sector
2026-07-07,2026-07-07 09:29:54,沪深ETF,320,518660.SH,SH,xtdata.get_stock_list_in_sector
2026-07-07,2026-07-07 09:29:54,沪深ETF,321,512630.SH,SH,xtdata.get_stock_list_in_sector
2026-07-07,2026-07-07 09:29:54,沪深ETF,322,560980.SH,SH,xtdata.get_stock_list_in_sector
2026-07-07,2026-07-07 09:29:54,沪深ETF,323,588880.SH,SH,xtdata.get_stock_list_in_sector
2026-07-07,2026-07-07 09:29:54,沪深ETF,324,510990.SH,SH,xtdata.get_stock_list_in_sector
2026-07-07,2026-07-07 09:29:54,沪深ETF,325,520870.SH,SH,xtdata.get_stock_list_in_sector
2026-07-07,2026-07-07 09:29:54,沪深ETF,326,517170.SH,SH,xtdata.get_stock_list_in_sector
2026-07-07,2026-07-07 09:29:54,沪深ETF,327,589560.SH,SH,xtdata.get_stock_list_in_sector
2026-07-07,2026-07-07 09:29:54,沪深ETF,328,560090.SH,SH,xtdata.get_stock_list_in_sector
2026-07-07,2026-07-07 09:29:54,沪深ETF,329,563380.SH,SH,xtdata.get_stock_list_in_sector
2026-07-07,2026-07-07 09:29:54,沪深ETF,330,562500.SH,SH,xtdata.get_stock_list_in_sector
2026-07-07,2026-07-07 09:29:54,沪深ETF,331,512760.SH,SH,xtdata.get_stock_list_in_sector
2026-07-07,2026-07-07 09:29:54,沪深ETF,332,512510.SH,SH,xtdata.get_stock_list_in_sector
2026-07-07,2026-07-07 09:29:54,沪深ETF,333,513390.SH,SH,xtdata.get_stock_list_in_sector
2026-07-07,2026-07-07 09:29:54,沪深ETF,334,511600.SH,SH,xtdata.get_stock_list_in_sector
2026-07-07,2026-07-07 09:29:54,沪深ETF,335,561460.SH,SH,xtdata.get_stock_list_in_sector
2026-07-07,2026-07-07 09:29:54,沪深ETF,336,588190.SH,SH,xtdata.get_stock_list_in_sector
2026-07-07,2026-07-07 09:29:54,沪深ETF,337,520920.SH,SH,xtdata.get_stock_list_in_sector
2026-07-07,2026-07-07 09:29:54,沪深ETF,338,561414.SH,SH,xtdata.get_stock_list_in_sector
2026-07-07,2026-07-07 09:29:54,沪深ETF,339,551580.SH,SH,xtdata.get_stock_list_in_sector
2026-07-07,2026-07-07 09:29:54,沪深ETF,340,513770.SH,SH,xtdata.get_stock_list_in_sector
2026-07-07,2026-07-07 09:29:54,沪深ETF,341,520580.SH,SH,xtdata.get_stock_list_in_sector
2026-07-07,2026-07-07 09:29:54,沪深ETF,342,515910.SH,SH,xtdata.get_stock_list_in_sector
2026-07-07,2026-07-07 09:29:54,沪深ETF,343,561080.SH,SH,xtdata.get_stock_list_in_sector
2026-07-07,2026-07-07 09:29:54,沪深ETF,344,561473.SH,SH,xtdata.get_stock_list_in_sector
2026-07-07,2026-07-07 09:29:54,沪深ETF,345,562390.SH,SH,xtdata.get_stock_list_in_sector
2026-07-07,2026-07-07 09:29:54,沪深ETF,346,515150.SH,SH,xtdata.get_stock_list_in_sector
2026-07-07,2026-07-07 09:29:54,沪深ETF,347,563510.SH,SH,xtdata.get_stock_list_in_sector
2026-07-07,2026-07-07 09:29:54,沪深ETF,348,560470.SH,SH,xtdata.get_stock_list_in_sector
2026-07-07,2026-07-07 09:29:54,沪深ETF,349,589180.SH,SH,xtdata.get_stock_list_in_sector
2026-07-07,2026-07-07 09:29:54,沪深ETF,350,588700.SH,SH,xtdata.get_stock_list_in_sector
2026-07-07,2026-07-07 09:29:54,沪深ETF,351,530680.SH,SH,xtdata.get_stock_list_in_sector
2026-07-07,2026-07-07 09:29:54,沪深ETF,352,515320.SH,SH,xtdata.get_stock_list_in_sector
2026-07-07,2026-07-07 09:29:54,沪深ETF,353,563760.SH,SH,xtdata.get_stock_list_in_sector
2026-07-07,2026-07-07 09:29:54,沪深ETF,354,513500.SH,SH,xtdata.get_stock_list_in_sector
2026-07-07,2026-07-07 09:29:54,沪深ETF,355,512380.SH,SH,xtdata.get_stock_list_in_sector
2026-07-07,2026-07-07 09:29:54,沪深ETF,356,511090.SH,SH,xtdata.get_stock_list_in_sector
2026-07-07,2026-07-07 09:29:54,沪深ETF,357,562520.SH,SH,xtdata.get_stock_list_in_sector
2026-07-07,2026-07-07 09:29:54,沪深ETF,358,513980.SH,SH,xtdata.get_stock_list_in_sector
2026-07-07,2026-07-07 09:29:54,沪深ETF,359,563990.SH,SH,xtdata.get_stock_list_in_sector
2026-07-07,2026-07-07 09:29:54,沪深ETF,360,511620.SH,SH,xtdata.get_stock_list_in_sector
2026-07-07,2026-07-07 09:29:54,沪深ETF,361,512530.SH,SH,xtdata.get_stock_list_in_sector
2026-07-07,2026-07-07 09:29:54,沪深ETF,362,515590.SH,SH,xtdata.get_stock_list_in_sector
2026-07-07,2026-07-07 09:29:54,沪深ETF,363,517000.SH,SH,xtdata.get_stock_list_in_sector
2026-07-07,2026-07-07 09:29:54,沪深ETF,364,520900.SH,SH,xtdata.get_stock_list_in_sector
2026-07-07,2026-07-07 09:29:54,沪深ETF,365,551900.SH,SH,xtdata.get_stock_list_in_sector
2026-07-07,2026-07-07 09:29:54,沪深ETF,366,513750.SH,SH,xtdata.get_stock_list_in_sector
2026-07-07,2026-07-07 09:29:54,沪深ETF,367,515170.SH,SH,xtdata.get_stock_list_in_sector
2026-07-07,2026-07-07 09:29:54,沪深ETF,368,563530.SH,SH,xtdata.get_stock_list_in_sector
2026-07-07,2026-07-07 09:29:54,沪深ETF,369,560620.SH,SH,xtdata.get_stock_list_in_sector
2026-07-07,2026-07-07 09:29:54,沪深ETF,370,516260.SH,SH,xtdata.get_stock_list_in_sector
2026-07-07,2026-07-07 09:29:54,沪深ETF,371,588550.SH,SH,xtdata.get_stock_list_in_sector
2026-07-07,2026-07-07 09:29:54,沪深ETF,372,512990.SH,SH,xtdata.get_stock_list_in_sector
2026-07-07,2026-07-07 09:29:54,沪深ETF,373,561623.SH,SH,xtdata.get_stock_list_in_sector
2026-07-07,2026-07-07 09:29:54,沪深ETF,374,515300.SH,SH,xtdata.get_stock_list_in_sector
2026-07-07,2026-07-07 09:29:54,沪深ETF,375,560450.SH,SH,xtdata.get_stock_list_in_sector
2026-07-07,2026-07-07 09:29:54,沪深ETF,376,516010.SH,SH,xtdata.get_stock_list_in_sector
2026-07-07,2026-07-07 09:29:54,沪深ETF,377,588720.SH,SH,xtdata.get_stock_list_in_sector
2026-07-07,2026-07-07 09:29:54,沪深ETF,378,510630.SH,SH,xtdata.get_stock_list_in_sector
2026-07-07,2026-07-07 09:29:54,沪深ETF,379,516850.SH,SH,xtdata.get_stock_list_in_sector
2026-07-07,2026-07-07 09:29:54,沪深ETF,380,513520.SH,SH,xtdata.get_stock_list_in_sector
2026-07-07,2026-07-07 09:29:54,沪深ETF,381,513600.SH,SH,xtdata.get_stock_list_in_sector
2026-07-07,2026-07-07 09:29:54,沪深ETF,382,512080.SH,SH,xtdata.get_stock_list_in_sector
2026-07-07,2026-07-07 09:29:54,沪深ETF,383,510510.SH,SH,xtdata.get_stock_list_in_sector
2026-07-07,2026-07-07 09:29:54,沪深ETF,384,515860.SH,SH,xtdata.get_stock_list_in_sector
2026-07-07,2026-07-07 09:29:54,沪深ETF,385,530580.SH,SH,xtdata.get_stock_list_in_sector
2026-07-07,2026-07-07 09:29:54,沪深ETF,386,516330.SH,SH,xtdata.get_stock_list_in_sector
2026-07-07,2026-07-07 09:29:54,沪深ETF,387,589280.SH,SH,xtdata.get_stock_list_in_sector
2026-07-07,2026-07-07 09:29:54,沪深ETF,388,560770.SH,SH,xtdata.get_stock_list_in_sector
2026-07-07,2026-07-07 09:29:54,沪深ETF,389,518890.SH,SH,xtdata.get_stock_list_in_sector
2026-07-07,2026-07-07 09:29:54,沪深ETF,390,588400.SH,SH,xtdata.get_stock_list_in_sector
2026-07-07,2026-07-07 09:29:54,沪深ETF,391,515020.SH,SH,xtdata.get_stock_list_in_sector
2026-07-07,2026-07-07 09:29:54,沪深ETF,392,560500.SH,SH,xtdata.get_stock_list_in_sector
2026-07-07,2026-07-07 09:29:54,沪深ETF,393,561380.SH,SH,xtdata.get_stock_list_in_sector
2026-07-07,2026-07-07 09:29:54,沪深ETF,394,588670.SH,SH,xtdata.get_stock_list_in_sector
2026-07-07,2026-07-07 09:29:54,沪深ETF,395,515250.SH,SH,xtdata.get_stock_list_in_sector
2026-07-07,2026-07-07 09:29:54,沪深ETF,396,589403.SH,SH,xtdata.get_stock_list_in_sector
2026-07-07,2026-07-07 09:29:54,沪深ETF,397,520680.SH,SH,xtdata.get_stock_list_in_sector
2026-07-07,2026-07-07 09:29:54,沪深ETF,398,516900.SH,SH,xtdata.get_stock_list_in_sector
2026-07-07,2026-07-07 09:29:54,沪深ETF,399,510760.SH,SH,xtdata.get_stock_list_in_sector
2026-07-07,2026-07-07 09:29:54,沪深ETF,400,588290.SH,SH,xtdata.get_stock_list_in_sector
2026-07-07,2026-07-07 09:29:54,沪深ETF,401,561760.SH,SH,xtdata.get_stock_list_in_sector
2026-07-07,2026-07-07 09:29:54,沪深ETF,402,561393.SH,SH,xtdata.get_stock_list_in_sector
2026-07-07,2026-07-07 09:29:54,沪深ETF,403,513090.SH,SH,xtdata.get_stock_list_in_sector
2026-07-07,2026-07-07 09:29:54,沪深ETF,404,510380.SH,SH,xtdata.get_stock_list_in_sector
2026-07-07,2026-07-07 09:29:54,沪深ETF,405,512460.SH,SH,xtdata.get_stock_list_in_sector
2026-07-07,2026-07-07 09:29:54,沪深ETF,406,511770.SH,SH,xtdata.get_stock_list_in_sector
2026-07-07,2026-07-07 09:29:54,沪深ETF,407,520850.SH,SH,xtdata.get_stock_list_in_sector
2026-07-07,2026-07-07 09:29:54,沪深ETF,408,561510.SH,SH,xtdata.get_stock_list_in_sector
2026-07-07,2026-07-07 09:29:54,沪深ETF,409,560390.SH,SH,xtdata.get_stock_list_in_sector
2026-07-07,2026-07-07 09:29:54,沪深ETF,410,589660.SH,SH,xtdata.get_stock_list_in_sector
2026-07-07,2026-07-07 09:29:54,沪深ETF,411,563080.SH,SH,xtdata.get_stock_list_in_sector
2026-07-07,2026-07-07 09:29:54,沪深ETF,412,562600.SH,SH,xtdata.get_stock_list_in_sector
2026-07-07,2026-07-07 09:29:54,沪深ETF,413,589293.SH,SH,xtdata.get_stock_list_in_sector
2026-07-07,2026-07-07 09:29:54,沪深ETF,414,511970.SH,SH,xtdata.get_stock_list_in_sector
2026-07-07,2026-07-07 09:29:54,沪深ETF,415,561350.SH,SH,xtdata.get_stock_list_in_sector
2026-07-07,2026-07-07 09:29:54,沪深ETF,416,589020.SH,SH,xtdata.get_stock_list_in_sector
2026-07-07,2026-07-07 09:29:54,沪深ETF,417,516190.SH,SH,xtdata.get_stock_list_in_sector
2026-07-07,2026-07-07 09:29:54,沪深ETF,418,562800.SH,SH,xtdata.get_stock_list_in_sector
2026-07-07,2026-07-07 09:29:54,沪深ETF,419,511130.SH,SH,xtdata.get_stock_list_in_sector
2026-07-07,2026-07-07 09:29:54,沪深ETF,420,512220.SH,SH,xtdata.get_stock_list_in_sector
2026-07-07,2026-07-07 09:29:54,沪深ETF,421,589860.SH,SH,xtdata.get_stock_list_in_sector
2026-07-07,2026-07-07 09:29:54,沪深ETF,422,520650.SH,SH,xtdata.get_stock_list_in_sector
2026-07-07,2026-07-07 09:29:54,沪深ETF,423,561960.SH,SH,xtdata.get_stock_list_in_sector
2026-07-07,2026-07-07 09:29:54,沪深ETF,424,512050.SH,SH,xtdata.get_stock_list_in_sector
2026-07-07,2026-07-07 09:29:54,沪深ETF,425,512810.SH,SH,xtdata.get_stock_list_in_sector
2026-07-07,2026-07-07 09:29:54,沪深ETF,426,561120.SH,SH,xtdata.get_stock_list_in_sector
2026-07-07,2026-07-07 09:29:54,沪深ETF,427,589250.SH,SH,xtdata.get_stock_list_in_sector
2026-07-07,2026-07-07 09:29:54,沪深ETF,428,513230.SH,SH,xtdata.get_stock_list_in_sector
2026-07-07,2026-07-07 09:29:54,沪深ETF,429,588870.SH,SH,xtdata.get_stock_list_in_sector
2026-07-07,2026-07-07 09:29:54,沪深ETF,430,563050.SH,SH,xtdata.get_stock_list_in_sector
2026-07-07,2026-07-07 09:29:54,沪深ETF,431,516700.SH,SH,xtdata.get_stock_list_in_sector
2026-07-07,2026-07-07 09:29:54,沪深ETF,432,588030.SH,SH,xtdata.get_stock_list_in_sector
2026-07-07,2026-07-07 09:29:54,沪深ETF,433,517180.SH,SH,xtdata.get_stock_list_in_sector
2026-07-07,2026-07-07 09:29:54,沪深ETF,434,520880.SH,SH,xtdata.get_stock_list_in_sector
2026-07-07,2026-07-07 09:29:54,沪深ETF,435,563220.SH,SH,xtdata.get_stock_list_in_sector
2026-07-07,2026-07-07 09:29:54,沪深ETF,436,515660.SH,SH,xtdata.get_stock_list_in_sector
2026-07-07,2026-07-07 09:29:54,沪深ETF,437,516570.SH,SH,xtdata.get_stock_list_in_sector
2026-07-07,2026-07-07 09:29:54,沪深ETF,438,560130.SH,SH,xtdata.get_stock_list_in_sector
2026-07-07,2026-07-07 09:29:54,沪深ETF,439,513800.SH,SH,xtdata.get_stock_list_in_sector
2026-07-07,2026-07-07 09:29:54,沪深ETF,440,588240.SH,SH,xtdata.get_stock_list_in_sector
2026-07-07,2026-07-07 09:29:54,沪深ETF,441,510350.SH,SH,xtdata.get_stock_list_in_sector
2026-07-07,2026-07-07 09:29:54,沪深ETF,442,513040.SH,SH,xtdata.get_stock_list_in_sector
2026-07-07,2026-07-07 09:29:54,沪深ETF,443,560970.SH,SH,xtdata.get_stock_list_in_sector
2026-07-07,2026-07-07 09:29:54,沪深ETF,444,513360.SH,SH,xtdata.get_stock_list_in_sector
2026-07-07,2026-07-07 09:29:54,沪深ETF,445,588920.SH,SH,xtdata.get_stock_list_in_sector
2026-07-07,2026-07-07 09:29:54,沪深ETF,446,560210.SH,SH,xtdata.get_stock_list_in_sector
2026-07-07,2026-07-07 09:29:54,沪深ETF,447,516650.SH,SH,xtdata.get_stock_list_in_sector
2026-07-07,2026-07-07 09:29:54,沪深ETF,448,588160.SH,SH,xtdata.get_stock_list_in_sector
2026-07-07,2026-07-07 09:29:54,沪深ETF,449,589313.SH,SH,xtdata.get_stock_list_in_sector
2026-07-07,2026-07-07 09:29:54,沪深ETF,450,513950.SH,SH,xtdata.get_stock_list_in_sector
2026-07-07,2026-07-07 09:29:54,沪深ETF,451,560060.SH,SH,xtdata.get_stock_list_in_sector
2026-07-07,2026-07-07 09:29:54,沪深ETF,452,588310.SH,SH,xtdata.get_stock_list_in_sector
2026-07-07,2026-07-07 09:29:54,沪深ETF,453,515730.SH,SH,xtdata.get_stock_list_in_sector
2026-07-07,2026-07-07 09:29:54,沪深ETF,454,560820.SH,SH,xtdata.get_stock_list_in_sector
2026-07-07,2026-07-07 09:29:54,沪深ETF,455,513110.SH,SH,xtdata.get_stock_list_in_sector
2026-07-07,2026-07-07 09:29:54,沪深ETF,456,510200.SH,SH,xtdata.get_stock_list_in_sector
2026-07-07,2026-07-07 09:29:54,沪深ETF,457,561200.SH,SH,xtdata.get_stock_list_in_sector
2026-07-07,2026-07-07 09:29:54,沪深ETF,458,589170.SH,SH,xtdata.get_stock_list_in_sector
2026-07-07,2026-07-07 09:29:54,沪深ETF,459,560480.SH,SH,xtdata.get_stock_list_in_sector
2026-07-07,2026-07-07 09:29:54,沪深ETF,460,563790.SH,SH,xtdata.get_stock_list_in_sector
2026-07-07,2026-07-07 09:29:54,沪深ETF,461,511820.SH,SH,xtdata.get_stock_list_in_sector
2026-07-07,2026-07-07 09:29:54,沪深ETF,462,520700.SH,SH,xtdata.get_stock_list_in_sector
2026-07-07,2026-07-07 09:29:54,沪深ETF,463,512370.SH,SH,xtdata.get_stock_list_in_sector
2026-07-07,2026-07-07 09:29:54,沪深ETF,464,516880.SH,SH,xtdata.get_stock_list_in_sector
2026-07-07,2026-07-07 09:29:54,沪深ETF,465,511060.SH,SH,xtdata.get_stock_list_in_sector
2026-07-07,2026-07-07 09:29:54,沪深ETF,466,562950.SH,SH,xtdata.get_stock_list_in_sector
2026-07-07,2026-07-07 09:29:54,沪深ETF,467,520570.SH,SH,xtdata.get_stock_list_in_sector
2026-07-07,2026-07-07 09:29:54,沪深ETF,468,512100.SH,SH,xtdata.get_stock_list_in_sector
2026-07-07,2026-07-07 09:29:54,沪深ETF,469,513780.SH,SH,xtdata.get_stock_list_in_sector
2026-07-07,2026-07-07 09:29:54,沪深ETF,470,512940.SH,SH,xtdata.get_stock_list_in_sector
2026-07-07,2026-07-07 09:29:54,沪深ETF,471,589300.SH,SH,xtdata.get_stock_list_in_sector
2026-07-07,2026-07-07 09:29:54,沪深ETF,472,562360.SH,SH,xtdata.get_stock_list_in_sector
2026-07-07,2026-07-07 09:29:54,沪深ETF,473,510020.SH,SH,xtdata.get_stock_list_in_sector
2026-07-07,2026-07-07 09:29:54,沪深ETF,474,513330.SH,SH,xtdata.get_stock_list_in_sector
2026-07-07,2026-07-07 09:29:54,沪深ETF,475,551520.SH,SH,xtdata.get_stock_list_in_sector
2026-07-07,2026-07-07 09:29:54,沪深ETF,476,563150.SH,SH,xtdata.get_stock_list_in_sector
2026-07-07,2026-07-07 09:29:54,沪深ETF,477,588130.SH,SH,xtdata.get_stock_list_in_sector
2026-07-07,2026-07-07 09:29:54,沪深ETF,478,517080.SH,SH,xtdata.get_stock_list_in_sector
2026-07-07,2026-07-07 09:29:54,沪深ETF,479,516600.SH,SH,xtdata.get_stock_list_in_sector
2026-07-07,2026-07-07 09:29:54,沪深ETF,480,520980.SH,SH,xtdata.get_stock_list_in_sector
2026-07-07,2026-07-07 09:29:54,沪深ETF,481,563320.SH,SH,xtdata.get_stock_list_in_sector
2026-07-07,2026-07-07 09:29:54,沪深ETF,482,515760.SH,SH,xtdata.get_stock_list_in_sector
2026-07-07,2026-07-07 09:29:54,沪深ETF,483,560030.SH,SH,xtdata.get_stock_list_in_sector
2026-07-07,2026-07-07 09:29:54,沪深ETF,484,513900.SH,SH,xtdata.get_stock_list_in_sector
2026-07-07,2026-07-07 09:29:54,沪深ETF,485,520743.SH,SH,xtdata.get_stock_list_in_sector
2026-07-07,2026-07-07 09:29:54,沪深ETF,486,513140.SH,SH,xtdata.get_stock_list_in_sector
2026-07-07,2026-07-07 09:29:54,沪深ETF,487,560870.SH,SH,xtdata.get_stock_list_in_sector
2026-07-07,2026-07-07 09:29:54,沪深ETF,488,515380.SH,SH,xtdata.get_stock_list_in_sector
2026-07-07,2026-07-07 09:29:54,沪深ETF,489,589120.SH,SH,xtdata.get_stock_list_in_sector
2026-07-07,2026-07-07 09:29:54,沪深ETF,490,516090.SH,SH,xtdata.get_stock_list_in_sector
2026-07-07,2026-07-07 09:29:54,沪深ETF,491,562900.SH,SH,xtdata.get_stock_list_in_sector
2026-07-07,2026-07-07 09:29:54,沪深ETF,492,511030.SH,SH,xtdata.get_stock_list_in_sector
2026-07-07,2026-07-07 09:29:54,沪深ETF,493,589960.SH,SH,xtdata.get_stock_list_in_sector
2026-07-07,2026-07-07 09:29:54,沪深ETF,494,512150.SH,SH,xtdata.get_stock_list_in_sector
2026-07-07,2026-07-07 09:29:54,沪深ETF,495,520520.SH,SH,xtdata.get_stock_list_in_sector
2026-07-07,2026-07-07 09:29:54,沪深ETF,496,562330.SH,SH,xtdata.get_stock_list_in_sector
2026-07-07,2026-07-07 09:29:54,沪深ETF,497,589350.SH,SH,xtdata.get_stock_list_in_sector
2026-07-07,2026-07-07 09:29:54,沪深ETF,498,512910.SH,SH,xtdata.get_stock_list_in_sector
2026-07-07,2026-07-07 09:29:54,沪深ETF,499,589070.SH,SH,xtdata.get_stock_list_in_sector
2026-07-07,2026-07-07 09:29:54,沪深ETF,500,560580.SH,SH,xtdata.get_stock_list_in_sector
2026-07-07,2026-07-07 09:29:54,沪深ETF,501,561300.SH,SH,xtdata.get_stock_list_in_sector
2026-07-07,2026-07-07 09:29:54,沪深ETF,502,562010.SH,SH,xtdata.get_stock_list_in_sector
2026-07-07,2026-07-07 09:29:54,沪深ETF,503,511920.SH,SH,xtdata.get_stock_list_in_sector
2026-07-07,2026-07-07 09:29:54,沪深ETF,504,563690.SH,SH,xtdata.get_stock_list_in_sector
2026-07-07,2026-07-07 09:29:54,沪深ETF,505,520600.SH,SH,xtdata.get_stock_list_in_sector
2026-07-07,2026-07-07 09:29:54,沪深ETF,506,516980.SH,SH,xtdata.get_stock_list_in_sector
2026-07-07,2026-07-07 09:29:54,沪深ETF,507,511160.SH,SH,xtdata.get_stock_list_in_sector
2026-07-07,2026-07-07 09:29:54,沪深ETF,508,562850.SH,SH,xtdata.get_stock_list_in_sector
2026-07-07,2026-07-07 09:29:54,沪深ETF,509,512000.SH,SH,xtdata.get_stock_list_in_sector
2026-07-07,2026-07-07 09:29:54,沪深ETF,510,561930.SH,SH,xtdata.get_stock_list_in_sector
2026-07-07,2026-07-07 09:29:54,沪深ETF,511,510590.SH,SH,xtdata.get_stock_list_in_sector
2026-07-07,2026-07-07 09:29:54,沪深ETF,512,589200.SH,SH,xtdata.get_stock_list_in_sector
2026-07-07,2026-07-07 09:29:54,沪深ETF,513,561170.SH,SH,xtdata.get_stock_list_in_sector
2026-07-07,2026-07-07 09:29:54,沪深ETF,514,588480.SH,SH,xtdata.get_stock_list_in_sector
2026-07-07,2026-07-07 09:29:54,沪深ETF,515,588820.SH,SH,xtdata.get_stock_list_in_sector
2026-07-07,2026-07-07 09:29:54,沪深ETF,516,517990.SH,SH,xtdata.get_stock_list_in_sector
2026-07-07,2026-07-07 09:29:54,沪深ETF,517,513260.SH,SH,xtdata.get_stock_list_in_sector
2026-07-07,2026-07-07 09:29:54,沪深ETF,518,510170.SH,SH,xtdata.get_stock_list_in_sector
2026-07-07,2026-07-07 09:29:54,沪深ETF,519,588060.SH,SH,xtdata.get_stock_list_in_sector
2026-07-07,2026-07-07 09:29:54,沪深ETF,520,561590.SH,SH,xtdata.get_stock_list_in_sector
2026-07-07,2026-07-07 09:29:54,沪深ETF,521,560310.SH,SH,xtdata.get_stock_list_in_sector
2026-07-07,2026-07-07 09:29:54,沪深ETF,522,516750.SH,SH,xtdata.get_stock_list_in_sector
2026-07-07,2026-07-07 09:29:54,沪深ETF,523,563000.SH,SH,xtdata.get_stock_list_in_sector
2026-07-07,2026-07-07 09:29:54,沪深ETF,524,588210.SH,SH,xtdata.get_stock_list_in_sector
2026-07-07,2026-07-07 09:29:54,沪深ETF,525,513850.SH,SH,xtdata.get_stock_list_in_sector
2026-07-07,2026-07-07 09:29:54,沪深ETF,526,560160.SH,SH,xtdata.get_stock_list_in_sector
2026-07-07,2026-07-07 09:29:54,沪深ETF,527,516520.SH,SH,xtdata.get_stock_list_in_sector
2026-07-07,2026-07-07 09:29:54,沪深ETF,528,515630.SH,SH,xtdata.get_stock_list_in_sector
2026-07-07,2026-07-07 09:29:54,沪深ETF,529,512690.SH,SH,xtdata.get_stock_list_in_sector
2026-07-07,2026-07-07 09:29:54,沪深ETF,530,560920.SH,SH,xtdata.get_stock_list_in_sector
2026-07-07,2026-07-07 09:29:54,沪深ETF,531,513010.SH,SH,xtdata.get_stock_list_in_sector
2026-07-07,2026-07-07 09:29:54,沪深ETF,532,510300.SH,SH,xtdata.get_stock_list_in_sector
2026-07-07,2026-07-07 09:29:54,沪深ETF,533,511580.SH,SH,xtdata.get_stock_list_in_sector
2026-07-07,2026-07-07 09:29:54,沪深ETF,534,512423.SH,SH,xtdata.get_stock_list_in_sector
2026-07-07,2026-07-07 09:29:54,沪深ETF,535,551800.SH,SH,xtdata.get_stock_list_in_sector
2026-07-07,2026-07-07 09:29:54,沪深ETF,536,515844.SH,SH,xtdata.get_stock_list_in_sector
2026-07-07,2026-07-07 09:29:54,沪深ETF,537,513650.SH,SH,xtdata.get_stock_list_in_sector
2026-07-07,2026-07-07 09:29:54,沪深ETF,538,515070.SH,SH,xtdata.get_stock_list_in_sector
2026-07-07,2026-07-07 09:29:54,沪深ETF,539,588450.SH,SH,xtdata.get_stock_list_in_sector
2026-07-07,2026-07-07 09:29:54,沪深ETF,540,512890.SH,SH,xtdata.get_stock_list_in_sector
2026-07-07,2026-07-07 09:29:54,沪深ETF,541,560720.SH,SH,xtdata.get_stock_list_in_sector
2026-07-07,2026-07-07 09:29:54,沪深ETF,542,516360.SH,SH,xtdata.get_stock_list_in_sector
2026-07-07,2026-07-07 09:29:54,沪深ETF,543,515483.SH,SH,xtdata.get_stock_list_in_sector
2026-07-07,2026-07-07 09:29:54,沪深ETF,544,515200.SH,SH,xtdata.get_stock_list_in_sector
2026-07-07,2026-07-07 09:29:54,沪深ETF,545,560550.SH,SH,xtdata.get_stock_list_in_sector
2026-07-07,2026-07-07 09:29:54,沪深ETF,546,516110.SH,SH,xtdata.get_stock_list_in_sector
2026-07-07,2026-07-07 09:29:54,沪深ETF,547,562880.SH,SH,xtdata.get_stock_list_in_sector
2026-07-07,2026-07-07 09:29:54,沪深ETF,548,516950.SH,SH,xtdata.get_stock_list_in_sector
2026-07-07,2026-07-07 09:29:54,沪深ETF,549,513880.SH,SH,xtdata.get_stock_list_in_sector
2026-07-07,2026-07-07 09:29:54,沪深ETF,550,512640.SH,SH,xtdata.get_stock_list_in_sector
2026-07-07,2026-07-07 09:29:54,沪深ETF,551,563890.SH,SH,xtdata.get_stock_list_in_sector
2026-07-07,2026-07-07 09:29:54,沪深ETF,552,512430.SH,SH,xtdata.get_stock_list_in_sector
2026-07-07,2026-07-07 09:29:54,沪深ETF,553,560733.SH,SH,xtdata.get_stock_list_in_sector
2026-07-07,2026-07-07 09:29:54,沪深ETF,554,589630.SH,SH,xtdata.get_stock_list_in_sector
2026-07-07,2026-07-07 09:29:54,沪深ETF,555,516780.SH,SH,xtdata.get_stock_list_in_sector
2026-07-07,2026-07-07 09:29:54,沪深ETF,556,517100.SH,SH,xtdata.get_stock_list_in_sector
2026-07-07,2026-07-07 09:29:54,沪深ETF,557,588390.SH,SH,xtdata.get_stock_list_in_sector
2026-07-07,2026-07-07 09:29:54,沪深ETF,558,561660.SH,SH,xtdata.get_stock_list_in_sector
2026-07-07,2026-07-07 09:29:54,沪深ETF,559,562570.SH,SH,xtdata.get_stock_list_in_sector
2026-07-07,2026-07-07 09:29:54,沪深ETF,560,513190.SH,SH,xtdata.get_stock_list_in_sector
2026-07-07,2026-07-07 09:29:54,沪深ETF,561,512710.SH,SH,xtdata.get_stock_list_in_sector
2026-07-07,2026-07-07 09:29:54,沪深ETF,562,512560.SH,SH,xtdata.get_stock_list_in_sector
2026-07-07,2026-07-07 09:29:54,沪深ETF,563,511670.SH,SH,xtdata.get_stock_list_in_sector
2026-07-07,2026-07-07 09:29:54,沪深ETF,564,520950.SH,SH,xtdata.get_stock_list_in_sector
2026-07-07,2026-07-07 09:29:54,沪深ETF,565,530060.SH,SH,xtdata.get_stock_list_in_sector
2026-07-07,2026-07-07 09:29:54,沪深ETF,566,560290.SH,SH,xtdata.get_stock_list_in_sector
2026-07-07,2026-07-07 09:29:54,沪深ETF,567,517050.SH,SH,xtdata.get_stock_list_in_sector
2026-07-07,2026-07-07 09:29:54,沪深ETF,568,562700.SH,SH,xtdata.get_stock_list_in_sector
2026-07-07,2026-07-07 09:29:54,沪深ETF,569,563180.SH,SH,xtdata.get_stock_list_in_sector
2026-07-07,2026-07-07 09:29:54,沪深ETF,570,589393.SH,SH,xtdata.get_stock_list_in_sector
2026-07-07,2026-07-07 09:29:54,沪深ETF,571,512180.SH,SH,xtdata.get_stock_list_in_sector
2026-07-07,2026-07-07 09:29:54,沪深ETF,572,513700.SH,SH,xtdata.get_stock_list_in_sector
2026-07-07,2026-07-07 09:29:54,沪深ETF,573,510410.SH,SH,xtdata.get_stock_list_in_sector
2026-07-07,2026-07-07 09:29:54,沪深ETF,574,515960.SH,SH,xtdata.get_stock_list_in_sector
2026-07-07,2026-07-07 09:29:54,沪深ETF,575,588500.SH,SH,xtdata.get_stock_list_in_sector
2026-07-07,2026-07-07 09:29:54,沪深ETF,576,516230.SH,SH,xtdata.get_stock_list_in_sector
2026-07-07,2026-07-07 09:29:54,沪深ETF,577,589380.SH,SH,xtdata.get_stock_list_in_sector
2026-07-07,2026-07-07 09:29:54,沪深ETF,578,560670.SH,SH,xtdata.get_stock_list_in_sector
2026-07-07,2026-07-07 09:29:54,沪深ETF,579,563560.SH,SH,xtdata.get_stock_list_in_sector
2026-07-07,2026-07-07 09:29:54,沪深ETF,580,515120.SH,SH,xtdata.get_stock_list_in_sector
2026-07-07,2026-07-07 09:29:54,沪深ETF,581,561403.SH,SH,xtdata.get_stock_list_in_sector
2026-07-07,2026-07-07 09:29:54,沪深ETF,582,561280.SH,SH,xtdata.get_stock_list_in_sector
2026-07-07,2026-07-07 09:29:54,沪深ETF,583,588770.SH,SH,xtdata.get_stock_list_in_sector
2026-07-07,2026-07-07 09:29:54,沪深ETF,584,560400.SH,SH,xtdata.get_stock_list_in_sector
2026-07-07,2026-07-07 09:29:54,沪深ETF,585,515350.SH,SH,xtdata.get_stock_list_in_sector
2026-07-07,2026-07-07 09:29:54,沪深ETF,586,520780.SH,SH,xtdata.get_stock_list_in_sector
2026-07-07,2026-07-07 09:29:54,沪深ETF,587,516800.SH,SH,xtdata.get_stock_list_in_sector
2026-07-07,2026-07-07 09:29:54,沪深ETF,588,510660.SH,SH,xtdata.get_stock_list_in_sector
2026-07-07,2026-07-07 09:29:54,沪深ETF,589,562550.SH,SH,xtdata.get_stock_list_in_sector
2026-07-07,2026-07-07 09:29:54,沪深ETF,590,515790.SH,SH,xtdata.get_stock_list_in_sector
2026-07-07,2026-07-07 09:29:54,沪深ETF,591,561634.SH,SH,xtdata.get_stock_list_in_sector
2026-07-07,2026-07-07 09:29:54,沪深ETF,592,517200.SH,SH,xtdata.get_stock_list_in_sector
2026-07-07,2026-07-07 09:29:54,沪深ETF,593,560880.SH,SH,xtdata.get_stock_list_in_sector
2026-07-07,2026-07-07 09:29:54,沪深ETF,594,512730.SH,SH,xtdata.get_stock_list_in_sector
2026-07-07,2026-07-07 09:29:54,沪深ETF,595,511650.SH,SH,xtdata.get_stock_list_in_sector
2026-07-07,2026-07-07 09:29:54,沪深ETF,596,530800.SH,SH,xtdata.get_stock_list_in_sector
2026-07-07,2026-07-07 09:29:54,沪深ETF,597,588980.SH,SH,xtdata.get_stock_list_in_sector
2026-07-07,2026-07-07 09:29:54,沪深ETF,598,588533.SH,SH,xtdata.get_stock_list_in_sector
2026-07-07,2026-07-07 09:29:54,沪深ETF,599,520970.SH,SH,xtdata.get_stock_list_in_sector
2026-07-07,2026-07-07 09:29:54,沪深ETF,600,561430.SH,SH,xtdata.get_stock_list_in_sector
2026-07-07,2026-07-07 09:29:54,沪深ETF,601,513720.SH,SH,xtdata.get_stock_list_in_sector
2026-07-07,2026-07-07 09:29:54,沪深ETF,602,515100.SH,SH,xtdata.get_stock_list_in_sector
2026-07-07,2026-07-07 09:29:54,沪深ETF,603,561423.SH,SH,xtdata.get_stock_list_in_sector
2026-07-07,2026-07-07 09:29:54,沪深ETF,604,588520.SH,SH,xtdata.get_stock_list_in_sector
2026-07-07,2026-07-07 09:29:54,沪深ETF,605,516210.SH,SH,xtdata.get_stock_list_in_sector
2026-07-07,2026-07-07 09:29:54,沪深ETF,606,560650.SH,SH,xtdata.get_stock_list_in_sector
2026-07-07,2026-07-07 09:29:54,沪深ETF,607,515370.SH,SH,xtdata.get_stock_list_in_sector
2026-07-07,2026-07-07 09:29:54,沪深ETF,608,511880.SH,SH,xtdata.get_stock_list_in_sector
2026-07-07,2026-07-07 09:29:54,沪深ETF,609,588750.SH,SH,xtdata.get_stock_list_in_sector
2026-07-07,2026-07-07 09:29:54,沪深ETF,610,516060.SH,SH,xtdata.get_stock_list_in_sector
2026-07-07,2026-07-07 09:29:54,沪深ETF,611,560420.SH,SH,xtdata.get_stock_list_in_sector
2026-07-07,2026-07-07 09:29:54,沪深ETF,612,589990.SH,SH,xtdata.get_stock_list_in_sector
2026-07-07,2026-07-07 09:29:54,沪深ETF,613,516820.SH,SH,xtdata.get_stock_list_in_sector
2026-07-07,2026-07-07 09:29:54,沪深ETF,614,513550.SH,SH,xtdata.get_stock_list_in_sector
2026-07-07,2026-07-07 09:29:54,沪深ETF,615,510560.SH,SH,xtdata.get_stock_list_in_sector
2026-07-07,2026-07-07 09:29:54,沪深ETF,616,515810.SH,SH,xtdata.get_stock_list_in_sector
2026-07-07,2026-07-07 09:29:54,沪深ETF,617,588470.SH,SH,xtdata.get_stock_list_in_sector
2026-07-07,2026-07-07 09:29:54,沪深ETF,618,561180.SH,SH,xtdata.get_stock_list_in_sector
2026-07-07,2026-07-07 09:29:54,沪深ETF,619,560700.SH,SH,xtdata.get_stock_list_in_sector
2026-07-07,2026-07-07 09:29:54,沪深ETF,620,517133.SH,SH,xtdata.get_stock_list_in_sector
2026-07-07,2026-07-07 09:29:54,沪深ETF,621,551060.SH,SH,xtdata.get_stock_list_in_sector
2026-07-07,2026-07-07 09:29:54,沪深ETF,622,515050.SH,SH,xtdata.get_stock_list_in_sector
2026-07-07,2026-07-07 09:29:54,沪深ETF,623,560570.SH,SH,xtdata.get_stock_list_in_sector
2026-07-07,2026-07-07 09:29:54,沪深ETF,624,589080.SH,SH,xtdata.get_stock_list_in_sector
2026-07-07,2026-07-07 09:29:54,沪深ETF,625,516130.SH,SH,xtdata.get_stock_list_in_sector
2026-07-07,2026-07-07 09:29:54,沪深ETF,626,515220.SH,SH,xtdata.get_stock_list_in_sector
2026-07-07,2026-07-07 09:29:54,沪深ETF,627,563660.SH,SH,xtdata.get_stock_list_in_sector
2026-07-07,2026-07-07 09:29:54,沪深ETF,628,513400.SH,SH,xtdata.get_stock_list_in_sector
2026-07-07,2026-07-07 09:29:54,沪深ETF,629,516970.SH,SH,xtdata.get_stock_list_in_sector
2026-07-07,2026-07-07 09:29:54,沪深ETF,630,510710.SH,SH,xtdata.get_stock_list_in_sector
2026-07-07,2026-07-07 09:29:54,沪深ETF,631,511190.SH,SH,xtdata.get_stock_list_in_sector
2026-07-07,2026-07-07 09:29:54,沪深ETF,632,560190.SH,SH,xtdata.get_stock_list_in_sector
2026-07-07,2026-07-07 09:29:54,沪深ETF,633,517350.SH,SH,xtdata.get_stock_list_in_sector
2026-07-07,2026-07-07 09:29:54,沪深ETF,634,589414.SH,SH,xtdata.get_stock_list_in_sector
2026-07-07,2026-07-07 09:29:54,沪深ETF,635,563280.SH,SH,xtdata.get_stock_list_in_sector
2026-07-07,2026-07-07 09:29:54,沪深ETF,636,512660.SH,SH,xtdata.get_stock_list_in_sector
2026-07-07,2026-07-07 09:29:54,沪深ETF,637,513290.SH,SH,xtdata.get_stock_list_in_sector
2026-07-07,2026-07-07 09:29:54,沪深ETF,638,511700.SH,SH,xtdata.get_stock_list_in_sector
2026-07-07,2026-07-07 09:29:54,沪深ETF,639,510180.SH,SH,xtdata.get_stock_list_in_sector
2026-07-07,2026-07-07 09:29:54,沪深ETF,640,561560.SH,SH,xtdata.get_stock_list_in_sector
2026-07-07,2026-07-07 09:29:54,沪深ETF,641,588090.SH,SH,xtdata.get_stock_list_in_sector
2026-07-07,2026-07-07 09:29:54,沪深ETF,642,517120.SH,SH,xtdata.get_stock_list_in_sector
2026-07-07,2026-07-07 09:29:54,沪深ETF,643,520820.SH,SH,xtdata.get_stock_list_in_sector
2026-07-07,2026-07-07 09:29:54,沪深ETF,644,515043.SH,SH,xtdata.get_stock_list_in_sector
2026-07-07,2026-07-07 09:29:54,沪深ETF,645,511900.SH,SH,xtdata.get_stock_list_in_sector
2026-07-07,2026-07-07 09:29:54,沪深ETF,646,562030.SH,SH,xtdata.get_stock_list_in_sector
2026-07-07,2026-07-07 09:29:54,沪深ETF,647,589050.SH,SH,xtdata.get_stock_list_in_sector
2026-07-07,2026-07-07 09:29:54,沪深ETF,648,561320.SH,SH,xtdata.get_stock_list_in_sector
2026-07-07,2026-07-07 09:29:54,沪深ETF,649,562870.SH,SH,xtdata.get_stock_list_in_sector
2026-07-07,2026-07-07 09:29:54,沪深ETF,650,520620.SH,SH,xtdata.get_stock_list_in_sector
2026-07-07,2026-07-07 09:29:54,沪深ETF,651,512250.SH,SH,xtdata.get_stock_list_in_sector
2026-07-07,2026-07-07 09:29:54,沪深ETF,652,510143.SH,SH,xtdata.get_stock_list_in_sector
2026-07-07,2026-07-07 09:29:54,沪深ETF,653,561910.SH,SH,xtdata.get_stock_list_in_sector
2026-07-07,2026-07-07 09:29:54,沪深ETF,654,512020.SH,SH,xtdata.get_stock_list_in_sector
2026-07-07,2026-07-07 09:29:54,沪深ETF,655,515080.SH,SH,xtdata.get_stock_list_in_sector
2026-07-07,2026-07-07 09:29:54,沪深ETF,656,516390.SH,SH,xtdata.get_stock_list_in_sector
2026-07-07,2026-07-07 09:29:54,沪深ETF,657,589220.SH,SH,xtdata.get_stock_list_in_sector
2026-07-07,2026-07-07 09:29:54,沪深ETF,658,510150.SH,SH,xtdata.get_stock_list_in_sector
2026-07-07,2026-07-07 09:29:54,沪深ETF,659,563860.SH,SH,xtdata.get_stock_list_in_sector
2026-07-07,2026-07-07 09:29:54,沪深ETF,660,588800.SH,SH,xtdata.get_stock_list_in_sector
2026-07-07,2026-07-07 09:29:54,沪深ETF,661,513240.SH,SH,xtdata.get_stock_list_in_sector
2026-07-07,2026-07-07 09:29:54,沪深ETF,662,515460.SH,SH,xtdata.get_stock_list_in_sector
2026-07-07,2026-07-07 09:29:54,沪深ETF,663,563020.SH,SH,xtdata.get_stock_list_in_sector
2026-07-07,2026-07-07 09:29:54,沪深ETF,664,510910.SH,SH,xtdata.get_stock_list_in_sector
2026-07-07,2026-07-07 09:29:54,沪深ETF,665,588040.SH,SH,xtdata.get_stock_list_in_sector
2026-07-07,2026-07-07 09:29:54,沪深ETF,666,560330.SH,SH,xtdata.get_stock_list_in_sector
2026-07-07,2026-07-07 09:29:54,沪深ETF,667,516770.SH,SH,xtdata.get_stock_list_in_sector
2026-07-07,2026-07-07 09:29:54,沪深ETF,668,517380.SH,SH,xtdata.get_stock_list_in_sector
2026-07-07,2026-07-07 09:29:54,沪深ETF,669,588230.SH,SH,xtdata.get_stock_list_in_sector
2026-07-07,2026-07-07 09:29:54,沪深ETF,670,516500.SH,SH,xtdata.get_stock_list_in_sector
2026-07-07,2026-07-07 09:29:54,沪深ETF,671,513870.SH,SH,xtdata.get_stock_list_in_sector
2026-07-07,2026-07-07 09:29:54,沪深ETF,672,510320.SH,SH,xtdata.get_stock_list_in_sector
2026-07-07,2026-07-07 09:29:54,沪深ETF,673,513030.SH,SH,xtdata.get_stock_list_in_sector
2026-07-07,2026-07-07 09:29:54,沪深ETF,674,560900.SH,SH,xtdata.get_stock_list_in_sector
2026-07-07,2026-07-07 09:29:54,沪深ETF,675,588950.SH,SH,xtdata.get_stock_list_in_sector
2026-07-07,2026-07-07 09:29:54,沪深ETF,676,513310.SH,SH,xtdata.get_stock_list_in_sector
2026-07-07,2026-07-07 09:29:54,沪深ETF,677,563930.SH,SH,xtdata.get_stock_list_in_sector
2026-07-07,2026-07-07 09:29:54,沪深ETF,678,588110.SH,SH,xtdata.get_stock_list_in_sector
2026-07-07,2026-07-07 09:29:54,沪深ETF,679,516620.SH,SH,xtdata.get_stock_list_in_sector
2026-07-07,2026-07-07 09:29:54,沪深ETF,680,560260.SH,SH,xtdata.get_stock_list_in_sector
2026-07-07,2026-07-07 09:29:54,沪深ETF,681,561494.SH,SH,xtdata.get_stock_list_in_sector
2026-07-07,2026-07-07 09:29:54,沪深ETF,682,551500.SH,SH,xtdata.get_stock_list_in_sector
2026-07-07,2026-07-07 09:29:54,沪深ETF,683,589363.SH,SH,xtdata.get_stock_list_in_sector
2026-07-07,2026-07-07 09:29:54,沪深ETF,684,515530.SH,SH,xtdata.get_stock_list_in_sector
2026-07-07,2026-07-07 09:29:54,沪深ETF,685,588360.SH,SH,xtdata.get_stock_list_in_sector
2026-07-07,2026-07-07 09:29:54,沪深ETF,686,513920.SH,SH,xtdata.get_stock_list_in_sector
2026-07-07,2026-07-07 09:29:54,沪深ETF,687,560010.SH,SH,xtdata.get_stock_list_in_sector
2026-07-07,2026-07-07 09:29:54,沪深ETF,688,563300.SH,SH,xtdata.get_stock_list_in_sector
2026-07-07,2026-07-07 09:29:54,沪深ETF,689,562580.SH,SH,xtdata.get_stock_list_in_sector
2026-07-07,2026-07-07 09:29:54,沪深ETF,690,560850.SH,SH,xtdata.get_stock_list_in_sector
2026-07-07,2026-07-07 09:29:54,沪深ETF,691,513160.SH,SH,xtdata.get_stock_list_in_sector
2026-07-07,2026-07-07 09:29:54,沪深ETF,692,510270.SH,SH,xtdata.get_stock_list_in_sector
2026-07-07,2026-07-07 09:29:54,沪深ETF,693,589100.SH,SH,xtdata.get_stock_list_in_sector
2026-07-07,2026-07-07 09:29:54,沪深ETF,694,588780.SH,SH,xtdata.get_stock_list_in_sector
2026-07-07,2026-07-07 09:29:54,沪深ETF,695,516443.SH,SH,xtdata.get_stock_list_in_sector
2026-07-07,2026-07-07 09:29:54,沪深ETF,696,511850.SH,SH,xtdata.get_stock_list_in_sector
2026-07-07,2026-07-07 09:29:54,沪深ETF,697,513580.SH,SH,xtdata.get_stock_list_in_sector
2026-07-07,2026-07-07 09:29:54,沪深ETF,698,520770.SH,SH,xtdata.get_stock_list_in_sector
2026-07-07,2026-07-07 09:29:54,沪深ETF,699,511010.SH,SH,xtdata.get_stock_list_in_sector
2026-07-07,2026-07-07 09:29:54,沪深ETF,700,562920.SH,SH,xtdata.get_stock_list_in_sector
2026-07-07,2026-07-07 09:29:54,沪深ETF,701,512170.SH,SH,xtdata.get_stock_list_in_sector
2026-07-07,2026-07-07 09:29:54,沪深ETF,702,520500.SH,SH,xtdata.get_stock_list_in_sector
2026-07-07,2026-07-07 09:29:54,沪深ETF,703,511260.SH,SH,xtdata.get_stock_list_in_sector
2026-07-07,2026-07-07 09:29:54,沪深ETF,704,515990.SH,SH,xtdata.get_stock_list_in_sector
2026-07-07,2026-07-07 09:29:54,沪深ETF,705,560680.SH,SH,xtdata.get_stock_list_in_sector
2026-07-07,2026-07-07 09:29:54,沪深ETF,706,561000.SH,SH,xtdata.get_stock_list_in_sector
2026-07-07,2026-07-07 09:29:54,沪深ETF,707,512930.SH,SH,xtdata.get_stock_list_in_sector
2026-07-07,2026-07-07 09:29:54,沪深ETF,708,562310.SH,SH,xtdata.get_stock_list_in_sector
2026-07-07,2026-07-07 09:29:54,沪深ETF,709,563590.SH,SH,xtdata.get_stock_list_in_sector
2026-07-07,2026-07-07 09:29:54,沪深ETF,710,511100.SH,SH,xtdata.get_stock_list_in_sector
2026-07-07,2026-07-07 09:29:54,沪深ETF,711,520660.SH,SH,xtdata.get_stock_list_in_sector
2026-07-07,2026-07-07 09:29:54,沪深ETF,712,589850.SH,SH,xtdata.get_stock_list_in_sector
2026-07-07,2026-07-07 09:29:54,沪深ETF,713,562070.SH,SH,xtdata.get_stock_list_in_sector
2026-07-07,2026-07-07 09:29:54,沪深ETF,714,588690.SH,SH,xtdata.get_stock_list_in_sector
2026-07-07,2026-07-07 09:29:54,沪深ETF,715,561360.SH,SH,xtdata.get_stock_list_in_sector
2026-07-07,2026-07-07 09:29:54,沪深ETF,716,589010.SH,SH,xtdata.get_stock_list_in_sector
2026-07-07,2026-07-07 09:29:54,沪深ETF,717,512820.SH,SH,xtdata.get_stock_list_in_sector
2026-07-07,2026-07-07 09:29:54,沪深ETF,718,517550.SH,SH,xtdata.get_stock_list_in_sector
2026-07-07,2026-07-07 09:29:54,沪深ETF,719,560790.SH,SH,xtdata.get_stock_list_in_sector
2026-07-07,2026-07-07 09:29:54,沪深ETF,720,589260.SH,SH,xtdata.get_stock_list_in_sector
2026-07-07,2026-07-07 09:29:54,沪深ETF,721,515880.SH,SH,xtdata.get_stock_list_in_sector
2026-07-07,2026-07-07 09:29:54,沪深ETF,722,561950.SH,SH,xtdata.get_stock_list_in_sector
2026-07-07,2026-07-07 09:29:54,沪深ETF,723,512060.SH,SH,xtdata.get_stock_list_in_sector
2026-07-07,2026-07-07 09:29:54,沪深ETF,724,563060.SH,SH,xtdata.get_stock_list_in_sector
2026-07-07,2026-07-07 09:29:54,沪深ETF,725,510950.SH,SH,xtdata.get_stock_list_in_sector
2026-07-07,2026-07-07 09:29:54,沪深ETF,726,516730.SH,SH,xtdata.get_stock_list_in_sector
2026-07-07,2026-07-07 09:29:54,沪深ETF,727,589680.SH,SH,xtdata.get_stock_list_in_sector
2026-07-07,2026-07-07 09:29:54,沪深ETF,728,560370.SH,SH,xtdata.get_stock_list_in_sector
2026-07-07,2026-07-07 09:29:54,沪深ETF,729,588000.SH,SH,xtdata.get_stock_list_in_sector
2026-07-07,2026-07-07 09:29:54,沪深ETF,730,530180.SH,SH,xtdata.get_stock_list_in_sector
2026-07-07,2026-07-07 09:29:54,沪深ETF,731,513200.SH,SH,xtdata.get_stock_list_in_sector
2026-07-07,2026-07-07 09:29:54,沪深ETF,732,588840.SH,SH,xtdata.get_stock_list_in_sector
2026-07-07,2026-07-07 09:29:54,沪深ETF,733,512480.SH,SH,xtdata.get_stock_list_in_sector
2026-07-07,2026-07-07 09:29:54,沪深ETF,734,510360.SH,SH,xtdata.get_stock_list_in_sector
2026-07-07,2026-07-07 09:29:54,沪深ETF,735,513070.SH,SH,xtdata.get_stock_list_in_sector
2026-07-07,2026-07-07 09:29:54,沪深ETF,736,563210.SH,SH,xtdata.get_stock_list_in_sector
2026-07-07,2026-07-07 09:29:54,沪深ETF,737,515650.SH,SH,xtdata.get_stock_list_in_sector
2026-07-07,2026-07-07 09:29:54,沪深ETF,738,560100.SH,SH,xtdata.get_stock_list_in_sector
2026-07-07,2026-07-07 09:29:54,沪深ETF,739,513830.SH,SH,xtdata.get_stock_list_in_sector
2026-07-07,2026-07-07 09:29:54,沪深ETF,740,561780.SH,SH,xtdata.get_stock_list_in_sector
2026-07-07,2026-07-07 09:29:54,沪深ETF,741,588270.SH,SH,xtdata.get_stock_list_in_sector
2026-07-07,2026-07-07 09:29:54,沪深ETF,742,560220.SH,SH,xtdata.get_stock_list_in_sector
2026-07-07,2026-07-07 09:29:54,沪深ETF,743,516660.SH,SH,xtdata.get_stock_list_in_sector
2026-07-07,2026-07-07 09:29:54,沪深ETF,744,588150.SH,SH,xtdata.get_stock_list_in_sector
2026-07-07,2026-07-07 09:29:54,沪深ETF,745,589323.SH,SH,xtdata.get_stock_list_in_sector
2026-07-07,2026-07-07 09:29:54,沪深ETF,746,510800.SH,SH,xtdata.get_stock_list_in_sector
2026-07-07,2026-07-07 09:29:54,沪深ETF,747,513350.SH,SH,xtdata.get_stock_list_in_sector
2026-07-07,2026-07-07 09:29:54,沪深ETF,748,588910.SH,SH,xtdata.get_stock_list_in_sector
2026-07-07,2026-07-07 09:29:54,沪深ETF,749,510040.SH,SH,xtdata.get_stock_list_in_sector
2026-07-07,2026-07-07 09:29:54,沪深ETF,750,560810.SH,SH,xtdata.get_stock_list_in_sector
2026-07-07,2026-07-07 09:29:54,沪深ETF,751,513120.SH,SH,xtdata.get_stock_list_in_sector
2026-07-07,2026-07-07 09:29:54,沪深ETF,752,510230.SH,SH,xtdata.get_stock_list_in_sector
2026-07-07,2026-07-07 09:29:54,沪深ETF,753,560050.SH,SH,xtdata.get_stock_list_in_sector
2026-07-07,2026-07-07 09:29:54,沪深ETF,754,588320.SH,SH,xtdata.get_stock_list_in_sector
2026-07-07,2026-07-07 09:29:54,沪深ETF,755,515700.SH,SH,xtdata.get_stock_list_in_sector
2026-07-07,2026-07-07 09:29:54,沪深ETF,756,520744.SH,SH,xtdata.get_stock_list_in_sector
2026-07-07,2026-07-07 09:29:54,沪深ETF,757,589900.SH,SH,xtdata.get_stock_list_in_sector
2026-07-07,2026-07-07 09:29:54,沪深ETF,758,520730.SH,SH,xtdata.get_stock_list_in_sector
2026-07-07,2026-07-07 09:29:54,沪深ETF,759,562960.SH,SH,xtdata.get_stock_list_in_sector
2026-07-07,2026-07-07 09:29:54,沪深ETF,760,561230.SH,SH,xtdata.get_stock_list_in_sector
2026-07-07,2026-07-07 09:29:54,沪深ETF,761,511810.SH,SH,xtdata.get_stock_list_in_sector
2026-07-07,2026-07-07 09:29:54,沪深ETF,762,517400.SH,SH,xtdata.get_stock_list_in_sector
2026-07-07,2026-07-07 09:29:54,沪深ETF,763,512970.SH,SH,xtdata.get_stock_list_in_sector
2026-07-07,2026-07-07 09:29:54,沪深ETF,764,589330.SH,SH,xtdata.get_stock_list_in_sector
2026-07-07,2026-07-07 09:29:54,沪深ETF,765,515190.SH,SH,xtdata.get_stock_list_in_sector
2026-07-07,2026-07-07 09:29:54,沪深ETF,766,562350.SH,SH,xtdata.get_stock_list_in_sector
2026-07-07,2026-07-07 09:29:54,沪深ETF,767,512130.SH,SH,xtdata.get_stock_list_in_sector
2026-07-07,2026-07-07 09:29:54,沪深ETF,768,561800.SH,SH,xtdata.get_stock_list_in_sector
2026-07-07,2026-07-07 09:29:54,沪深ETF,769,511220.SH,SH,xtdata.get_stock_list_in_sector
2026-07-07,2026-07-07 09:29:54,沪深ETF,770,512770.SH,SH,xtdata.get_stock_list_in_sector
2026-07-07,2026-07-07 09:29:54,沪深ETF,771,563390.SH,SH,xtdata.get_stock_list_in_sector
2026-07-07,2026-07-07 09:29:54,沪深ETF,772,562510.SH,SH,xtdata.get_stock_list_in_sector
2026-07-07,2026-07-07 09:29:54,沪深ETF,773,561600.SH,SH,xtdata.get_stock_list_in_sector
2026-07-07,2026-07-07 09:29:54,沪深ETF,774,560080.SH,SH,xtdata.get_stock_list_in_sector
2026-07-07,2026-07-07 09:29:54,沪深ETF,775,520930.SH,SH,xtdata.get_stock_list_in_sector
2026-07-07,2026-07-07 09:29:54,沪深ETF,776,561404.SH,SH,xtdata.get_stock_list_in_sector
2026-07-07,2026-07-07 09:29:54,沪深ETF,777,530000.SH,SH,xtdata.get_stock_list_in_sector
2026-07-07,2026-07-07 09:29:54,沪深ETF,778,517030.SH,SH,xtdata.get_stock_list_in_sector
2026-07-07,2026-07-07 09:29:54,沪深ETF,779,588180.SH,SH,xtdata.get_stock_list_in_sector
2026-07-07,2026-07-07 09:29:54,沪深ETF,780,589700.SH,SH,xtdata.get_stock_list_in_sector
2026-07-07,2026-07-07 09:29:54,沪深ETF,781,510090.SH,SH,xtdata.get_stock_list_in_sector
2026-07-07,2026-07-07 09:29:54,沪深ETF,782,512500.SH,SH,xtdata.get_stock_list_in_sector
2026-07-07,2026-07-07 09:29:54,沪深ETF,783,513380.SH,SH,xtdata.get_stock_list_in_sector
2026-07-07,2026-07-07 09:29:54,沪深ETF,784,562380.SH,SH,xtdata.get_stock_list_in_sector
2026-07-07,2026-07-07 09:29:54,沪深ETF,785,563500.SH,SH,xtdata.get_stock_list_in_sector
2026-07-07,2026-07-07 09:29:54,沪深ETF,786,561463.SH,SH,xtdata.get_stock_list_in_sector
2026-07-07,2026-07-07 09:29:54,沪深ETF,787,560610.SH,SH,xtdata.get_stock_list_in_sector
2026-07-07,2026-07-07 09:29:54,沪深ETF,788,516250.SH,SH,xtdata.get_stock_list_in_sector
2026-07-07,2026-07-07 09:29:54,沪深ETF,789,561090.SH,SH,xtdata.get_stock_list_in_sector
2026-07-07,2026-07-07 09:29:54,沪深ETF,790,515900.SH,SH,xtdata.get_stock_list_in_sector
2026-07-07,2026-07-07 09:29:54,沪深ETF,791,520590.SH,SH,xtdata.get_stock_list_in_sector
2026-07-07,2026-07-07 09:29:54,沪深ETF,792,510600.SH,SH,xtdata.get_stock_list_in_sector
2026-07-07,2026-07-07 09:29:54,沪深ETF,793,516860.SH,SH,xtdata.get_stock_list_in_sector
2026-07-07,2026-07-07 09:29:54,沪深ETF,794,512390.SH,SH,xtdata.get_stock_list_in_sector
2026-07-07,2026-07-07 09:29:54,沪深ETF,795,515330.SH,SH,xtdata.get_stock_list_in_sector
2026-07-07,2026-07-07 09:29:54,沪深ETF,796,563770.SH,SH,xtdata.get_stock_list_in_sector
2026-07-07,2026-07-07 09:29:54,沪深ETF,797,551300.SH,SH,xtdata.get_stock_list_in_sector
2026-07-07,2026-07-07 09:29:54,沪深ETF,798,560460.SH,SH,xtdata.get_stock_list_in_sector
2026-07-07,2026-07-07 09:29:54,沪深ETF,799,516020.SH,SH,xtdata.get_stock_list_in_sector
2026-07-07,2026-07-07 09:29:54,沪深ETF,800,589190.SH,SH,xtdata.get_stock_list_in_sector
2026-07-07,2026-07-07 09:29:54,沪深ETF,801,588710.SH,SH,xtdata.get_stock_list_in_sector
2026-07-07,2026-07-07 09:29:54,沪深ETF,802,516300.SH,SH,xtdata.get_stock_list_in_sector
2026-07-07,2026-07-07 09:29:54,沪深ETF,803,588430.SH,SH,xtdata.get_stock_list_in_sector
2026-07-07,2026-07-07 09:29:54,沪深ETF,804,515010.SH,SH,xtdata.get_stock_list_in_sector
2026-07-07,2026-07-07 09:29:54,沪深ETF,805,513630.SH,SH,xtdata.get_stock_list_in_sector
2026-07-07,2026-07-07 09:29:54,沪深ETF,806,561980.SH,SH,xtdata.get_stock_list_in_sector
2026-07-07,2026-07-07 09:29:54,沪深ETF,807,515850.SH,SH,xtdata.get_stock_list_in_sector
2026-07-07,2026-07-07 09:29:54,沪深ETF,808,516930.SH,SH,xtdata.get_stock_list_in_sector
2026-07-07,2026-07-07 09:29:54,沪深ETF,809,589880.SH,SH,xtdata.get_stock_list_in_sector
2026-07-07,2026-07-07 09:29:54,沪深ETF,810,560530.SH,SH,xtdata.get_stock_list_in_sector
2026-07-07,2026-07-07 09:29:54,沪深ETF,811,511990.SH,SH,xtdata.get_stock_list_in_sector
2026-07-07,2026-07-07 09:29:54,沪深ETF,812,563620.SH,SH,xtdata.get_stock_list_in_sector
2026-07-07,2026-07-07 09:29:54,沪深ETF,813,515260.SH,SH,xtdata.get_stock_list_in_sector
2026-07-07,2026-07-07 09:29:54,沪深ETF,814,512620.SH,SH,xtdata.get_stock_list_in_sector
2026-07-07,2026-07-07 09:29:54,沪深ETF,815,560990.SH,SH,xtdata.get_stock_list_in_sector
2026-07-07,2026-07-07 09:29:54,沪深ETF,816,561750.SH,SH,xtdata.get_stock_list_in_sector
2026-07-07,2026-07-07 09:29:54,沪深ETF,817,516590.SH,SH,xtdata.get_stock_list_in_sector
2026-07-07,2026-07-07 09:29:54,沪深ETF,818,515680.SH,SH,xtdata.get_stock_list_in_sector
2026-07-07,2026-07-07 09:29:54,沪深ETF,819,517160.SH,SH,xtdata.get_stock_list_in_sector
2026-07-07,2026-07-07 09:29:54,沪深ETF,820,520860.SH,SH,xtdata.get_stock_list_in_sector
2026-07-07,2026-07-07 09:29:54,沪深ETF,821,510980.SH,SH,xtdata.get_stock_list_in_sector
2026-07-07,2026-07-07 09:29:54,沪深ETF,822,588890.SH,SH,xtdata.get_stock_list_in_sector
2026-07-07,2026-07-07 09:29:54,沪深ETF,823,512450.SH,SH,xtdata.get_stock_list_in_sector
2026-07-07,2026-07-07 09:29:54,沪深ETF,824,512424.SH,SH,xtdata.get_stock_list_in_sector
2026-07-07,2026-07-07 09:29:54,沪深ETF,825,515843.SH,SH,xtdata.get_stock_list_in_sector
2026-07-07,2026-07-07 09:29:54,沪深ETF,826,515044.SH,SH,xtdata.get_stock_list_in_sector
2026-07-07,2026-07-07 09:29:54,沪深ETF,827,551000.SH,SH,xtdata.get_stock_list_in_sector
2026-07-07,2026-07-07 09:29:54,沪深ETF,828,515030.SH,SH,xtdata.get_stock_list_in_sector
2026-07-07,2026-07-07 09:29:54,沪深ETF,829,589290.SH,SH,xtdata.get_stock_list_in_sector
2026-07-07,2026-07-07 09:29:54,沪深ETF,830,516320.SH,SH,xtdata.get_stock_list_in_sector
2026-07-07,2026-07-07 09:29:54,沪深ETF,831,518880.SH,SH,xtdata.get_stock_list_in_sector
2026-07-07,2026-07-07 09:29:54,沪深ETF,832,588410.SH,SH,xtdata.get_stock_list_in_sector
2026-07-07,2026-07-07 09:29:54,沪深ETF,833,511380.SH,SH,xtdata.get_stock_list_in_sector
2026-07-07,2026-07-07 09:29:54,沪深ETF,834,510500.SH,SH,xtdata.get_stock_list_in_sector
2026-07-07,2026-07-07 09:29:54,沪深ETF,835,512090.SH,SH,xtdata.get_stock_list_in_sector
2026-07-07,2026-07-07 09:29:54,沪深ETF,836,510770.SH,SH,xtdata.get_stock_list_in_sector
2026-07-07,2026-07-07 09:29:54,沪深ETF,837,516910.SH,SH,xtdata.get_stock_list_in_sector
2026-07-07,2026-07-07 09:29:54,沪深ETF,838,520690.SH,SH,xtdata.get_stock_list_in_sector
2026-07-07,2026-07-07 09:29:54,沪深ETF,839,589413.SH,SH,xtdata.get_stock_list_in_sector
2026-07-07,2026-07-07 09:29:54,沪深ETF,840,562080.SH,SH,xtdata.get_stock_list_in_sector
2026-07-07,2026-07-07 09:29:54,沪深ETF,841,563600.SH,SH,xtdata.get_stock_list_in_sector
2026-07-07,2026-07-07 09:29:54,沪深ETF,842,516150.SH,SH,xtdata.get_stock_list_in_sector
2026-07-07,2026-07-07 09:29:54,沪深ETF,843,560510.SH,SH,xtdata.get_stock_list_in_sector
2026-07-07,2026-07-07 09:29:54,沪深ETF,844,588660.SH,SH,xtdata.get_stock_list_in_sector
2026-07-07,2026-07-07 09:29:54,沪深ETF,845,510390.SH,SH,xtdata.get_stock_list_in_sector
2026-07-07,2026-07-07 09:29:54,沪深ETF,846,512600.SH,SH,xtdata.get_stock_list_in_sector
2026-07-07,2026-07-07 09:29:54,沪深ETF,847,513080.SH,SH,xtdata.get_stock_list_in_sector
2026-07-07,2026-07-07 09:29:54,沪深ETF,848,588280.SH,SH,xtdata.get_stock_list_in_sector
2026-07-07,2026-07-07 09:29:54,沪深ETF,849,517330.SH,SH,xtdata.get_stock_list_in_sector
2026-07-07,2026-07-07 09:29:54,沪深ETF,850,561770.SH,SH,xtdata.get_stock_list_in_sector
2026-07-07,2026-07-07 09:29:54,沪深ETF,851,530300.SH,SH,xtdata.get_stock_list_in_sector
2026-07-07,2026-07-07 09:29:54,沪深ETF,852,563090.SH,SH,xtdata.get_stock_list_in_sector
2026-07-07,2026-07-07 09:29:54,沪深ETF,853,561500.SH,SH,xtdata.get_stock_list_in_sector
2026-07-07,2026-07-07 09:29:54,沪深ETF,854,560380.SH,SH,xtdata.get_stock_list_in_sector
2026-07-07,2026-07-07 09:29:54,沪深ETF,855,520840.SH,SH,xtdata.get_stock_list_in_sector
2026-07-07,2026-07-07 09:29:54,沪深ETF,856,517900.SH,SH,xtdata.get_stock_list_in_sector
2026-07-07,2026-07-07 09:29:54,沪深ETF,857,512750.SH,SH,xtdata.get_stock_list_in_sector
2026-07-07,2026-07-07 09:29:54,沪深ETF,858,589550.SH,SH,xtdata.get_stock_list_in_sector
2026-07-07,2026-07-07 09:29:54,沪深ETF,859,513990.SH,SH,xtdata.get_stock_list_in_sector
2026-07-07,2026-07-07 09:29:54,沪深ETF,860,562530.SH,SH,xtdata.get_stock_list_in_sector
2026-07-07,2026-07-07 09:29:54,沪深ETF,861,520910.SH,SH,xtdata.get_stock_list_in_sector
2026-07-07,2026-07-07 09:29:54,沪深ETF,862,517010.SH,SH,xtdata.get_stock_list_in_sector
2026-07-07,2026-07-07 09:29:54,沪深ETF,863,589720.SH,SH,xtdata.get_stock_list_in_sector
2026-07-07,2026-07-07 09:29:54,沪深ETF,864,515580.SH,SH,xtdata.get_stock_list_in_sector
2026-07-07,2026-07-07 09:29:54,沪深ETF,865,517850.SH,SH,xtdata.get_stock_list_in_sector
2026-07-07,2026-07-07 09:29:54,沪深ETF,866,512520.SH,SH,xtdata.get_stock_list_in_sector
2026-07-07,2026-07-07 09:29:54,沪深ETF,867,563980.SH,SH,xtdata.get_stock_list_in_sector
2026-07-07,2026-07-07 09:29:54,沪深ETF,868,588534.SH,SH,xtdata.get_stock_list_in_sector
2026-07-07,2026-07-07 09:29:54,沪深ETF,869,560630.SH,SH,xtdata.get_stock_list_in_sector
2026-07-07,2026-07-07 09:29:54,沪深ETF,870,516270.SH,SH,xtdata.get_stock_list_in_sector
2026-07-07,2026-07-07 09:29:54,沪深ETF,871,512980.SH,SH,xtdata.get_stock_list_in_sector
2026-07-07,2026-07-07 09:29:54,沪深ETF,872,515160.SH,SH,xtdata.get_stock_list_in_sector
2026-07-07,2026-07-07 09:29:54,沪深ETF,873,563520.SH,SH,xtdata.get_stock_list_in_sector
2026-07-07,2026-07-07 09:29:54,沪深ETF,874,515920.SH,SH,xtdata.get_stock_list_in_sector
2026-07-07,2026-07-07 09:29:54,沪深ETF,875,513530.SH,SH,xtdata.get_stock_list_in_sector
2026-07-07,2026-07-07 09:29:54,沪深ETF,876,516840.SH,SH,xtdata.get_stock_list_in_sector
2026-07-07,2026-07-07 09:29:54,沪深ETF,877,562990.SH,SH,xtdata.get_stock_list_in_sector
2026-07-07,2026-07-07 09:29:54,沪深ETF,878,516000.SH,SH,xtdata.get_stock_list_in_sector
2026-07-07,2026-07-07 09:29:54,沪深ETF,879,588730.SH,SH,xtdata.get_stock_list_in_sector
2026-07-07,2026-07-07 09:29:54,沪深ETF,880,515310.SH,SH,xtdata.get_stock_list_in_sector
2026-07-07,2026-07-07 09:29:54,沪深ETF,881,563750.SH,SH,xtdata.get_stock_list_in_sector
2026-07-07,2026-07-07 09:29:54,沪深ETF,882,561633.SH,SH,xtdata.get_stock_list_in_sector
2026-07-07,2026-07-07 09:29:54,沪深ETF,883,551560.SH,SH,xtdata.get_stock_list_in_sector
2026-07-07,2026-07-07 09:29:54,沪深ETF,884,515550.SH,SH,xtdata.get_stock_list_in_sector
2026-07-07,2026-07-07 09:29:54,沪深ETF,885,516640.SH,SH,xtdata.get_stock_list_in_sector
2026-07-07,2026-07-07 09:29:54,沪深ETF,886,588170.SH,SH,xtdata.get_stock_list_in_sector
2026-07-07,2026-07-07 09:29:54,沪深ETF,887,510060.SH,SH,xtdata.get_stock_list_in_sector
2026-07-07,2026-07-07 09:29:54,沪深ETF,888,517880.SH,SH,xtdata.get_stock_list_in_sector
2026-07-07,2026-07-07 09:29:54,沪深ETF,889,588930.SH,SH,xtdata.get_stock_list_in_sector
2026-07-07,2026-07-07 09:29:54,沪深ETF,890,510210.SH,SH,xtdata.get_stock_list_in_sector
2026-07-07,2026-07-07 09:29:54,沪深ETF,891,513100.SH,SH,xtdata.get_stock_list_in_sector
2026-07-07,2026-07-07 09:29:54,沪深ETF,892,560830.SH,SH,xtdata.get_stock_list_in_sector
2026-07-07,2026-07-07 09:29:54,沪深ETF,893,515720.SH,SH,xtdata.get_stock_list_in_sector
2026-07-07,2026-07-07 09:29:54,沪深ETF,894,563360.SH,SH,xtdata.get_stock_list_in_sector
2026-07-07,2026-07-07 09:29:54,沪深ETF,895,530280.SH,SH,xtdata.get_stock_list_in_sector
2026-07-07,2026-07-07 09:29:54,沪深ETF,896,560070.SH,SH,xtdata.get_stock_list_in_sector
2026-07-07,2026-07-07 09:29:54,沪深ETF,897,589580.SH,SH,xtdata.get_stock_list_in_sector
2026-07-07,2026-07-07 09:29:54,沪深ETF,898,588300.SH,SH,xtdata.get_stock_list_in_sector
2026-07-07,2026-07-07 09:29:54,沪深ETF,899,511070.SH,SH,xtdata.get_stock_list_in_sector
2026-07-07,2026-07-07 09:29:54,沪深ETF,900,512360.SH,SH,xtdata.get_stock_list_in_sector
2026-07-07,2026-07-07 09:29:54,沪深ETF,901,516890.SH,SH,xtdata.get_stock_list_in_sector
2026-07-07,2026-07-07 09:29:54,沪深ETF,902,520710.SH,SH,xtdata.get_stock_list_in_sector
2026-07-07,2026-07-07 09:29:54,沪深ETF,903,563780.SH,SH,xtdata.get_stock_list_in_sector
2026-07-07,2026-07-07 09:29:54,沪深ETF,904,511830.SH,SH,xtdata.get_stock_list_in_sector
2026-07-07,2026-07-07 09:29:54,沪深ETF,905,589160.SH,SH,xtdata.get_stock_list_in_sector
2026-07-07,2026-07-07 09:29:54,沪深ETF,906,560490.SH,SH,xtdata.get_stock_list_in_sector
2026-07-07,2026-07-07 09:29:54,沪深ETF,907,561493.SH,SH,xtdata.get_stock_list_in_sector
2026-07-07,2026-07-07 09:29:54,沪深ETF,908,512950.SH,SH,xtdata.get_stock_list_in_sector
2026-07-07,2026-07-07 09:29:54,沪深ETF,909,561060.SH,SH,xtdata.get_stock_list_in_sector
2026-07-07,2026-07-07 09:29:54,沪深ETF,910,589310.SH,SH,xtdata.get_stock_list_in_sector
2026-07-07,2026-07-07 09:29:54,沪深ETF,911,511200.SH,SH,xtdata.get_stock_list_in_sector
2026-07-07,2026-07-07 09:29:54,沪深ETF,912,520560.SH,SH,xtdata.get_stock_list_in_sector
2026-07-07,2026-07-07 09:29:54,沪深ETF,913,511120.SH,SH,xtdata.get_stock_list_in_sector
2026-07-07,2026-07-07 09:29:54,沪深ETF,914,562810.SH,SH,xtdata.get_stock_list_in_sector
2026-07-07,2026-07-07 09:29:54,沪深ETF,915,516180.SH,SH,xtdata.get_stock_list_in_sector
2026-07-07,2026-07-07 09:29:54,沪深ETF,916,589030.SH,SH,xtdata.get_stock_list_in_sector
2026-07-07,2026-07-07 09:29:54,沪深ETF,917,515290.SH,SH,xtdata.get_stock_list_in_sector
2026-07-07,2026-07-07 09:29:54,沪深ETF,918,562050.SH,SH,xtdata.get_stock_list_in_sector
2026-07-07,2026-07-07 09:29:54,沪深ETF,919,511960.SH,SH,xtdata.get_stock_list_in_sector
2026-07-07,2026-07-07 09:29:54,沪深ETF,920,561130.SH,SH,xtdata.get_stock_list_in_sector
2026-07-07,2026-07-07 09:29:54,沪深ETF,921,518850.SH,SH,xtdata.get_stock_list_in_sector
2026-07-07,2026-07-07 09:29:54,沪深ETF,922,512800.SH,SH,xtdata.get_stock_list_in_sector
2026-07-07,2026-07-07 09:29:54,沪深ETF,923,512040.SH,SH,xtdata.get_stock_list_in_sector
2026-07-07,2026-07-07 09:29:54,沪深ETF,924,520890.SH,SH,xtdata.get_stock_list_in_sector
2026-07-07,2026-07-07 09:29:54,沪深ETF,925,516710.SH,SH,xtdata.get_stock_list_in_sector
2026-07-07,2026-07-07 09:29:54,沪深ETF,926,560350.SH,SH,xtdata.get_stock_list_in_sector
2026-07-07,2026-07-07 09:29:54,沪深ETF,927,588020.SH,SH,xtdata.get_stock_list_in_sector
2026-07-07,2026-07-07 09:29:54,沪深ETF,928,515400.SH,SH,xtdata.get_stock_list_in_sector
2026-07-07,2026-07-07 09:29:54,沪深ETF,929,513220.SH,SH,xtdata.get_stock_list_in_sector
2026-07-07,2026-07-07 09:29:54,沪深ETF,930,588860.SH,SH,xtdata.get_stock_list_in_sector
2026-07-07,2026-07-07 09:29:54,沪深ETF,931,563800.SH,SH,xtdata.get_stock_list_in_sector
2026-07-07,2026-07-07 09:29:54,沪深ETF,932,510130.SH,SH,xtdata.get_stock_list_in_sector
2026-07-07,2026-07-07 09:29:54,沪深ETF,933,513050.SH,SH,xtdata.get_stock_list_in_sector
2026-07-07,2026-07-07 09:29:54,沪深ETF,934,518680.SH,SH,xtdata.get_stock_list_in_sector
2026-07-07,2026-07-07 09:29:54,沪深ETF,935,513810.SH,SH,xtdata.get_stock_list_in_sector
2026-07-07,2026-07-07 09:29:54,沪深ETF,936,516560.SH,SH,xtdata.get_stock_list_in_sector
2026-07-07,2026-07-07 09:29:54,沪深ETF,937,560120.SH,SH,xtdata.get_stock_list_in_sector
2026-07-07,2026-07-07 09:29:54,沪深ETF,938,588250.SH,SH,xtdata.get_stock_list_in_sector
2026-07-07,2026-07-07 09:29:54,沪深ETF,939,563230.SH,SH,xtdata.get_stock_list_in_sector
2026-07-07,2026-07-07 09:29:54,沪深ETF,940,159960.SZ,SZ,xtdata.get_stock_list_in_sector
2026-07-07,2026-07-07 09:29:54,沪深ETF,941,159056.SZ,SZ,xtdata.get_stock_list_in_sector
2026-07-07,2026-07-07 09:29:54,沪深ETF,942,159022.SZ,SZ,xtdata.get_stock_list_in_sector
2026-07-07,2026-07-07 09:29:54,沪深ETF,943,159120.SZ,SZ,xtdata.get_stock_list_in_sector
2026-07-07,2026-07-07 09:29:54,沪深ETF,944,159816.SZ,SZ,xtdata.get_stock_list_in_sector
2026-07-07,2026-07-07 09:29:54,沪深ETF,945,159862.SZ,SZ,xtdata.get_stock_list_in_sector
2026-07-07,2026-07-07 09:29:54,沪深ETF,946,159350.SZ,SZ,xtdata.get_stock_list_in_sector
2026-07-07,2026-07-07 09:29:54,沪深ETF,947,159226.SZ,SZ,xtdata.get_stock_list_in_sector
2026-07-07,2026-07-07 09:29:54,沪深ETF,948,159649.SZ,SZ,xtdata.get_stock_list_in_sector
2026-07-07,2026-07-07 09:29:54,沪深ETF,949,159337.SZ,SZ,xtdata.get_stock_list_in_sector
2026-07-07,2026-07-07 09:29:54,沪深ETF,950,159758.SZ,SZ,xtdata.get_stock_list_in_sector
2026-07-07,2026-07-07 09:29:54,沪深ETF,951,159235.SZ,SZ,xtdata.get_stock_list_in_sector
2026-07-07,2026-07-07 09:29:54,沪深ETF,952,159241.SZ,SZ,xtdata.get_stock_list_in_sector
2026-07-07,2026-07-07 09:29:54,沪深ETF,953,159045.SZ,SZ,xtdata.get_stock_list_in_sector
2026-07-07,2026-07-07 09:29:54,沪深ETF,954,159031.SZ,SZ,xtdata.get_stock_list_in_sector
2026-07-07,2026-07-07 09:29:54,沪深ETF,955,159907.SZ,SZ,xtdata.get_stock_list_in_sector
2026-07-07,2026-07-07 09:29:54,沪深ETF,956,159973.SZ,SZ,xtdata.get_stock_list_in_sector
2026-07-07,2026-07-07 09:29:54,沪深ETF,957,159805.SZ,SZ,xtdata.get_stock_list_in_sector
2026-07-07,2026-07-07 09:29:54,沪深ETF,958,159871.SZ,SZ,xtdata.get_stock_list_in_sector
2026-07-07,2026-07-07 09:29:54,沪深ETF,959,159147.SZ,SZ,xtdata.get_stock_list_in_sector
2026-07-07,2026-07-07 09:29:54,沪深ETF,960,159133.SZ,SZ,xtdata.get_stock_list_in_sector
2026-07-07,2026-07-07 09:29:54,沪深ETF,961,159528.SZ,SZ,xtdata.get_stock_list_in_sector
2026-07-07,2026-07-07 09:29:54,沪深ETF,962,159899.SZ,SZ,xtdata.get_stock_list_in_sector
2026-07-07,2026-07-07 09:29:54,沪深ETF,963,159213.SZ,SZ,xtdata.get_stock_list_in_sector
2026-07-07,2026-07-07 09:29:54,沪深ETF,964,159608.SZ,SZ,xtdata.get_stock_list_in_sector
2026-07-07,2026-07-07 09:29:54,沪深ETF,965,159267.SZ,SZ,xtdata.get_stock_list_in_sector
2026-07-07,2026-07-07 09:29:54,沪深ETF,966,159796.SZ,SZ,xtdata.get_stock_list_in_sector
2026-07-07,2026-07-07 09:29:54,沪深ETF,967,159311.SZ,SZ,xtdata.get_stock_list_in_sector
2026-07-07,2026-07-07 09:29:54,沪深ETF,968,159365.SZ,SZ,xtdata.get_stock_list_in_sector
2026-07-07,2026-07-07 09:29:54,沪深ETF,969,159189.SZ,SZ,xtdata.get_stock_list_in_sector
2026-07-07,2026-07-07 09:29:54,沪深ETF,970,159592.SZ,SZ,xtdata.get_stock_list_in_sector
2026-07-07,2026-07-07 09:29:54,沪深ETF,971,159857.SZ,SZ,xtdata.get_stock_list_in_sector
2026-07-07,2026-07-07 09:29:54,沪深ETF,972,159161.SZ,SZ,xtdata.get_stock_list_in_sector
2026-07-07,2026-07-07 09:29:54,沪深ETF,973,159115.SZ,SZ,xtdata.get_stock_list_in_sector
2026-07-07,2026-07-07 09:29:54,沪深ETF,974,159063.SZ,SZ,xtdata.get_stock_list_in_sector
2026-07-07,2026-07-07 09:29:54,沪深ETF,975,159017.SZ,SZ,xtdata.get_stock_list_in_sector
2026-07-07,2026-07-07 09:29:54,沪深ETF,976,159569.SZ,SZ,xtdata.get_stock_list_in_sector
2026-07-07,2026-07-07 09:29:54,沪深ETF,977,159172.SZ,SZ,xtdata.get_stock_list_in_sector
2026-07-07,2026-07-07 09:29:54,沪深ETF,978,159106.SZ,SZ,xtdata.get_stock_list_in_sector
2026-07-07,2026-07-07 09:29:54,沪深ETF,979,159581.SZ,SZ,xtdata.get_stock_list_in_sector
2026-07-07,2026-07-07 09:29:54,沪深ETF,980,159830.SZ,SZ,xtdata.get_stock_list_in_sector
2026-07-07,2026-07-07 09:29:54,沪深ETF,981,159098.SZ,SZ,xtdata.get_stock_list_in_sector
2026-07-07,2026-07-07 09:29:54,沪深ETF,982,159070.SZ,SZ,xtdata.get_stock_list_in_sector
2026-07-07,2026-07-07 09:29:54,沪深ETF,983,159687.SZ,SZ,xtdata.get_stock_list_in_sector
2026-07-07,2026-07-07 09:29:54,沪深ETF,984,159200.SZ,SZ,xtdata.get_stock_list_in_sector
2026-07-07,2026-07-07 09:29:54,沪深ETF,985,159302.SZ,SZ,xtdata.get_stock_list_in_sector
2026-07-07,2026-07-07 09:29:54,沪深ETF,986,159719.SZ,SZ,xtdata.get_stock_list_in_sector
2026-07-07,2026-07-07 09:29:54,沪深ETF,987,159376.SZ,SZ,xtdata.get_stock_list_in_sector
2026-07-07,2026-07-07 09:29:54,沪深ETF,988,159536.SZ,SZ,xtdata.get_stock_list_in_sector
2026-07-07,2026-07-07 09:29:54,沪深ETF,989,159887.SZ,SZ,xtdata.get_stock_list_in_sector
2026-07-07,2026-07-07 09:29:54,沪深ETF,990,159159.SZ,SZ,xtdata.get_stock_list_in_sector
2026-07-07,2026-07-07 09:29:54,沪深ETF,991,159542.SZ,SZ,xtdata.get_stock_list_in_sector
2026-07-07,2026-07-07 09:29:54,沪深ETF,992,159985.SZ,SZ,xtdata.get_stock_list_in_sector
2026-07-07,2026-07-07 09:29:54,沪深ETF,993,159919.SZ,SZ,xtdata.get_stock_list_in_sector
2026-07-07,2026-07-07 09:29:54,沪深ETF,994,159630.SZ,SZ,xtdata.get_stock_list_in_sector
2026-07-07,2026-07-07 09:29:54,沪深ETF,995,159732.SZ,SZ,xtdata.get_stock_list_in_sector
2026-07-07,2026-07-07 09:29:54,沪深ETF,996,159329.SZ,SZ,xtdata.get_stock_list_in_sector
2026-07-07,2026-07-07 09:29:54,沪深ETF,997,159657.SZ,SZ,xtdata.get_stock_list_in_sector
2026-07-07,2026-07-07 09:29:54,沪深ETF,998,159623.SZ,SZ,xtdata.get_stock_list_in_sector
2026-07-07,2026-07-07 09:29:54,沪深ETF,999,159238.SZ,SZ,xtdata.get_stock_list_in_sector
2026-07-07,2026-07-07 09:29:54,沪深ETF,1000,159755.SZ,SZ,xtdata.get_stock_list_in_sector
2026-07-07,2026-07-07 09:29:54,沪深ETF,1001,159721.SZ,SZ,xtdata.get_stock_list_in_sector
2026-07-07,2026-07-07 09:29:54,沪深ETF,1002,159525.SZ,SZ,xtdata.get_stock_list_in_sector
2026-07-07,2026-07-07 09:29:54,沪深ETF,1003,159551.SZ,SZ,xtdata.get_stock_list_in_sector
2026-07-07,2026-07-07 09:29:54,沪深ETF,1004,159808.SZ,SZ,xtdata.get_stock_list_in_sector
2026-07-07,2026-07-07 09:29:54,沪深ETF,1005,159996.SZ,SZ,xtdata.get_stock_list_in_sector
2026-07-07,2026-07-07 09:29:54,沪深ETF,1006,159048.SZ,SZ,xtdata.get_stock_list_in_sector
2026-07-07,2026-07-07 09:29:54,沪深ETF,1007,159368.SZ,SZ,xtdata.get_stock_list_in_sector
2026-07-07,2026-07-07 09:29:54,沪深ETF,1008,159773.SZ,SZ,xtdata.get_stock_list_in_sector
2026-07-07,2026-07-07 09:29:54,沪深ETF,1009,159707.SZ,SZ,xtdata.get_stock_list_in_sector
2026-07-07,2026-07-07 09:29:54,沪深ETF,1010,159380.SZ,SZ,xtdata.get_stock_list_in_sector
2026-07-07,2026-07-07 09:29:54,沪深ETF,1011,159699.SZ,SZ,xtdata.get_stock_list_in_sector
2026-07-07,2026-07-07 09:29:54,沪深ETF,1012,159671.SZ,SZ,xtdata.get_stock_list_in_sector
2026-07-07,2026-07-07 09:29:54,沪深ETF,1013,159605.SZ,SZ,xtdata.get_stock_list_in_sector
2026-07-07,2026-07-07 09:29:54,沪深ETF,1014,159958.SZ,SZ,xtdata.get_stock_list_in_sector
2026-07-07,2026-07-07 09:29:54,沪深ETF,1015,159086.SZ,SZ,xtdata.get_stock_list_in_sector
2026-07-07,2026-07-07 09:29:54,沪深ETF,1016,159118.SZ,SZ,xtdata.get_stock_list_in_sector
2026-07-07,2026-07-07 09:29:54,沪深ETF,1017,159577.SZ,SZ,xtdata.get_stock_list_in_sector
2026-07-07,2026-07-07 09:29:54,沪深ETF,1018,159009.SZ,SZ,xtdata.get_stock_list_in_sector
2026-07-07,2026-07-07 09:29:54,沪深ETF,1019,159849.SZ,SZ,xtdata.get_stock_list_in_sector
2026-07-07,2026-07-07 09:29:54,沪深ETF,1020,159197.SZ,SZ,xtdata.get_stock_list_in_sector
2026-07-07,2026-07-07 09:29:54,沪深ETF,1021,159510.SZ,SZ,xtdata.get_stock_list_in_sector
2026-07-07,2026-07-07 09:29:54,沪深ETF,1022,159788.SZ,SZ,xtdata.get_stock_list_in_sector
2026-07-07,2026-07-07 09:29:54,沪深ETF,1023,159393.SZ,SZ,xtdata.get_stock_list_in_sector
2026-07-07,2026-07-07 09:29:54,沪深ETF,1024,159760.SZ,SZ,xtdata.get_stock_list_in_sector
2026-07-07,2026-07-07 09:29:54,沪深ETF,1025,159279.SZ,SZ,xtdata.get_stock_list_in_sector
2026-07-07,2026-07-07 09:29:54,沪深ETF,1026,159662.SZ,SZ,xtdata.get_stock_list_in_sector
2026-07-07,2026-07-07 09:29:54,沪深ETF,1027,159616.SZ,SZ,xtdata.get_stock_list_in_sector
2026-07-07,2026-07-07 09:29:54,沪深ETF,1028,159291.SZ,SZ,xtdata.get_stock_list_in_sector
2026-07-07,2026-07-07 09:29:54,沪深ETF,1029,159651.SZ,SZ,xtdata.get_stock_list_in_sector
2026-07-07,2026-07-07 09:29:54,沪深ETF,1030,159625.SZ,SZ,xtdata.get_stock_list_in_sector
2026-07-07,2026-07-07 09:29:54,沪深ETF,1031,159138.SZ,SZ,xtdata.get_stock_list_in_sector
2026-07-07,2026-07-07 09:29:54,沪深ETF,1032,159523.SZ,SZ,xtdata.get_stock_list_in_sector
2026-07-07,2026-07-07 09:29:54,沪深ETF,1033,159892.SZ,SZ,xtdata.get_stock_list_in_sector
2026-07-07,2026-07-07 09:29:54,沪深ETF,1034,159557.SZ,SZ,xtdata.get_stock_list_in_sector
2026-07-07,2026-07-07 09:29:54,沪深ETF,1035,159029.SZ,SZ,xtdata.get_stock_list_in_sector
2026-07-07,2026-07-07 09:29:54,沪深ETF,1036,159530.SZ,SZ,xtdata.get_stock_list_in_sector
2026-07-07,2026-07-07 09:29:54,沪深ETF,1037,159881.SZ,SZ,xtdata.get_stock_list_in_sector
2026-07-07,2026-07-07 09:29:54,沪深ETF,1038,159869.SZ,SZ,xtdata.get_stock_list_in_sector
2026-07-07,2026-07-07 09:29:54,沪深ETF,1039,159740.SZ,SZ,xtdata.get_stock_list_in_sector
2026-07-07,2026-07-07 09:29:54,沪深ETF,1040,159642.SZ,SZ,xtdata.get_stock_list_in_sector
2026-07-07,2026-07-07 09:29:54,沪深ETF,1041,159259.SZ,SZ,xtdata.get_stock_list_in_sector
2026-07-07,2026-07-07 09:29:54,沪深ETF,1042,159636.SZ,SZ,xtdata.get_stock_list_in_sector
2026-07-07,2026-07-07 09:29:54,沪深ETF,1043,159516.SZ,SZ,xtdata.get_stock_list_in_sector
2026-07-07,2026-07-07 09:29:54,沪深ETF,1044,159562.SZ,SZ,xtdata.get_stock_list_in_sector
2026-07-07,2026-07-07 09:29:54,沪深ETF,1045,159179.SZ,SZ,xtdata.get_stock_list_in_sector
2026-07-07,2026-07-07 09:29:54,沪深ETF,1046,159191.SZ,SZ,xtdata.get_stock_list_in_sector
2026-07-07,2026-07-07 09:29:54,沪深ETF,1047,159939.SZ,SZ,xtdata.get_stock_list_in_sector
2026-07-07,2026-07-07 09:29:54,沪深ETF,1048,159093.SZ,SZ,xtdata.get_stock_list_in_sector
2026-07-07,2026-07-07 09:29:54,沪深ETF,1049,159297.SZ,SZ,xtdata.get_stock_list_in_sector
2026-07-07,2026-07-07 09:29:54,沪深ETF,1050,159610.SZ,SZ,xtdata.get_stock_list_in_sector
2026-07-07,2026-07-07 09:29:54,沪深ETF,1051,159766.SZ,SZ,xtdata.get_stock_list_in_sector
2026-07-07,2026-07-07 09:29:54,沪深ETF,1052,159309.SZ,SZ,xtdata.get_stock_list_in_sector
2026-07-07,2026-07-07 09:29:54,沪深ETF,1053,159712.SZ,SZ,xtdata.get_stock_list_in_sector
2026-07-07,2026-07-07 09:29:54,沪深ETF,1054,159395.SZ,SZ,xtdata.get_stock_list_in_sector
2026-07-07,2026-07-07 09:29:54,沪深ETF,1055,159677.SZ,SZ,xtdata.get_stock_list_in_sector
2026-07-07,2026-07-07 09:29:54,沪深ETF,1056,159218.SZ,SZ,xtdata.get_stock_list_in_sector
2026-07-07,2026-07-07 09:29:54,沪深ETF,1057,159603.SZ,SZ,xtdata.get_stock_list_in_sector
2026-07-07,2026-07-07 09:29:54,沪深ETF,1058,159386.SZ,SZ,xtdata.get_stock_list_in_sector
2026-07-07,2026-07-07 09:29:54,沪深ETF,1059,159775.SZ,SZ,xtdata.get_stock_list_in_sector
2026-07-07,2026-07-07 09:29:54,沪深ETF,1060,159701.SZ,SZ,xtdata.get_stock_list_in_sector
2026-07-07,2026-07-07 09:29:54,沪深ETF,1061,159182.SZ,SZ,xtdata.get_stock_list_in_sector
2026-07-07,2026-07-07 09:29:54,沪深ETF,1062,159599.SZ,SZ,xtdata.get_stock_list_in_sector
2026-07-07,2026-07-07 09:29:54,沪深ETF,1063,159828.SZ,SZ,xtdata.get_stock_list_in_sector
2026-07-07,2026-07-07 09:29:54,沪深ETF,1064,159505.SZ,SZ,xtdata.get_stock_list_in_sector
2026-07-07,2026-07-07 09:29:54,沪深ETF,1065,159571.SZ,SZ,xtdata.get_stock_list_in_sector
2026-07-07,2026-07-07 09:29:54,沪深ETF,1066,159628.SZ,SZ,xtdata.get_stock_list_in_sector
2026-07-07,2026-07-07 09:29:54,沪深ETF,1067,159233.SZ,SZ,xtdata.get_stock_list_in_sector
2026-07-07,2026-07-07 09:29:54,沪深ETF,1068,159247.SZ,SZ,xtdata.get_stock_list_in_sector
2026-07-07,2026-07-07 09:29:54,沪深ETF,1069,159331.SZ,SZ,xtdata.get_stock_list_in_sector
2026-07-07,2026-07-07 09:29:54,沪深ETF,1070,159141.SZ,SZ,xtdata.get_stock_list_in_sector
2026-07-07,2026-07-07 09:29:54,沪深ETF,1071,159135.SZ,SZ,xtdata.get_stock_list_in_sector
2026-07-07,2026-07-07 09:29:54,沪深ETF,1072,159877.SZ,SZ,xtdata.get_stock_list_in_sector
2026-07-07,2026-07-07 09:29:54,沪深ETF,1073,159901.SZ,SZ,xtdata.get_stock_list_in_sector
2026-07-07,2026-07-07 09:29:54,沪深ETF,1074,159975.SZ,SZ,xtdata.get_stock_list_in_sector
2026-07-07,2026-07-07 09:29:54,沪深ETF,1075,159043.SZ,SZ,xtdata.get_stock_list_in_sector
2026-07-07,2026-07-07 09:29:54,沪深ETF,1076,159037.SZ,SZ,xtdata.get_stock_list_in_sector
2026-07-07,2026-07-07 09:29:54,沪深ETF,1077,159810.SZ,SZ,xtdata.get_stock_list_in_sector
2026-07-07,2026-07-07 09:29:54,沪深ETF,1078,159864.SZ,SZ,xtdata.get_stock_list_in_sector
2026-07-07,2026-07-07 09:29:54,沪深ETF,1079,159152.SZ,SZ,xtdata.get_stock_list_in_sector
2026-07-07,2026-07-07 09:29:54,沪深ETF,1080,159549.SZ,SZ,xtdata.get_stock_list_in_sector
2026-07-07,2026-07-07 09:29:54,沪深ETF,1081,159126.SZ,SZ,xtdata.get_stock_list_in_sector
2026-07-07,2026-07-07 09:29:54,沪深ETF,1082,159050.SZ,SZ,xtdata.get_stock_list_in_sector
2026-07-07,2026-07-07 09:29:54,沪深ETF,1083,159912.SZ,SZ,xtdata.get_stock_list_in_sector
2026-07-07,2026-07-07 09:29:54,沪深ETF,1084,159966.SZ,SZ,xtdata.get_stock_list_in_sector
2026-07-07,2026-07-07 09:29:54,沪深ETF,1085,159220.SZ,SZ,xtdata.get_stock_list_in_sector
2026-07-07,2026-07-07 09:29:54,沪深ETF,1086,159739.SZ,SZ,xtdata.get_stock_list_in_sector
2026-07-07,2026-07-07 09:29:54,沪深ETF,1087,159322.SZ,SZ,xtdata.get_stock_list_in_sector
2026-07-07,2026-07-07 09:29:54,沪深ETF,1088,159356.SZ,SZ,xtdata.get_stock_list_in_sector
2026-07-07,2026-07-07 09:29:54,沪深ETF,1089,159934.SZ,SZ,xtdata.get_stock_list_in_sector
2026-07-07,2026-07-07 09:29:54,沪深ETF,1090,159940.SZ,SZ,xtdata.get_stock_list_in_sector
2026-07-07,2026-07-07 09:29:54,沪深ETF,1091,159587.SZ,SZ,xtdata.get_stock_list_in_sector
2026-07-07,2026-07-07 09:29:54,沪深ETF,1092,159836.SZ,SZ,xtdata.get_stock_list_in_sector
2026-07-07,2026-07-07 09:29:54,沪深ETF,1093,159842.SZ,SZ,xtdata.get_stock_list_in_sector
2026-07-07,2026-07-07 09:29:54,沪深ETF,1094,159100.SZ,SZ,xtdata.get_stock_list_in_sector
2026-07-07,2026-07-07 09:29:54,沪深ETF,1095,159783.SZ,SZ,xtdata.get_stock_list_in_sector
2026-07-07,2026-07-07 09:29:54,沪深ETF,1096,159398.SZ,SZ,xtdata.get_stock_list_in_sector
2026-07-07,2026-07-07 09:29:54,沪深ETF,1097,159370.SZ,SZ,xtdata.get_stock_list_in_sector
2026-07-07,2026-07-07 09:29:54,沪深ETF,1098,159206.SZ,SZ,xtdata.get_stock_list_in_sector
2026-07-07,2026-07-07 09:29:54,沪深ETF,1099,159272.SZ,SZ,xtdata.get_stock_list_in_sector
2026-07-07,2026-07-07 09:29:54,沪深ETF,1100,159669.SZ,SZ,xtdata.get_stock_list_in_sector
2026-07-07,2026-07-07 09:29:54,沪深ETF,1101,159681.SZ,SZ,xtdata.get_stock_list_in_sector
2026-07-07,2026-07-07 09:29:54,沪深ETF,1102,159363.SZ,SZ,xtdata.get_stock_list_in_sector
2026-07-07,2026-07-07 09:29:54,沪深ETF,1103,159778.SZ,SZ,xtdata.get_stock_list_in_sector
2026-07-07,2026-07-07 09:29:54,沪深ETF,1104,159790.SZ,SZ,xtdata.get_stock_list_in_sector
2026-07-07,2026-07-07 09:29:54,沪深ETF,1105,159692.SZ,SZ,xtdata.get_stock_list_in_sector
2026-07-07,2026-07-07 09:29:54,沪深ETF,1106,159289.SZ,SZ,xtdata.get_stock_list_in_sector
2026-07-07,2026-07-07 09:29:54,沪深ETF,1107,159215.SZ,SZ,xtdata.get_stock_list_in_sector
2026-07-07,2026-07-07 09:29:54,沪深ETF,1108,159261.SZ,SZ,xtdata.get_stock_list_in_sector
2026-07-07,2026-07-07 09:29:54,沪深ETF,1109,159065.SZ,SZ,xtdata.get_stock_list_in_sector
2026-07-07,2026-07-07 09:29:54,沪深ETF,1110,159011.SZ,SZ,xtdata.get_stock_list_in_sector
2026-07-07,2026-07-07 09:29:54,沪深ETF,1111,159167.SZ,SZ,xtdata.get_stock_list_in_sector
2026-07-07,2026-07-07 09:29:54,沪深ETF,1112,159508.SZ,SZ,xtdata.get_stock_list_in_sector
2026-07-07,2026-07-07 09:29:54,沪深ETF,1113,159113.SZ,SZ,xtdata.get_stock_list_in_sector
2026-07-07,2026-07-07 09:29:54,沪深ETF,1114,159825.SZ,SZ,xtdata.get_stock_list_in_sector
2026-07-07,2026-07-07 09:29:54,沪深ETF,1115,159851.SZ,SZ,xtdata.get_stock_list_in_sector
2026-07-07,2026-07-07 09:29:54,沪深ETF,1116,159371.SZ,SZ,xtdata.get_stock_list_in_sector
2026-07-07,2026-07-07 09:29:54,沪深ETF,1117,159305.SZ,SZ,xtdata.get_stock_list_in_sector
2026-07-07,2026-07-07 09:29:54,沪深ETF,1118,159399.SZ,SZ,xtdata.get_stock_list_in_sector
2026-07-07,2026-07-07 09:29:54,沪深ETF,1119,159782.SZ,SZ,xtdata.get_stock_list_in_sector
2026-07-07,2026-07-07 09:29:54,沪深ETF,1120,159680.SZ,SZ,xtdata.get_stock_list_in_sector
2026-07-07,2026-07-07 09:29:54,沪深ETF,1121,158000.SZ,SZ,xtdata.get_stock_list_in_sector
2026-07-07,2026-07-07 09:29:54,沪深ETF,1122,159273.SZ,SZ,xtdata.get_stock_list_in_sector
2026-07-07,2026-07-07 09:29:54,沪深ETF,1123,159207.SZ,SZ,xtdata.get_stock_list_in_sector
2026-07-07,2026-07-07 09:29:54,沪深ETF,1124,159941.SZ,SZ,xtdata.get_stock_list_in_sector
2026-07-07,2026-07-07 09:29:54,沪深ETF,1125,159935.SZ,SZ,xtdata.get_stock_list_in_sector
2026-07-07,2026-07-07 09:29:54,沪深ETF,1126,159003.SZ,SZ,xtdata.get_stock_list_in_sector
2026-07-07,2026-07-07 09:29:54,沪深ETF,1127,159077.SZ,SZ,xtdata.get_stock_list_in_sector
2026-07-07,2026-07-07 09:29:54,沪深ETF,1128,159101.SZ,SZ,xtdata.get_stock_list_in_sector
2026-07-07,2026-07-07 09:29:54,沪深ETF,1129,159175.SZ,SZ,xtdata.get_stock_list_in_sector
2026-07-07,2026-07-07 09:29:54,沪深ETF,1130,159843.SZ,SZ,xtdata.get_stock_list_in_sector
2026-07-07,2026-07-07 09:29:54,沪深ETF,1131,159586.SZ,SZ,xtdata.get_stock_list_in_sector
2026-07-07,2026-07-07 09:29:54,沪深ETF,1132,159837.SZ,SZ,xtdata.get_stock_list_in_sector
2026-07-07,2026-07-07 09:29:54,沪深ETF,1133,159010.SZ,SZ,xtdata.get_stock_list_in_sector
2026-07-07,2026-07-07 09:29:54,沪深ETF,1134,159952.SZ,SZ,xtdata.get_stock_list_in_sector
2026-07-07,2026-07-07 09:29:54,沪深ETF,1135,159850.SZ,SZ,xtdata.get_stock_list_in_sector
2026-07-07,2026-07-07 09:29:54,沪深ETF,1136,159595.SZ,SZ,xtdata.get_stock_list_in_sector
2026-07-07,2026-07-07 09:29:54,沪深ETF,1137,159824.SZ,SZ,xtdata.get_stock_list_in_sector
2026-07-07,2026-07-07 09:29:54,沪深ETF,1138,159112.SZ,SZ,xtdata.get_stock_list_in_sector
2026-07-07,2026-07-07 09:29:54,沪深ETF,1139,159509.SZ,SZ,xtdata.get_stock_list_in_sector
2026-07-07,2026-07-07 09:29:54,沪深ETF,1140,159166.SZ,SZ,xtdata.get_stock_list_in_sector
2026-07-07,2026-07-07 09:29:54,沪深ETF,1141,159791.SZ,SZ,xtdata.get_stock_list_in_sector
2026-07-07,2026-07-07 09:29:54,沪深ETF,1142,159779.SZ,SZ,xtdata.get_stock_list_in_sector
2026-07-07,2026-07-07 09:29:54,沪深ETF,1143,159362.SZ,SZ,xtdata.get_stock_list_in_sector
2026-07-07,2026-07-07 09:29:54,沪深ETF,1144,159316.SZ,SZ,xtdata.get_stock_list_in_sector
2026-07-07,2026-07-07 09:29:54,沪深ETF,1145,159260.SZ,SZ,xtdata.get_stock_list_in_sector
2026-07-07,2026-07-07 09:29:54,沪深ETF,1146,159288.SZ,SZ,xtdata.get_stock_list_in_sector
2026-07-07,2026-07-07 09:29:54,沪深ETF,1147,159876.SZ,SZ,xtdata.get_stock_list_in_sector
2026-07-07,2026-07-07 09:29:54,沪深ETF,1148,159140.SZ,SZ,xtdata.get_stock_list_in_sector
2026-07-07,2026-07-07 09:29:54,沪深ETF,1149,159036.SZ,SZ,xtdata.get_stock_list_in_sector
2026-07-07,2026-07-07 09:29:54,沪深ETF,1150,159042.SZ,SZ,xtdata.get_stock_list_in_sector
2026-07-07,2026-07-07 09:29:54,沪深ETF,1151,159974.SZ,SZ,xtdata.get_stock_list_in_sector
2026-07-07,2026-07-07 09:29:54,沪深ETF,1152,159246.SZ,SZ,xtdata.get_stock_list_in_sector
2026-07-07,2026-07-07 09:29:54,沪深ETF,1153,159232.SZ,SZ,xtdata.get_stock_list_in_sector
2026-07-07,2026-07-07 09:29:54,沪深ETF,1154,159629.SZ,SZ,xtdata.get_stock_list_in_sector
2026-07-07,2026-07-07 09:29:54,沪深ETF,1155,159330.SZ,SZ,xtdata.get_stock_list_in_sector
2026-07-07,2026-07-07 09:29:54,沪深ETF,1156,159255.SZ,SZ,xtdata.get_stock_list_in_sector
2026-07-07,2026-07-07 09:29:54,沪深ETF,1157,159221.SZ,SZ,xtdata.get_stock_list_in_sector
2026-07-07,2026-07-07 09:29:54,沪深ETF,1158,159357.SZ,SZ,xtdata.get_stock_list_in_sector
2026-07-07,2026-07-07 09:29:54,沪深ETF,1159,159323.SZ,SZ,xtdata.get_stock_list_in_sector
2026-07-07,2026-07-07 09:29:54,沪深ETF,1160,159738.SZ,SZ,xtdata.get_stock_list_in_sector
2026-07-07,2026-07-07 09:29:54,沪深ETF,1161,159127.SZ,SZ,xtdata.get_stock_list_in_sector
2026-07-07,2026-07-07 09:29:54,沪深ETF,1162,159153.SZ,SZ,xtdata.get_stock_list_in_sector
2026-07-07,2026-07-07 09:29:54,沪深ETF,1163,159865.SZ,SZ,xtdata.get_stock_list_in_sector
2026-07-07,2026-07-07 09:29:54,沪深ETF,1164,159811.SZ,SZ,xtdata.get_stock_list_in_sector
2026-07-07,2026-07-07 09:29:54,沪深ETF,1165,159967.SZ,SZ,xtdata.get_stock_list_in_sector
2026-07-07,2026-07-07 09:29:54,沪深ETF,1166,159913.SZ,SZ,xtdata.get_stock_list_in_sector
2026-07-07,2026-07-07 09:29:54,沪深ETF,1167,159051.SZ,SZ,xtdata.get_stock_list_in_sector
2026-07-07,2026-07-07 09:29:54,沪深ETF,1168,159611.SZ,SZ,xtdata.get_stock_list_in_sector
2026-07-07,2026-07-07 09:29:54,沪深ETF,1169,159665.SZ,SZ,xtdata.get_stock_list_in_sector
2026-07-07,2026-07-07 09:29:54,沪深ETF,1170,159296.SZ,SZ,xtdata.get_stock_list_in_sector
2026-07-07,2026-07-07 09:29:54,沪深ETF,1171,159713.SZ,SZ,xtdata.get_stock_list_in_sector
2026-07-07,2026-07-07 09:29:54,沪深ETF,1172,159767.SZ,SZ,xtdata.get_stock_list_in_sector
2026-07-07,2026-07-07 09:29:54,沪深ETF,1173,159190.SZ,SZ,xtdata.get_stock_list_in_sector
2026-07-07,2026-07-07 09:29:54,沪深ETF,1174,159178.SZ,SZ,xtdata.get_stock_list_in_sector
2026-07-07,2026-07-07 09:29:54,沪深ETF,1175,159563.SZ,SZ,xtdata.get_stock_list_in_sector
2026-07-07,2026-07-07 09:29:54,沪深ETF,1176,159517.SZ,SZ,xtdata.get_stock_list_in_sector
2026-07-07,2026-07-07 09:29:54,沪深ETF,1177,159938.SZ,SZ,xtdata.get_stock_list_in_sector
2026-07-07,2026-07-07 09:29:54,沪深ETF,1178,159570.SZ,SZ,xtdata.get_stock_list_in_sector
2026-07-07,2026-07-07 09:29:54,沪深ETF,1179,159183.SZ,SZ,xtdata.get_stock_list_in_sector
2026-07-07,2026-07-07 09:29:54,沪深ETF,1180,159285.SZ,SZ,xtdata.get_stock_list_in_sector
2026-07-07,2026-07-07 09:29:54,沪深ETF,1181,159602.SZ,SZ,xtdata.get_stock_list_in_sector
2026-07-07,2026-07-07 09:29:54,沪深ETF,1182,159219.SZ,SZ,xtdata.get_stock_list_in_sector
2026-07-07,2026-07-07 09:29:54,沪深ETF,1183,159676.SZ,SZ,xtdata.get_stock_list_in_sector
2026-07-07,2026-07-07 09:29:54,沪深ETF,1184,159700.SZ,SZ,xtdata.get_stock_list_in_sector
2026-07-07,2026-07-07 09:29:54,沪深ETF,1185,159387.SZ,SZ,xtdata.get_stock_list_in_sector
2026-07-07,2026-07-07 09:29:54,沪深ETF,1186,159991.SZ,SZ,xtdata.get_stock_list_in_sector
2026-07-07,2026-07-07 09:29:54,沪深ETF,1187,159556.SZ,SZ,xtdata.get_stock_list_in_sector
2026-07-07,2026-07-07 09:29:54,沪深ETF,1188,159139.SZ,SZ,xtdata.get_stock_list_in_sector
2026-07-07,2026-07-07 09:29:54,沪深ETF,1189,159726.SZ,SZ,xtdata.get_stock_list_in_sector
2026-07-07,2026-07-07 09:29:54,沪深ETF,1190,159752.SZ,SZ,xtdata.get_stock_list_in_sector
2026-07-07,2026-07-07 09:29:54,沪深ETF,1191,159650.SZ,SZ,xtdata.get_stock_list_in_sector
2026-07-07,2026-07-07 09:29:54,沪深ETF,1192,159735.SZ,SZ,xtdata.get_stock_list_in_sector
2026-07-07,2026-07-07 09:29:54,沪深ETF,1193,159741.SZ,SZ,xtdata.get_stock_list_in_sector
2026-07-07,2026-07-07 09:29:54,沪深ETF,1194,159637.SZ,SZ,xtdata.get_stock_list_in_sector
2026-07-07,2026-07-07 09:29:54,沪深ETF,1195,159258.SZ,SZ,xtdata.get_stock_list_in_sector
2026-07-07,2026-07-07 09:29:54,沪深ETF,1196,159643.SZ,SZ,xtdata.get_stock_list_in_sector
2026-07-07,2026-07-07 09:29:54,沪深ETF,1197,159982.SZ,SZ,xtdata.get_stock_list_in_sector
2026-07-07,2026-07-07 09:29:54,沪深ETF,1198,159028.SZ,SZ,xtdata.get_stock_list_in_sector
2026-07-07,2026-07-07 09:29:54,沪深ETF,1199,159545.SZ,SZ,xtdata.get_stock_list_in_sector
2026-07-07,2026-07-07 09:29:54,沪深ETF,1200,159531.SZ,SZ,xtdata.get_stock_list_in_sector
2026-07-07,2026-07-07 09:29:54,沪深ETF,1201,159880.SZ,SZ,xtdata.get_stock_list_in_sector
2026-07-07,2026-07-07 09:29:54,沪深ETF,1202,159400.SZ,SZ,xtdata.get_stock_list_in_sector
2026-07-07,2026-07-07 09:29:54,沪深ETF,1203,159087.SZ,SZ,xtdata.get_stock_list_in_sector
2026-07-07,2026-07-07 09:29:54,沪深ETF,1204,159959.SZ,SZ,xtdata.get_stock_list_in_sector
2026-07-07,2026-07-07 09:29:54,沪深ETF,1205,159185.SZ,SZ,xtdata.get_stock_list_in_sector
2026-07-07,2026-07-07 09:29:54,沪深ETF,1206,159576.SZ,SZ,xtdata.get_stock_list_in_sector
2026-07-07,2026-07-07 09:29:54,沪深ETF,1207,159119.SZ,SZ,xtdata.get_stock_list_in_sector
2026-07-07,2026-07-07 09:29:54,沪深ETF,1208,159502.SZ,SZ,xtdata.get_stock_list_in_sector
2026-07-07,2026-07-07 09:29:54,沪深ETF,1209,159381.SZ,SZ,xtdata.get_stock_list_in_sector
2026-07-07,2026-07-07 09:29:54,沪深ETF,1210,159706.SZ,SZ,xtdata.get_stock_list_in_sector
2026-07-07,2026-07-07 09:29:54,沪深ETF,1211,159369.SZ,SZ,xtdata.get_stock_list_in_sector
2026-07-07,2026-07-07 09:29:54,沪深ETF,1212,159670.SZ,SZ,xtdata.get_stock_list_in_sector
2026-07-07,2026-07-07 09:29:54,沪深ETF,1213,159283.SZ,SZ,xtdata.get_stock_list_in_sector
2026-07-07,2026-07-07 09:29:54,沪深ETF,1214,159698.SZ,SZ,xtdata.get_stock_list_in_sector
2026-07-07,2026-07-07 09:29:54,沪深ETF,1215,159715.SZ,SZ,xtdata.get_stock_list_in_sector
2026-07-07,2026-07-07 09:29:54,沪深ETF,1216,159761.SZ,SZ,xtdata.get_stock_list_in_sector
2026-07-07,2026-07-07 09:29:54,沪深ETF,1217,159392.SZ,SZ,xtdata.get_stock_list_in_sector
2026-07-07,2026-07-07 09:29:54,沪深ETF,1218,159290.SZ,SZ,xtdata.get_stock_list_in_sector
2026-07-07,2026-07-07 09:29:54,沪深ETF,1219,159617.SZ,SZ,xtdata.get_stock_list_in_sector
2026-07-07,2026-07-07 09:29:54,沪深ETF,1220,159663.SZ,SZ,xtdata.get_stock_list_in_sector
2026-07-07,2026-07-07 09:29:54,沪深ETF,1221,159278.SZ,SZ,xtdata.get_stock_list_in_sector
2026-07-07,2026-07-07 09:29:54,沪深ETF,1222,159008.SZ,SZ,xtdata.get_stock_list_in_sector
2026-07-07,2026-07-07 09:29:54,沪深ETF,1223,159565.SZ,SZ,xtdata.get_stock_list_in_sector
2026-07-07,2026-07-07 09:29:54,沪深ETF,1224,159511.SZ,SZ,xtdata.get_stock_list_in_sector
2026-07-07,2026-07-07 09:29:54,沪深ETF,1225,159196.SZ,SZ,xtdata.get_stock_list_in_sector
2026-07-07,2026-07-07 09:29:54,沪深ETF,1226,159848.SZ,SZ,xtdata.get_stock_list_in_sector
2026-07-07,2026-07-07 09:29:54,沪深ETF,1227,159631.SZ,SZ,xtdata.get_stock_list_in_sector
2026-07-07,2026-07-07 09:29:54,沪深ETF,1228,159645.SZ,SZ,xtdata.get_stock_list_in_sector
2026-07-07,2026-07-07 09:29:54,沪深ETF,1229,159328.SZ,SZ,xtdata.get_stock_list_in_sector
2026-07-07,2026-07-07 09:29:54,沪深ETF,1230,159747.SZ,SZ,xtdata.get_stock_list_in_sector
2026-07-07,2026-07-07 09:29:54,沪深ETF,1231,159543.SZ,SZ,xtdata.get_stock_list_in_sector
2026-07-07,2026-07-07 09:29:54,沪深ETF,1232,159158.SZ,SZ,xtdata.get_stock_list_in_sector
2026-07-07,2026-07-07 09:29:54,沪深ETF,1233,159537.SZ,SZ,xtdata.get_stock_list_in_sector
2026-07-07,2026-07-07 09:29:54,沪深ETF,1234,159886.SZ,SZ,xtdata.get_stock_list_in_sector
2026-07-07,2026-07-07 09:29:54,沪深ETF,1235,159918.SZ,SZ,xtdata.get_stock_list_in_sector
2026-07-07,2026-07-07 09:29:54,沪深ETF,1236,159550.SZ,SZ,xtdata.get_stock_list_in_sector
2026-07-07,2026-07-07 09:29:54,沪深ETF,1237,159895.SZ,SZ,xtdata.get_stock_list_in_sector
2026-07-07,2026-07-07 09:29:54,沪深ETF,1238,159997.SZ,SZ,xtdata.get_stock_list_in_sector
2026-07-07,2026-07-07 09:29:54,沪深ETF,1239,159239.SZ,SZ,xtdata.get_stock_list_in_sector
2026-07-07,2026-07-07 09:29:54,沪深ETF,1240,159622.SZ,SZ,xtdata.get_stock_list_in_sector
2026-07-07,2026-07-07 09:29:54,沪深ETF,1241,159656.SZ,SZ,xtdata.get_stock_list_in_sector
2026-07-07,2026-07-07 09:29:54,沪深ETF,1242,159720.SZ,SZ,xtdata.get_stock_list_in_sector
2026-07-07,2026-07-07 09:29:54,沪深ETF,1243,159160.SZ,SZ,xtdata.get_stock_list_in_sector
2026-07-07,2026-07-07 09:29:54,沪深ETF,1244,159856.SZ,SZ,xtdata.get_stock_list_in_sector
2026-07-07,2026-07-07 09:29:54,沪深ETF,1245,159593.SZ,SZ,xtdata.get_stock_list_in_sector
2026-07-07,2026-07-07 09:29:54,沪深ETF,1246,159188.SZ,SZ,xtdata.get_stock_list_in_sector
2026-07-07,2026-07-07 09:29:54,沪深ETF,1247,159822.SZ,SZ,xtdata.get_stock_list_in_sector
2026-07-07,2026-07-07 09:29:54,沪深ETF,1248,159954.SZ,SZ,xtdata.get_stock_list_in_sector
2026-07-07,2026-07-07 09:29:54,沪深ETF,1249,159920.SZ,SZ,xtdata.get_stock_list_in_sector
2026-07-07,2026-07-07 09:29:54,沪深ETF,1250,159016.SZ,SZ,xtdata.get_stock_list_in_sector
2026-07-07,2026-07-07 09:29:54,沪深ETF,1251,159062.SZ,SZ,xtdata.get_stock_list_in_sector
2026-07-07,2026-07-07 09:29:54,沪深ETF,1252,159695.SZ,SZ,xtdata.get_stock_list_in_sector
2026-07-07,2026-07-07 09:29:54,沪深ETF,1253,159266.SZ,SZ,xtdata.get_stock_list_in_sector
2026-07-07,2026-07-07 09:29:54,沪深ETF,1254,159609.SZ,SZ,xtdata.get_stock_list_in_sector
2026-07-07,2026-07-07 09:29:54,沪深ETF,1255,159212.SZ,SZ,xtdata.get_stock_list_in_sector
2026-07-07,2026-07-07 09:29:54,沪深ETF,1256,159310.SZ,SZ,xtdata.get_stock_list_in_sector
2026-07-07,2026-07-07 09:29:54,沪深ETF,1257,159797.SZ,SZ,xtdata.get_stock_list_in_sector
2026-07-07,2026-07-07 09:29:54,沪深ETF,1258,159275.SZ,SZ,xtdata.get_stock_list_in_sector
2026-07-07,2026-07-07 09:29:54,沪深ETF,1259,159201.SZ,SZ,xtdata.get_stock_list_in_sector
2026-07-07,2026-07-07 09:29:54,沪深ETF,1260,159686.SZ,SZ,xtdata.get_stock_list_in_sector
2026-07-07,2026-07-07 09:29:54,沪深ETF,1261,159377.SZ,SZ,xtdata.get_stock_list_in_sector
2026-07-07,2026-07-07 09:29:54,沪深ETF,1262,159718.SZ,SZ,xtdata.get_stock_list_in_sector
2026-07-07,2026-07-07 09:29:54,沪深ETF,1263,159303.SZ,SZ,xtdata.get_stock_list_in_sector
2026-07-07,2026-07-07 09:29:54,沪深ETF,1264,159845.SZ,SZ,xtdata.get_stock_list_in_sector
2026-07-07,2026-07-07 09:29:54,沪深ETF,1265,159831.SZ,SZ,xtdata.get_stock_list_in_sector
2026-07-07,2026-07-07 09:29:54,沪深ETF,1266,159107.SZ,SZ,xtdata.get_stock_list_in_sector
2026-07-07,2026-07-07 09:29:54,沪深ETF,1267,159173.SZ,SZ,xtdata.get_stock_list_in_sector
2026-07-07,2026-07-07 09:29:54,沪深ETF,1268,159568.SZ,SZ,xtdata.get_stock_list_in_sector
2026-07-07,2026-07-07 09:29:54,沪深ETF,1269,159005.SZ,SZ,xtdata.get_stock_list_in_sector
2026-07-07,2026-07-07 09:29:54,沪深ETF,1270,159071.SZ,SZ,xtdata.get_stock_list_in_sector
2026-07-07,2026-07-07 09:29:54,沪深ETF,1271,159933.SZ,SZ,xtdata.get_stock_list_in_sector
2026-07-07,2026-07-07 09:29:54,沪深ETF,1272,159099.SZ,SZ,xtdata.get_stock_list_in_sector
2026-07-07,2026-07-07 09:29:54,沪深ETF,1273,159351.SZ,SZ,xtdata.get_stock_list_in_sector
2026-07-07,2026-07-07 09:29:54,沪深ETF,1274,159325.SZ,SZ,xtdata.get_stock_list_in_sector
2026-07-07,2026-07-07 09:29:54,沪深ETF,1275,159253.SZ,SZ,xtdata.get_stock_list_in_sector
2026-07-07,2026-07-07 09:29:54,沪深ETF,1276,159227.SZ,SZ,xtdata.get_stock_list_in_sector
2026-07-07,2026-07-07 09:29:54,沪深ETF,1277,159023.SZ,SZ,xtdata.get_stock_list_in_sector
2026-07-07,2026-07-07 09:29:54,沪深ETF,1278,159057.SZ,SZ,xtdata.get_stock_list_in_sector
2026-07-07,2026-07-07 09:29:54,沪深ETF,1279,159961.SZ,SZ,xtdata.get_stock_list_in_sector
2026-07-07,2026-07-07 09:29:54,沪深ETF,1280,159915.SZ,SZ,xtdata.get_stock_list_in_sector
2026-07-07,2026-07-07 09:29:54,沪深ETF,1281,159863.SZ,SZ,xtdata.get_stock_list_in_sector
2026-07-07,2026-07-07 09:29:54,沪深ETF,1282,159121.SZ,SZ,xtdata.get_stock_list_in_sector
2026-07-07,2026-07-07 09:29:54,沪深ETF,1283,159155.SZ,SZ,xtdata.get_stock_list_in_sector
2026-07-07,2026-07-07 09:29:54,沪深ETF,1284,159972.SZ,SZ,xtdata.get_stock_list_in_sector
2026-07-07,2026-07-07 09:29:54,沪深ETF,1285,159906.SZ,SZ,xtdata.get_stock_list_in_sector
2026-07-07,2026-07-07 09:29:54,沪深ETF,1286,159030.SZ,SZ,xtdata.get_stock_list_in_sector
2026-07-07,2026-07-07 09:29:54,沪深ETF,1287,159529.SZ,SZ,xtdata.get_stock_list_in_sector
2026-07-07,2026-07-07 09:29:54,沪深ETF,1288,159132.SZ,SZ,xtdata.get_stock_list_in_sector
2026-07-07,2026-07-07 09:29:54,沪深ETF,1289,159898.SZ,SZ,xtdata.get_stock_list_in_sector
2026-07-07,2026-07-07 09:29:54,沪深ETF,1290,159146.SZ,SZ,xtdata.get_stock_list_in_sector
2026-07-07,2026-07-07 09:29:54,沪深ETF,1291,159870.SZ,SZ,xtdata.get_stock_list_in_sector
2026-07-07,2026-07-07 09:29:54,沪深ETF,1292,159804.SZ,SZ,xtdata.get_stock_list_in_sector
2026-07-07,2026-07-07 09:29:54,沪深ETF,1293,159336.SZ,SZ,xtdata.get_stock_list_in_sector
2026-07-07,2026-07-07 09:29:54,沪深ETF,1294,159240.SZ,SZ,xtdata.get_stock_list_in_sector
2026-07-07,2026-07-07 09:29:54,沪深ETF,1295,159375.SZ,SZ,xtdata.get_stock_list_in_sector
2026-07-07,2026-07-07 09:29:54,沪深ETF,1296,159301.SZ,SZ,xtdata.get_stock_list_in_sector
2026-07-07,2026-07-07 09:29:54,沪深ETF,1297,159786.SZ,SZ,xtdata.get_stock_list_in_sector
2026-07-07,2026-07-07 09:29:54,沪深ETF,1298,159277.SZ,SZ,xtdata.get_stock_list_in_sector
2026-07-07,2026-07-07 09:29:54,沪深ETF,1299,159618.SZ,SZ,xtdata.get_stock_list_in_sector
2026-07-07,2026-07-07 09:29:54,沪深ETF,1300,159203.SZ,SZ,xtdata.get_stock_list_in_sector
2026-07-07,2026-07-07 09:29:54,沪深ETF,1301,159945.SZ,SZ,xtdata.get_stock_list_in_sector
2026-07-07,2026-07-07 09:29:54,沪深ETF,1302,159931.SZ,SZ,xtdata.get_stock_list_in_sector
2026-07-07,2026-07-07 09:29:54,沪深ETF,1303,159007.SZ,SZ,xtdata.get_stock_list_in_sector
2026-07-07,2026-07-07 09:29:54,沪深ETF,1304,159105.SZ,SZ,xtdata.get_stock_list_in_sector
2026-07-07,2026-07-07 09:29:54,沪深ETF,1305,159171.SZ,SZ,xtdata.get_stock_list_in_sector
2026-07-07,2026-07-07 09:29:54,沪深ETF,1306,159847.SZ,SZ,xtdata.get_stock_list_in_sector
2026-07-07,2026-07-07 09:29:54,沪深ETF,1307,159582.SZ,SZ,xtdata.get_stock_list_in_sector
2026-07-07,2026-07-07 09:29:54,沪深ETF,1308,159199.SZ,SZ,xtdata.get_stock_list_in_sector
2026-07-07,2026-07-07 09:29:54,沪深ETF,1309,159060.SZ,SZ,xtdata.get_stock_list_in_sector
2026-07-07,2026-07-07 09:29:54,沪深ETF,1310,159956.SZ,SZ,xtdata.get_stock_list_in_sector
2026-07-07,2026-07-07 09:29:54,沪深ETF,1311,159922.SZ,SZ,xtdata.get_stock_list_in_sector
2026-07-07,2026-07-07 09:29:54,沪深ETF,1312,159820.SZ,SZ,xtdata.get_stock_list_in_sector
2026-07-07,2026-07-07 09:29:54,沪深ETF,1313,159591.SZ,SZ,xtdata.get_stock_list_in_sector
2026-07-07,2026-07-07 09:29:54,沪深ETF,1314,159116.SZ,SZ,xtdata.get_stock_list_in_sector
2026-07-07,2026-07-07 09:29:54,沪深ETF,1315,159162.SZ,SZ,xtdata.get_stock_list_in_sector
2026-07-07,2026-07-07 09:29:54,沪深ETF,1316,159795.SZ,SZ,xtdata.get_stock_list_in_sector
2026-07-07,2026-07-07 09:29:54,沪深ETF,1317,159366.SZ,SZ,xtdata.get_stock_list_in_sector
2026-07-07,2026-07-07 09:29:54,沪深ETF,1318,159709.SZ,SZ,xtdata.get_stock_list_in_sector
2026-07-07,2026-07-07 09:29:54,沪深ETF,1319,159312.SZ,SZ,xtdata.get_stock_list_in_sector
2026-07-07,2026-07-07 09:29:54,沪深ETF,1320,159210.SZ,SZ,xtdata.get_stock_list_in_sector
2026-07-07,2026-07-07 09:29:54,沪深ETF,1321,159697.SZ,SZ,xtdata.get_stock_list_in_sector
2026-07-07,2026-07-07 09:29:54,沪深ETF,1322,159872.SZ,SZ,xtdata.get_stock_list_in_sector
2026-07-07,2026-07-07 09:29:54,沪深ETF,1323,159806.SZ,SZ,xtdata.get_stock_list_in_sector
2026-07-07,2026-07-07 09:29:54,沪深ETF,1324,159130.SZ,SZ,xtdata.get_stock_list_in_sector
2026-07-07,2026-07-07 09:29:54,沪深ETF,1325,159032.SZ,SZ,xtdata.get_stock_list_in_sector
2026-07-07,2026-07-07 09:29:54,沪深ETF,1326,159998.SZ,SZ,xtdata.get_stock_list_in_sector
2026-07-07,2026-07-07 09:29:54,沪深ETF,1327,159046.SZ,SZ,xtdata.get_stock_list_in_sector
2026-07-07,2026-07-07 09:29:54,沪深ETF,1328,159970.SZ,SZ,xtdata.get_stock_list_in_sector
2026-07-07,2026-07-07 09:29:54,沪深ETF,1329,159242.SZ,SZ,xtdata.get_stock_list_in_sector
2026-07-07,2026-07-07 09:29:54,沪深ETF,1330,159659.SZ,SZ,xtdata.get_stock_list_in_sector
2026-07-07,2026-07-07 09:29:54,沪深ETF,1331,159236.SZ,SZ,xtdata.get_stock_list_in_sector
2026-07-07,2026-07-07 09:29:54,沪深ETF,1332,159251.SZ,SZ,xtdata.get_stock_list_in_sector
2026-07-07,2026-07-07 09:29:54,沪深ETF,1333,159225.SZ,SZ,xtdata.get_stock_list_in_sector
2026-07-07,2026-07-07 09:29:54,沪深ETF,1334,159353.SZ,SZ,xtdata.get_stock_list_in_sector
2026-07-07,2026-07-07 09:29:54,沪深ETF,1335,159748.SZ,SZ,xtdata.get_stock_list_in_sector
2026-07-07,2026-07-07 09:29:54,沪深ETF,1336,159327.SZ,SZ,xtdata.get_stock_list_in_sector
2026-07-07,2026-07-07 09:29:54,沪深ETF,1337,159889.SZ,SZ,xtdata.get_stock_list_in_sector
2026-07-07,2026-07-07 09:29:54,沪深ETF,1338,159538.SZ,SZ,xtdata.get_stock_list_in_sector
2026-07-07,2026-07-07 09:29:54,沪深ETF,1339,159123.SZ,SZ,xtdata.get_stock_list_in_sector
2026-07-07,2026-07-07 09:29:54,沪深ETF,1340,159157.SZ,SZ,xtdata.get_stock_list_in_sector
2026-07-07,2026-07-07 09:29:54,沪深ETF,1341,159861.SZ,SZ,xtdata.get_stock_list_in_sector
2026-07-07,2026-07-07 09:29:54,沪深ETF,1342,159021.SZ,SZ,xtdata.get_stock_list_in_sector
2026-07-07,2026-07-07 09:29:54,沪深ETF,1343,159055.SZ,SZ,xtdata.get_stock_list_in_sector
2026-07-07,2026-07-07 09:29:54,沪深ETF,1344,159615.SZ,SZ,xtdata.get_stock_list_in_sector
2026-07-07,2026-07-07 09:29:54,沪深ETF,1345,159661.SZ,SZ,xtdata.get_stock_list_in_sector
2026-07-07,2026-07-07 09:29:54,沪深ETF,1346,159292.SZ,SZ,xtdata.get_stock_list_in_sector
2026-07-07,2026-07-07 09:29:54,沪深ETF,1347,159689.SZ,SZ,xtdata.get_stock_list_in_sector
2026-07-07,2026-07-07 09:29:54,沪深ETF,1348,159390.SZ,SZ,xtdata.get_stock_list_in_sector
2026-07-07,2026-07-07 09:29:54,沪深ETF,1349,159717.SZ,SZ,xtdata.get_stock_list_in_sector
2026-07-07,2026-07-07 09:29:54,沪深ETF,1350,159763.SZ,SZ,xtdata.get_stock_list_in_sector
2026-07-07,2026-07-07 09:29:54,沪深ETF,1351,159378.SZ,SZ,xtdata.get_stock_list_in_sector
2026-07-07,2026-07-07 09:29:54,沪深ETF,1352,159567.SZ,SZ,xtdata.get_stock_list_in_sector
2026-07-07,2026-07-07 09:29:54,沪深ETF,1353,159108.SZ,SZ,xtdata.get_stock_list_in_sector
2026-07-07,2026-07-07 09:29:54,沪深ETF,1354,159513.SZ,SZ,xtdata.get_stock_list_in_sector
2026-07-07,2026-07-07 09:29:54,沪深ETF,1355,159948.SZ,SZ,xtdata.get_stock_list_in_sector
2026-07-07,2026-07-07 09:29:54,沪深ETF,1356,159500.SZ,SZ,xtdata.get_stock_list_in_sector
2026-07-07,2026-07-07 09:29:54,沪深ETF,1357,159187.SZ,SZ,xtdata.get_stock_list_in_sector
2026-07-07,2026-07-07 09:29:54,沪深ETF,1358,159859.SZ,SZ,xtdata.get_stock_list_in_sector
2026-07-07,2026-07-07 09:29:54,沪深ETF,1359,159085.SZ,SZ,xtdata.get_stock_list_in_sector
2026-07-07,2026-07-07 09:29:54,沪深ETF,1360,159019.SZ,SZ,xtdata.get_stock_list_in_sector
2026-07-07,2026-07-07 09:29:54,沪深ETF,1361,159281.SZ,SZ,xtdata.get_stock_list_in_sector
2026-07-07,2026-07-07 09:29:54,沪深ETF,1362,159606.SZ,SZ,xtdata.get_stock_list_in_sector
2026-07-07,2026-07-07 09:29:54,沪深ETF,1363,159672.SZ,SZ,xtdata.get_stock_list_in_sector
2026-07-07,2026-07-07 09:29:54,沪深ETF,1364,159269.SZ,SZ,xtdata.get_stock_list_in_sector
2026-07-07,2026-07-07 09:29:54,沪深ETF,1365,159770.SZ,SZ,xtdata.get_stock_list_in_sector
2026-07-07,2026-07-07 09:29:54,沪深ETF,1366,159383.SZ,SZ,xtdata.get_stock_list_in_sector
2026-07-07,2026-07-07 09:29:54,沪深ETF,1367,159798.SZ,SZ,xtdata.get_stock_list_in_sector
2026-07-07,2026-07-07 09:29:54,沪深ETF,1368,159909.SZ,SZ,xtdata.get_stock_list_in_sector
2026-07-07,2026-07-07 09:29:54,沪深ETF,1369,159995.SZ,SZ,xtdata.get_stock_list_in_sector
2026-07-07,2026-07-07 09:29:54,沪深ETF,1370,159552.SZ,SZ,xtdata.get_stock_list_in_sector
2026-07-07,2026-07-07 09:29:54,沪深ETF,1371,159149.SZ,SZ,xtdata.get_stock_list_in_sector
2026-07-07,2026-07-07 09:29:54,沪深ETF,1372,159526.SZ,SZ,xtdata.get_stock_list_in_sector
2026-07-07,2026-07-07 09:29:54,沪深ETF,1373,159339.SZ,SZ,xtdata.get_stock_list_in_sector
2026-07-07,2026-07-07 09:29:54,沪深ETF,1374,159620.SZ,SZ,xtdata.get_stock_list_in_sector
2026-07-07,2026-07-07 09:29:54,沪深ETF,1375,159731.SZ,SZ,xtdata.get_stock_list_in_sector
2026-07-07,2026-07-07 09:29:54,沪深ETF,1376,159745.SZ,SZ,xtdata.get_stock_list_in_sector
2026-07-07,2026-07-07 09:29:54,沪深ETF,1377,159228.SZ,SZ,xtdata.get_stock_list_in_sector
2026-07-07,2026-07-07 09:29:54,沪深ETF,1378,159633.SZ,SZ,xtdata.get_stock_list_in_sector
2026-07-07,2026-07-07 09:29:54,沪深ETF,1379,159647.SZ,SZ,xtdata.get_stock_list_in_sector
2026-07-07,2026-07-07 09:29:54,沪深ETF,1380,159541.SZ,SZ,xtdata.get_stock_list_in_sector
2026-07-07,2026-07-07 09:29:54,沪深ETF,1381,159535.SZ,SZ,xtdata.get_stock_list_in_sector
2026-07-07,2026-07-07 09:29:54,沪深ETF,1382,159929.SZ,SZ,xtdata.get_stock_list_in_sector
2026-07-07,2026-07-07 09:29:54,沪深ETF,1383,159181.SZ,SZ,xtdata.get_stock_list_in_sector
2026-07-07,2026-07-07 09:29:54,沪深ETF,1384,159169.SZ,SZ,xtdata.get_stock_list_in_sector
2026-07-07,2026-07-07 09:29:54,沪深ETF,1385,159572.SZ,SZ,xtdata.get_stock_list_in_sector
2026-07-07,2026-07-07 09:29:54,沪深ETF,1386,159506.SZ,SZ,xtdata.get_stock_list_in_sector
2026-07-07,2026-07-07 09:29:54,沪深ETF,1387,159385.SZ,SZ,xtdata.get_stock_list_in_sector
2026-07-07,2026-07-07 09:29:54,沪深ETF,1388,159776.SZ,SZ,xtdata.get_stock_list_in_sector
2026-07-07,2026-07-07 09:29:54,沪深ETF,1389,159600.SZ,SZ,xtdata.get_stock_list_in_sector
2026-07-07,2026-07-07 09:29:54,沪深ETF,1390,159287.SZ,SZ,xtdata.get_stock_list_in_sector
2026-07-07,2026-07-07 09:29:54,沪深ETF,1391,159711.SZ,SZ,xtdata.get_stock_list_in_sector
2026-07-07,2026-07-07 09:29:54,沪深ETF,1392,159396.SZ,SZ,xtdata.get_stock_list_in_sector
2026-07-07,2026-07-07 09:29:54,沪深ETF,1393,159613.SZ,SZ,xtdata.get_stock_list_in_sector
2026-07-07,2026-07-07 09:29:54,沪深ETF,1394,159208.SZ,SZ,xtdata.get_stock_list_in_sector
2026-07-07,2026-07-07 09:29:54,沪深ETF,1395,159667.SZ,SZ,xtdata.get_stock_list_in_sector
2026-07-07,2026-07-07 09:29:54,沪深ETF,1396,159561.SZ,SZ,xtdata.get_stock_list_in_sector
2026-07-07,2026-07-07 09:29:54,沪深ETF,1397,159515.SZ,SZ,xtdata.get_stock_list_in_sector
2026-07-07,2026-07-07 09:29:54,沪深ETF,1398,159838.SZ,SZ,xtdata.get_stock_list_in_sector
2026-07-07,2026-07-07 09:29:54,沪深ETF,1399,159589.SZ,SZ,xtdata.get_stock_list_in_sector
2026-07-07,2026-07-07 09:29:54,沪深ETF,1400,159192.SZ,SZ,xtdata.get_stock_list_in_sector
2026-07-07,2026-07-07 09:29:54,沪深ETF,1401,159635.SZ,SZ,xtdata.get_stock_list_in_sector
2026-07-07,2026-07-07 09:29:54,沪深ETF,1402,159641.SZ,SZ,xtdata.get_stock_list_in_sector
2026-07-07,2026-07-07 09:29:54,沪深ETF,1403,159358.SZ,SZ,xtdata.get_stock_list_in_sector
2026-07-07,2026-07-07 09:29:54,沪深ETF,1404,159743.SZ,SZ,xtdata.get_stock_list_in_sector
2026-07-07,2026-07-07 09:29:54,沪深ETF,1405,159547.SZ,SZ,xtdata.get_stock_list_in_sector
2026-07-07,2026-07-07 09:29:54,沪深ETF,1406,159533.SZ,SZ,xtdata.get_stock_list_in_sector
2026-07-07,2026-07-07 09:29:54,沪深ETF,1407,159128.SZ,SZ,xtdata.get_stock_list_in_sector
2026-07-07,2026-07-07 09:29:54,沪深ETF,1408,159968.SZ,SZ,xtdata.get_stock_list_in_sector
2026-07-07,2026-07-07 09:29:54,沪深ETF,1409,159980.SZ,SZ,xtdata.get_stock_list_in_sector
2026-07-07,2026-07-07 09:29:54,沪深ETF,1410,159891.SZ,SZ,xtdata.get_stock_list_in_sector
2026-07-07,2026-07-07 09:29:54,沪深ETF,1411,159520.SZ,SZ,xtdata.get_stock_list_in_sector
2026-07-07,2026-07-07 09:29:54,沪深ETF,1412,159039.SZ,SZ,xtdata.get_stock_list_in_sector
2026-07-07,2026-07-07 09:29:54,沪深ETF,1413,159993.SZ,SZ,xtdata.get_stock_list_in_sector
2026-07-07,2026-07-07 09:29:54,沪深ETF,1414,159249.SZ,SZ,xtdata.get_stock_list_in_sector
2026-07-07,2026-07-07 09:29:54,沪深ETF,1415,159652.SZ,SZ,xtdata.get_stock_list_in_sector
2026-07-07,2026-07-07 09:29:54,沪深ETF,1416,159750.SZ,SZ,xtdata.get_stock_list_in_sector
2026-07-07,2026-07-07 09:29:54,沪深ETF,1417,159110.SZ,SZ,xtdata.get_stock_list_in_sector
2026-07-07,2026-07-07 09:29:54,沪深ETF,1418,159852.SZ,SZ,xtdata.get_stock_list_in_sector
2026-07-07,2026-07-07 09:29:54,沪深ETF,1419,159597.SZ,SZ,xtdata.get_stock_list_in_sector
2026-07-07,2026-07-07 09:29:54,沪深ETF,1420,159012.SZ,SZ,xtdata.get_stock_list_in_sector
2026-07-07,2026-07-07 09:29:54,沪深ETF,1421,159066.SZ,SZ,xtdata.get_stock_list_in_sector
2026-07-07,2026-07-07 09:29:54,沪深ETF,1422,159691.SZ,SZ,xtdata.get_stock_list_in_sector
2026-07-07,2026-07-07 09:29:54,沪深ETF,1423,159679.SZ,SZ,xtdata.get_stock_list_in_sector
2026-07-07,2026-07-07 09:29:54,沪深ETF,1424,159262.SZ,SZ,xtdata.get_stock_list_in_sector
2026-07-07,2026-07-07 09:29:54,沪深ETF,1425,159216.SZ,SZ,xtdata.get_stock_list_in_sector
2026-07-07,2026-07-07 09:29:54,沪深ETF,1426,159360.SZ,SZ,xtdata.get_stock_list_in_sector
2026-07-07,2026-07-07 09:29:54,沪深ETF,1427,159388.SZ,SZ,xtdata.get_stock_list_in_sector
2026-07-07,2026-07-07 09:29:54,沪深ETF,1428,159793.SZ,SZ,xtdata.get_stock_list_in_sector
2026-07-07,2026-07-07 09:29:54,沪深ETF,1429,159271.SZ,SZ,xtdata.get_stock_list_in_sector
2026-07-07,2026-07-07 09:29:54,沪深ETF,1430,159205.SZ,SZ,xtdata.get_stock_list_in_sector
2026-07-07,2026-07-07 09:29:54,沪深ETF,1431,159299.SZ,SZ,xtdata.get_stock_list_in_sector
2026-07-07,2026-07-07 09:29:54,沪深ETF,1432,159682.SZ,SZ,xtdata.get_stock_list_in_sector
2026-07-07,2026-07-07 09:29:54,沪深ETF,1433,159780.SZ,SZ,xtdata.get_stock_list_in_sector
2026-07-07,2026-07-07 09:29:54,沪深ETF,1434,159768.SZ,SZ,xtdata.get_stock_list_in_sector
2026-07-07,2026-07-07 09:29:54,沪深ETF,1435,159373.SZ,SZ,xtdata.get_stock_list_in_sector
2026-07-07,2026-07-07 09:29:54,沪深ETF,1436,159307.SZ,SZ,xtdata.get_stock_list_in_sector
2026-07-07,2026-07-07 09:29:54,沪深ETF,1437,159841.SZ,SZ,xtdata.get_stock_list_in_sector
2026-07-07,2026-07-07 09:29:54,沪深ETF,1438,159835.SZ,SZ,xtdata.get_stock_list_in_sector
2026-07-07,2026-07-07 09:29:54,沪深ETF,1439,159103.SZ,SZ,xtdata.get_stock_list_in_sector
2026-07-07,2026-07-07 09:29:54,沪深ETF,1440,159518.SZ,SZ,xtdata.get_stock_list_in_sector
2026-07-07,2026-07-07 09:29:54,沪深ETF,1441,159177.SZ,SZ,xtdata.get_stock_list_in_sector
2026-07-07,2026-07-07 09:29:54,沪深ETF,1442,159001.SZ,SZ,xtdata.get_stock_list_in_sector
2026-07-07,2026-07-07 09:29:54,沪深ETF,1443,159943.SZ,SZ,xtdata.get_stock_list_in_sector
2026-07-07,2026-07-07 09:29:54,沪深ETF,1444,159937.SZ,SZ,xtdata.get_stock_list_in_sector
2026-07-07,2026-07-07 09:29:54,沪深ETF,1445,159355.SZ,SZ,xtdata.get_stock_list_in_sector
2026-07-07,2026-07-07 09:29:54,沪深ETF,1446,159321.SZ,SZ,xtdata.get_stock_list_in_sector
2026-07-07,2026-07-07 09:29:54,沪深ETF,1447,159257.SZ,SZ,xtdata.get_stock_list_in_sector
2026-07-07,2026-07-07 09:29:54,沪深ETF,1448,159223.SZ,SZ,xtdata.get_stock_list_in_sector
2026-07-07,2026-07-07 09:29:54,沪深ETF,1449,159638.SZ,SZ,xtdata.get_stock_list_in_sector
2026-07-07,2026-07-07 09:29:54,沪深ETF,1450,159027.SZ,SZ,xtdata.get_stock_list_in_sector
2026-07-07,2026-07-07 09:29:54,沪深ETF,1451,159053.SZ,SZ,xtdata.get_stock_list_in_sector
2026-07-07,2026-07-07 09:29:54,沪深ETF,1452,159965.SZ,SZ,xtdata.get_stock_list_in_sector
2026-07-07,2026-07-07 09:29:54,沪深ETF,1453,159867.SZ,SZ,xtdata.get_stock_list_in_sector
2026-07-07,2026-07-07 09:29:54,沪深ETF,1454,159813.SZ,SZ,xtdata.get_stock_list_in_sector
2026-07-07,2026-07-07 09:29:54,沪深ETF,1455,159125.SZ,SZ,xtdata.get_stock_list_in_sector
2026-07-07,2026-07-07 09:29:54,沪深ETF,1456,159151.SZ,SZ,xtdata.get_stock_list_in_sector
2026-07-07,2026-07-07 09:29:54,沪深ETF,1457,159976.SZ,SZ,xtdata.get_stock_list_in_sector
2026-07-07,2026-07-07 09:29:54,沪深ETF,1458,159902.SZ,SZ,xtdata.get_stock_list_in_sector
2026-07-07,2026-07-07 09:29:54,沪深ETF,1459,159040.SZ,SZ,xtdata.get_stock_list_in_sector
2026-07-07,2026-07-07 09:29:54,沪深ETF,1460,159136.SZ,SZ,xtdata.get_stock_list_in_sector
2026-07-07,2026-07-07 09:29:54,沪深ETF,1461,159559.SZ,SZ,xtdata.get_stock_list_in_sector
2026-07-07,2026-07-07 09:29:54,沪深ETF,1462,159142.SZ,SZ,xtdata.get_stock_list_in_sector
2026-07-07,2026-07-07 09:29:54,沪深ETF,1463,159800.SZ,SZ,xtdata.get_stock_list_in_sector
2026-07-07,2026-07-07 09:29:54,沪深ETF,1464,159332.SZ,SZ,xtdata.get_stock_list_in_sector
2026-07-07,2026-07-07 09:29:54,沪深ETF,1465,159729.SZ,SZ,xtdata.get_stock_list_in_sector
2026-07-07,2026-07-07 09:29:54,沪深ETF,1466,159230.SZ,SZ,xtdata.get_stock_list_in_sector
2026-07-07,2026-07-07 09:29:54,沪深ETF,1467,159910.SZ,SZ,xtdata.get_stock_list_in_sector
2026-07-07,2026-07-07 09:29:54,沪深ETF,1468,159964.SZ,SZ,xtdata.get_stock_list_in_sector
2026-07-07,2026-07-07 09:29:54,沪深ETF,1469,159052.SZ,SZ,xtdata.get_stock_list_in_sector
2026-07-07,2026-07-07 09:29:54,沪深ETF,1470,159026.SZ,SZ,xtdata.get_stock_list_in_sector
2026-07-07,2026-07-07 09:29:54,沪深ETF,1471,159150.SZ,SZ,xtdata.get_stock_list_in_sector
2026-07-07,2026-07-07 09:29:54,沪深ETF,1472,159812.SZ,SZ,xtdata.get_stock_list_in_sector
2026-07-07,2026-07-07 09:29:54,沪深ETF,1473,159866.SZ,SZ,xtdata.get_stock_list_in_sector
2026-07-07,2026-07-07 09:29:54,沪深ETF,1474,159320.SZ,SZ,xtdata.get_stock_list_in_sector
2026-07-07,2026-07-07 09:29:54,沪深ETF,1475,159639.SZ,SZ,xtdata.get_stock_list_in_sector
2026-07-07,2026-07-07 09:29:54,沪深ETF,1476,159222.SZ,SZ,xtdata.get_stock_list_in_sector
2026-07-07,2026-07-07 09:29:54,沪深ETF,1477,159256.SZ,SZ,xtdata.get_stock_list_in_sector
2026-07-07,2026-07-07 09:29:54,沪深ETF,1478,159728.SZ,SZ,xtdata.get_stock_list_in_sector
2026-07-07,2026-07-07 09:29:54,沪深ETF,1479,159333.SZ,SZ,xtdata.get_stock_list_in_sector
2026-07-07,2026-07-07 09:29:54,沪深ETF,1480,159231.SZ,SZ,xtdata.get_stock_list_in_sector
2026-07-07,2026-07-07 09:29:54,沪深ETF,1481,159245.SZ,SZ,xtdata.get_stock_list_in_sector
2026-07-07,2026-07-07 09:29:54,沪深ETF,1482,159041.SZ,SZ,xtdata.get_stock_list_in_sector
2026-07-07,2026-07-07 09:29:54,沪深ETF,1483,159035.SZ,SZ,xtdata.get_stock_list_in_sector
2026-07-07,2026-07-07 09:29:54,沪深ETF,1484,159903.SZ,SZ,xtdata.get_stock_list_in_sector
2026-07-07,2026-07-07 09:29:54,沪深ETF,1485,159977.SZ,SZ,xtdata.get_stock_list_in_sector
2026-07-07,2026-07-07 09:29:54,沪深ETF,1486,159801.SZ,SZ,xtdata.get_stock_list_in_sector
2026-07-07,2026-07-07 09:29:54,沪深ETF,1487,159875.SZ,SZ,xtdata.get_stock_list_in_sector
2026-07-07,2026-07-07 09:29:54,沪深ETF,1488,159143.SZ,SZ,xtdata.get_stock_list_in_sector
2026-07-07,2026-07-07 09:29:54,沪深ETF,1489,159558.SZ,SZ,xtdata.get_stock_list_in_sector
2026-07-07,2026-07-07 09:29:54,沪深ETF,1490,159137.SZ,SZ,xtdata.get_stock_list_in_sector
2026-07-07,2026-07-07 09:29:54,沪深ETF,1491,159217.SZ,SZ,xtdata.get_stock_list_in_sector
2026-07-07,2026-07-07 09:29:54,沪深ETF,1492,159263.SZ,SZ,xtdata.get_stock_list_in_sector
2026-07-07,2026-07-07 09:29:54,沪深ETF,1493,159678.SZ,SZ,xtdata.get_stock_list_in_sector
2026-07-07,2026-07-07 09:29:54,沪深ETF,1494,159690.SZ,SZ,xtdata.get_stock_list_in_sector
2026-07-07,2026-07-07 09:29:54,沪深ETF,1495,159792.SZ,SZ,xtdata.get_stock_list_in_sector
2026-07-07,2026-07-07 09:29:54,沪深ETF,1496,159389.SZ,SZ,xtdata.get_stock_list_in_sector
2026-07-07,2026-07-07 09:29:54,沪深ETF,1497,159315.SZ,SZ,xtdata.get_stock_list_in_sector
2026-07-07,2026-07-07 09:29:54,沪深ETF,1498,159361.SZ,SZ,xtdata.get_stock_list_in_sector
2026-07-07,2026-07-07 09:29:54,沪深ETF,1499,159827.SZ,SZ,xtdata.get_stock_list_in_sector
2026-07-07,2026-07-07 09:29:54,沪深ETF,1500,159596.SZ,SZ,xtdata.get_stock_list_in_sector
2026-07-07,2026-07-07 09:29:54,沪深ETF,1501,159165.SZ,SZ,xtdata.get_stock_list_in_sector
2026-07-07,2026-07-07 09:29:54,沪深ETF,1502,159111.SZ,SZ,xtdata.get_stock_list_in_sector
2026-07-07,2026-07-07 09:29:54,沪深ETF,1503,159013.SZ,SZ,xtdata.get_stock_list_in_sector
2026-07-07,2026-07-07 09:29:54,沪深ETF,1504,159925.SZ,SZ,xtdata.get_stock_list_in_sector
2026-07-07,2026-07-07 09:29:54,沪深ETF,1505,159176.SZ,SZ,xtdata.get_stock_list_in_sector
2026-07-07,2026-07-07 09:29:54,沪深ETF,1506,159519.SZ,SZ,xtdata.get_stock_list_in_sector
2026-07-07,2026-07-07 09:29:54,沪深ETF,1507,159102.SZ,SZ,xtdata.get_stock_list_in_sector
2026-07-07,2026-07-07 09:29:54,沪深ETF,1508,159834.SZ,SZ,xtdata.get_stock_list_in_sector
2026-07-07,2026-07-07 09:29:54,沪深ETF,1509,159840.SZ,SZ,xtdata.get_stock_list_in_sector
2026-07-07,2026-07-07 09:29:54,沪深ETF,1510,159936.SZ,SZ,xtdata.get_stock_list_in_sector
2026-07-07,2026-07-07 09:29:54,沪深ETF,1511,159298.SZ,SZ,xtdata.get_stock_list_in_sector
2026-07-07,2026-07-07 09:29:54,沪深ETF,1512,159270.SZ,SZ,xtdata.get_stock_list_in_sector
2026-07-07,2026-07-07 09:29:54,沪深ETF,1513,159306.SZ,SZ,xtdata.get_stock_list_in_sector
2026-07-07,2026-07-07 09:29:54,沪深ETF,1514,159372.SZ,SZ,xtdata.get_stock_list_in_sector
2026-07-07,2026-07-07 09:29:54,沪深ETF,1515,159781.SZ,SZ,xtdata.get_stock_list_in_sector
2026-07-07,2026-07-07 09:29:54,沪深ETF,1516,159883.SZ,SZ,xtdata.get_stock_list_in_sector
2026-07-07,2026-07-07 09:29:54,沪深ETF,1517,159129.SZ,SZ,xtdata.get_stock_list_in_sector
2026-07-07,2026-07-07 09:29:54,沪深ETF,1518,159532.SZ,SZ,xtdata.get_stock_list_in_sector
2026-07-07,2026-07-07 09:29:54,沪深ETF,1519,159546.SZ,SZ,xtdata.get_stock_list_in_sector
2026-07-07,2026-07-07 09:29:54,沪深ETF,1520,159981.SZ,SZ,xtdata.get_stock_list_in_sector
2026-07-07,2026-07-07 09:29:54,沪深ETF,1521,159640.SZ,SZ,xtdata.get_stock_list_in_sector
2026-07-07,2026-07-07 09:29:54,沪深ETF,1522,159742.SZ,SZ,xtdata.get_stock_list_in_sector
2026-07-07,2026-07-07 09:29:54,沪深ETF,1523,159359.SZ,SZ,xtdata.get_stock_list_in_sector
2026-07-07,2026-07-07 09:29:54,沪深ETF,1524,159736.SZ,SZ,xtdata.get_stock_list_in_sector
2026-07-07,2026-07-07 09:29:54,沪深ETF,1525,159653.SZ,SZ,xtdata.get_stock_list_in_sector
2026-07-07,2026-07-07 09:29:54,沪深ETF,1526,159248.SZ,SZ,xtdata.get_stock_list_in_sector
2026-07-07,2026-07-07 09:29:54,沪深ETF,1527,159627.SZ,SZ,xtdata.get_stock_list_in_sector
2026-07-07,2026-07-07 09:29:54,沪深ETF,1528,159751.SZ,SZ,xtdata.get_stock_list_in_sector
2026-07-07,2026-07-07 09:29:54,沪深ETF,1529,159725.SZ,SZ,xtdata.get_stock_list_in_sector
2026-07-07,2026-07-07 09:29:54,沪深ETF,1530,159890.SZ,SZ,xtdata.get_stock_list_in_sector
2026-07-07,2026-07-07 09:29:54,沪深ETF,1531,159521.SZ,SZ,xtdata.get_stock_list_in_sector
2026-07-07,2026-07-07 09:29:54,沪深ETF,1532,159555.SZ,SZ,xtdata.get_stock_list_in_sector
2026-07-07,2026-07-07 09:29:54,沪深ETF,1533,159038.SZ,SZ,xtdata.get_stock_list_in_sector
2026-07-07,2026-07-07 09:29:54,沪深ETF,1534,159992.SZ,SZ,xtdata.get_stock_list_in_sector
2026-07-07,2026-07-07 09:29:54,沪深ETF,1535,159777.SZ,SZ,xtdata.get_stock_list_in_sector
2026-07-07,2026-07-07 09:29:54,沪深ETF,1536,159318.SZ,SZ,xtdata.get_stock_list_in_sector
2026-07-07,2026-07-07 09:29:54,沪深ETF,1537,159703.SZ,SZ,xtdata.get_stock_list_in_sector
2026-07-07,2026-07-07 09:29:54,沪深ETF,1538,159286.SZ,SZ,xtdata.get_stock_list_in_sector
2026-07-07,2026-07-07 09:29:54,沪深ETF,1539,159675.SZ,SZ,xtdata.get_stock_list_in_sector
2026-07-07,2026-07-07 09:29:54,沪深ETF,1540,159601.SZ,SZ,xtdata.get_stock_list_in_sector
2026-07-07,2026-07-07 09:29:54,沪深ETF,1541,159928.SZ,SZ,xtdata.get_stock_list_in_sector
2026-07-07,2026-07-07 09:29:54,沪深ETF,1542,159507.SZ,SZ,xtdata.get_stock_list_in_sector
2026-07-07,2026-07-07 09:29:54,沪深ETF,1543,159573.SZ,SZ,xtdata.get_stock_list_in_sector
2026-07-07,2026-07-07 09:29:54,沪深ETF,1544,159168.SZ,SZ,xtdata.get_stock_list_in_sector
2026-07-07,2026-07-07 09:29:54,沪深ETF,1545,159180.SZ,SZ,xtdata.get_stock_list_in_sector
2026-07-07,2026-07-07 09:29:54,沪深ETF,1546,159079.SZ,SZ,xtdata.get_stock_list_in_sector
2026-07-07,2026-07-07 09:29:54,沪深ETF,1547,159839.SZ,SZ,xtdata.get_stock_list_in_sector
2026-07-07,2026-07-07 09:29:54,沪深ETF,1548,159193.SZ,SZ,xtdata.get_stock_list_in_sector
2026-07-07,2026-07-07 09:29:54,沪深ETF,1549,159588.SZ,SZ,xtdata.get_stock_list_in_sector
2026-07-07,2026-07-07 09:29:54,沪深ETF,1550,159560.SZ,SZ,xtdata.get_stock_list_in_sector
2026-07-07,2026-07-07 09:29:54,沪深ETF,1551,159397.SZ,SZ,xtdata.get_stock_list_in_sector
2026-07-07,2026-07-07 09:29:54,沪深ETF,1552,159666.SZ,SZ,xtdata.get_stock_list_in_sector
2026-07-07,2026-07-07 09:29:54,沪深ETF,1553,159209.SZ,SZ,xtdata.get_stock_list_in_sector
2026-07-07,2026-07-07 09:29:54,沪深ETF,1554,159612.SZ,SZ,xtdata.get_stock_list_in_sector
2026-07-07,2026-07-07 09:29:54,沪深ETF,1555,159295.SZ,SZ,xtdata.get_stock_list_in_sector
2026-07-07,2026-07-07 09:29:54,沪深ETF,1556,159757.SZ,SZ,xtdata.get_stock_list_in_sector
2026-07-07,2026-07-07 09:29:54,沪深ETF,1557,159723.SZ,SZ,xtdata.get_stock_list_in_sector
2026-07-07,2026-07-07 09:29:54,沪深ETF,1558,159338.SZ,SZ,xtdata.get_stock_list_in_sector
2026-07-07,2026-07-07 09:29:54,沪深ETF,1559,159655.SZ,SZ,xtdata.get_stock_list_in_sector
2026-07-07,2026-07-07 09:29:54,沪深ETF,1560,159621.SZ,SZ,xtdata.get_stock_list_in_sector
2026-07-07,2026-07-07 09:29:54,沪深ETF,1561,159994.SZ,SZ,xtdata.get_stock_list_in_sector
2026-07-07,2026-07-07 09:29:54,沪深ETF,1562,159908.SZ,SZ,xtdata.get_stock_list_in_sector
2026-07-07,2026-07-07 09:29:54,沪深ETF,1563,159896.SZ,SZ,xtdata.get_stock_list_in_sector
2026-07-07,2026-07-07 09:29:54,沪深ETF,1564,159527.SZ,SZ,xtdata.get_stock_list_in_sector
2026-07-07,2026-07-07 09:29:54,沪深ETF,1565,159148.SZ,SZ,xtdata.get_stock_list_in_sector
2026-07-07,2026-07-07 09:29:54,沪深ETF,1566,159553.SZ,SZ,xtdata.get_stock_list_in_sector
2026-07-07,2026-07-07 09:29:54,沪深ETF,1567,159059.SZ,SZ,xtdata.get_stock_list_in_sector
2026-07-07,2026-07-07 09:29:54,沪深ETF,1568,159885.SZ,SZ,xtdata.get_stock_list_in_sector
2026-07-07,2026-07-07 09:29:54,沪深ETF,1569,159540.SZ,SZ,xtdata.get_stock_list_in_sector
2026-07-07,2026-07-07 09:29:54,沪深ETF,1570,159819.SZ,SZ,xtdata.get_stock_list_in_sector
2026-07-07,2026-07-07 09:29:54,沪深ETF,1571,159730.SZ,SZ,xtdata.get_stock_list_in_sector
2026-07-07,2026-07-07 09:29:54,沪深ETF,1572,159632.SZ,SZ,xtdata.get_stock_list_in_sector
2026-07-07,2026-07-07 09:29:54,沪深ETF,1573,159229.SZ,SZ,xtdata.get_stock_list_in_sector
2026-07-07,2026-07-07 09:29:54,沪深ETF,1574,159512.SZ,SZ,xtdata.get_stock_list_in_sector
2026-07-07,2026-07-07 09:29:54,沪深ETF,1575,159109.SZ,SZ,xtdata.get_stock_list_in_sector
2026-07-07,2026-07-07 09:29:54,沪深ETF,1576,159566.SZ,SZ,xtdata.get_stock_list_in_sector
2026-07-07,2026-07-07 09:29:54,沪深ETF,1577,159195.SZ,SZ,xtdata.get_stock_list_in_sector
2026-07-07,2026-07-07 09:29:54,沪深ETF,1578,159949.SZ,SZ,xtdata.get_stock_list_in_sector
2026-07-07,2026-07-07 09:29:54,沪深ETF,1579,159688.SZ,SZ,xtdata.get_stock_list_in_sector
2026-07-07,2026-07-07 09:29:54,沪深ETF,1580,159293.SZ,SZ,xtdata.get_stock_list_in_sector
2026-07-07,2026-07-07 09:29:54,沪深ETF,1581,159660.SZ,SZ,xtdata.get_stock_list_in_sector
2026-07-07,2026-07-07 09:29:54,沪深ETF,1582,159379.SZ,SZ,xtdata.get_stock_list_in_sector
2026-07-07,2026-07-07 09:29:54,沪深ETF,1583,159716.SZ,SZ,xtdata.get_stock_list_in_sector
2026-07-07,2026-07-07 09:29:54,沪深ETF,1584,159391.SZ,SZ,xtdata.get_stock_list_in_sector
2026-07-07,2026-07-07 09:29:54,沪深ETF,1585,159268.SZ,SZ,xtdata.get_stock_list_in_sector
2026-07-07,2026-07-07 09:29:54,沪深ETF,1586,159673.SZ,SZ,xtdata.get_stock_list_in_sector
2026-07-07,2026-07-07 09:29:54,沪深ETF,1587,159607.SZ,SZ,xtdata.get_stock_list_in_sector
2026-07-07,2026-07-07 09:29:54,沪深ETF,1588,159280.SZ,SZ,xtdata.get_stock_list_in_sector
2026-07-07,2026-07-07 09:29:54,沪深ETF,1589,159382.SZ,SZ,xtdata.get_stock_list_in_sector
2026-07-07,2026-07-07 09:29:54,沪深ETF,1590,159858.SZ,SZ,xtdata.get_stock_list_in_sector
2026-07-07,2026-07-07 09:29:54,沪深ETF,1591,159186.SZ,SZ,xtdata.get_stock_list_in_sector
2026-07-07,2026-07-07 09:29:54,沪深ETF,1592,159501.SZ,SZ,xtdata.get_stock_list_in_sector
2026-07-07,2026-07-07 09:29:54,沪深ETF,1593,159575.SZ,SZ,xtdata.get_stock_list_in_sector
2026-07-07,2026-07-07 09:29:54,沪深ETF,1594,159018.SZ,SZ,xtdata.get_stock_list_in_sector
2026-07-07,2026-07-07 09:29:54,沪深ETF,1595,159237.SZ,SZ,xtdata.get_stock_list_in_sector
2026-07-07,2026-07-07 09:29:54,沪深ETF,1596,159658.SZ,SZ,xtdata.get_stock_list_in_sector
2026-07-07,2026-07-07 09:29:54,沪深ETF,1597,159243.SZ,SZ,xtdata.get_stock_list_in_sector
2026-07-07,2026-07-07 09:29:54,沪深ETF,1598,159335.SZ,SZ,xtdata.get_stock_list_in_sector
2026-07-07,2026-07-07 09:29:54,沪深ETF,1599,159145.SZ,SZ,xtdata.get_stock_list_in_sector
2026-07-07,2026-07-07 09:29:54,沪深ETF,1600,159131.SZ,SZ,xtdata.get_stock_list_in_sector
2026-07-07,2026-07-07 09:29:54,沪深ETF,1601,159807.SZ,SZ,xtdata.get_stock_list_in_sector
2026-07-07,2026-07-07 09:29:54,沪深ETF,1602,159873.SZ,SZ,xtdata.get_stock_list_in_sector
2026-07-07,2026-07-07 09:29:54,沪深ETF,1603,159905.SZ,SZ,xtdata.get_stock_list_in_sector
2026-07-07,2026-07-07 09:29:54,沪深ETF,1604,159971.SZ,SZ,xtdata.get_stock_list_in_sector
2026-07-07,2026-07-07 09:29:54,沪深ETF,1605,159033.SZ,SZ,xtdata.get_stock_list_in_sector
2026-07-07,2026-07-07 09:29:54,沪深ETF,1606,159814.SZ,SZ,xtdata.get_stock_list_in_sector
2026-07-07,2026-07-07 09:29:54,沪深ETF,1607,159156.SZ,SZ,xtdata.get_stock_list_in_sector
2026-07-07,2026-07-07 09:29:54,沪深ETF,1608,159888.SZ,SZ,xtdata.get_stock_list_in_sector
2026-07-07,2026-07-07 09:29:54,沪深ETF,1609,159122.SZ,SZ,xtdata.get_stock_list_in_sector
2026-07-07,2026-07-07 09:29:54,沪深ETF,1610,159539.SZ,SZ,xtdata.get_stock_list_in_sector
2026-07-07,2026-07-07 09:29:54,沪深ETF,1611,159020.SZ,SZ,xtdata.get_stock_list_in_sector
2026-07-07,2026-07-07 09:29:54,沪深ETF,1612,159916.SZ,SZ,xtdata.get_stock_list_in_sector
2026-07-07,2026-07-07 09:29:54,沪深ETF,1613,159326.SZ,SZ,xtdata.get_stock_list_in_sector
2026-07-07,2026-07-07 09:29:54,沪深ETF,1614,159352.SZ,SZ,xtdata.get_stock_list_in_sector
2026-07-07,2026-07-07 09:29:54,沪深ETF,1615,159930.SZ,SZ,xtdata.get_stock_list_in_sector
2026-07-07,2026-07-07 09:29:54,沪深ETF,1616,159944.SZ,SZ,xtdata.get_stock_list_in_sector
2026-07-07,2026-07-07 09:29:54,沪深ETF,1617,159198.SZ,SZ,xtdata.get_stock_list_in_sector
2026-07-07,2026-07-07 09:29:54,沪深ETF,1618,159583.SZ,SZ,xtdata.get_stock_list_in_sector
2026-07-07,2026-07-07 09:29:54,沪深ETF,1619,159170.SZ,SZ,xtdata.get_stock_list_in_sector
2026-07-07,2026-07-07 09:29:54,沪深ETF,1620,159787.SZ,SZ,xtdata.get_stock_list_in_sector
2026-07-07,2026-07-07 09:29:54,沪深ETF,1621,159300.SZ,SZ,xtdata.get_stock_list_in_sector
2026-07-07,2026-07-07 09:29:54,沪深ETF,1622,159202.SZ,SZ,xtdata.get_stock_list_in_sector
2026-07-07,2026-07-07 09:29:54,沪深ETF,1623,159619.SZ,SZ,xtdata.get_stock_list_in_sector
2026-07-07,2026-07-07 09:29:54,沪深ETF,1624,159276.SZ,SZ,xtdata.get_stock_list_in_sector
2026-07-07,2026-07-07 09:29:54,沪深ETF,1625,159685.SZ,SZ,xtdata.get_stock_list_in_sector
2026-07-07,2026-07-07 09:29:54,沪深ETF,1626,159708.SZ,SZ,xtdata.get_stock_list_in_sector
2026-07-07,2026-07-07 09:29:54,沪深ETF,1627,159367.SZ,SZ,xtdata.get_stock_list_in_sector
2026-07-07,2026-07-07 09:29:54,沪深ETF,1628,159696.SZ,SZ,xtdata.get_stock_list_in_sector
2026-07-07,2026-07-07 09:29:54,沪深ETF,1629,159211.SZ,SZ,xtdata.get_stock_list_in_sector
2026-07-07,2026-07-07 09:29:54,沪深ETF,1630,159265.SZ,SZ,xtdata.get_stock_list_in_sector
2026-07-07,2026-07-07 09:29:54,沪深ETF,1631,159923.SZ,SZ,xtdata.get_stock_list_in_sector
2026-07-07,2026-07-07 09:29:54,沪深ETF,1632,159957.SZ,SZ,xtdata.get_stock_list_in_sector
2026-07-07,2026-07-07 09:29:54,沪深ETF,1633,159061.SZ,SZ,xtdata.get_stock_list_in_sector
2026-07-07,2026-07-07 09:29:54,沪深ETF,1634,159015.SZ,SZ,xtdata.get_stock_list_in_sector
2026-07-07,2026-07-07 09:29:54,沪深ETF,1635,159578.SZ,SZ,xtdata.get_stock_list_in_sector
2026-07-07,2026-07-07 09:29:54,沪深ETF,1636,159163.SZ,SZ,xtdata.get_stock_list_in_sector
2026-07-07,2026-07-07 09:29:54,沪深ETF,1637,159117.SZ,SZ,xtdata.get_stock_list_in_sector
2026-07-07,2026-07-07 09:29:54,沪深ETF,1638,159821.SZ,SZ,xtdata.get_stock_list_in_sector
2026-07-07,2026-07-07 09:29:54,沪深ETF,1639,159590.SZ,SZ,xtdata.get_stock_list_in_sector
2026-07-07,2026-07-07 09:29:54,沪深ETF,1640,159855.SZ,SZ,xtdata.get_stock_list_in_sector
