snapshot_date,snapshot_time,sector_name,rank_in_return,etf_code,market,source_api
2026-07-14,2026-07-14 23:28:36,ETF股票型,1,159007.SZ,SZ,xtdata.get_stock_list_in_sector
2026-07-14,2026-07-14 23:28:36,ETF股票型,2,159008.SZ,SZ,xtdata.get_stock_list_in_sector
2026-07-14,2026-07-14 23:28:36,ETF股票型,3,159009.SZ,SZ,xtdata.get_stock_list_in_sector
2026-07-14,2026-07-14 23:28:36,ETF股票型,4,159011.SZ,SZ,xtdata.get_stock_list_in_sector
2026-07-14,2026-07-14 23:28:36,ETF股票型,5,159012.SZ,SZ,xtdata.get_stock_list_in_sector
2026-07-14,2026-07-14 23:28:36,ETF股票型,6,159013.SZ,SZ,xtdata.get_stock_list_in_sector
2026-07-14,2026-07-14 23:28:36,ETF股票型,7,159016.SZ,SZ,xtdata.get_stock_list_in_sector
2026-07-14,2026-07-14 23:28:36,ETF股票型,8,159017.SZ,SZ,xtdata.get_stock_list_in_sector
2026-07-14,2026-07-14 23:28:36,ETF股票型,9,159018.SZ,SZ,xtdata.get_stock_list_in_sector
2026-07-14,2026-07-14 23:28:36,ETF股票型,10,159019.SZ,SZ,xtdata.get_stock_list_in_sector
2026-07-14,2026-07-14 23:28:36,ETF股票型,11,159020.SZ,SZ,xtdata.get_stock_list_in_sector
2026-07-14,2026-07-14 23:28:36,ETF股票型,12,159021.SZ,SZ,xtdata.get_stock_list_in_sector
2026-07-14,2026-07-14 23:28:36,ETF股票型,13,159022.SZ,SZ,xtdata.get_stock_list_in_sector
2026-07-14,2026-07-14 23:28:36,ETF股票型,14,159023.SZ,SZ,xtdata.get_stock_list_in_sector
2026-07-14,2026-07-14 23:28:36,ETF股票型,15,159026.SZ,SZ,xtdata.get_stock_list_in_sector
2026-07-14,2026-07-14 23:28:36,ETF股票型,16,159027.SZ,SZ,xtdata.get_stock_list_in_sector
2026-07-14,2026-07-14 23:28:36,ETF股票型,17,159029.SZ,SZ,xtdata.get_stock_list_in_sector
2026-07-14,2026-07-14 23:28:36,ETF股票型,18,159030.SZ,SZ,xtdata.get_stock_list_in_sector
2026-07-14,2026-07-14 23:28:36,ETF股票型,19,159031.SZ,SZ,xtdata.get_stock_list_in_sector
2026-07-14,2026-07-14 23:28:36,ETF股票型,20,159032.SZ,SZ,xtdata.get_stock_list_in_sector
2026-07-14,2026-07-14 23:28:36,ETF股票型,21,159033.SZ,SZ,xtdata.get_stock_list_in_sector
2026-07-14,2026-07-14 23:28:36,ETF股票型,22,159035.SZ,SZ,xtdata.get_stock_list_in_sector
2026-07-14,2026-07-14 23:28:36,ETF股票型,23,159036.SZ,SZ,xtdata.get_stock_list_in_sector
2026-07-14,2026-07-14 23:28:36,ETF股票型,24,159037.SZ,SZ,xtdata.get_stock_list_in_sector
2026-07-14,2026-07-14 23:28:36,ETF股票型,25,159038.SZ,SZ,xtdata.get_stock_list_in_sector
2026-07-14,2026-07-14 23:28:36,ETF股票型,26,159039.SZ,SZ,xtdata.get_stock_list_in_sector
2026-07-14,2026-07-14 23:28:36,ETF股票型,27,159041.SZ,SZ,xtdata.get_stock_list_in_sector
2026-07-14,2026-07-14 23:28:36,ETF股票型,28,159042.SZ,SZ,xtdata.get_stock_list_in_sector
2026-07-14,2026-07-14 23:28:36,ETF股票型,29,159045.SZ,SZ,xtdata.get_stock_list_in_sector
2026-07-14,2026-07-14 23:28:36,ETF股票型,30,159046.SZ,SZ,xtdata.get_stock_list_in_sector
2026-07-14,2026-07-14 23:28:36,ETF股票型,31,159048.SZ,SZ,xtdata.get_stock_list_in_sector
2026-07-14,2026-07-14 23:28:36,ETF股票型,32,159049.SZ,SZ,xtdata.get_stock_list_in_sector
2026-07-14,2026-07-14 23:28:36,ETF股票型,33,159050.SZ,SZ,xtdata.get_stock_list_in_sector
2026-07-14,2026-07-14 23:28:36,ETF股票型,34,159051.SZ,SZ,xtdata.get_stock_list_in_sector
2026-07-14,2026-07-14 23:28:36,ETF股票型,35,159052.SZ,SZ,xtdata.get_stock_list_in_sector
2026-07-14,2026-07-14 23:28:36,ETF股票型,36,159053.SZ,SZ,xtdata.get_stock_list_in_sector
2026-07-14,2026-07-14 23:28:36,ETF股票型,37,159055.SZ,SZ,xtdata.get_stock_list_in_sector
2026-07-14,2026-07-14 23:28:36,ETF股票型,38,159056.SZ,SZ,xtdata.get_stock_list_in_sector
2026-07-14,2026-07-14 23:28:36,ETF股票型,39,159057.SZ,SZ,xtdata.get_stock_list_in_sector
2026-07-14,2026-07-14 23:28:36,ETF股票型,40,159060.SZ,SZ,xtdata.get_stock_list_in_sector
2026-07-14,2026-07-14 23:28:36,ETF股票型,41,159061.SZ,SZ,xtdata.get_stock_list_in_sector
2026-07-14,2026-07-14 23:28:36,ETF股票型,42,159062.SZ,SZ,xtdata.get_stock_list_in_sector
2026-07-14,2026-07-14 23:28:36,ETF股票型,43,159063.SZ,SZ,xtdata.get_stock_list_in_sector
2026-07-14,2026-07-14 23:28:36,ETF股票型,44,159065.SZ,SZ,xtdata.get_stock_list_in_sector
2026-07-14,2026-07-14 23:28:36,ETF股票型,45,159066.SZ,SZ,xtdata.get_stock_list_in_sector
2026-07-14,2026-07-14 23:28:36,ETF股票型,46,159067.SZ,SZ,xtdata.get_stock_list_in_sector
2026-07-14,2026-07-14 23:28:36,ETF股票型,47,159068.SZ,SZ,xtdata.get_stock_list_in_sector
2026-07-14,2026-07-14 23:28:36,ETF股票型,48,159070.SZ,SZ,xtdata.get_stock_list_in_sector
2026-07-14,2026-07-14 23:28:36,ETF股票型,49,159071.SZ,SZ,xtdata.get_stock_list_in_sector
2026-07-14,2026-07-14 23:28:36,ETF股票型,50,159076.SZ,SZ,xtdata.get_stock_list_in_sector
2026-07-14,2026-07-14 23:28:36,ETF股票型,51,159078.SZ,SZ,xtdata.get_stock_list_in_sector
2026-07-14,2026-07-14 23:28:36,ETF股票型,52,159103.SZ,SZ,xtdata.get_stock_list_in_sector
2026-07-14,2026-07-14 23:28:36,ETF股票型,53,159106.SZ,SZ,xtdata.get_stock_list_in_sector
2026-07-14,2026-07-14 23:28:36,ETF股票型,54,159107.SZ,SZ,xtdata.get_stock_list_in_sector
2026-07-14,2026-07-14 23:28:36,ETF股票型,55,159108.SZ,SZ,xtdata.get_stock_list_in_sector
2026-07-14,2026-07-14 23:28:36,ETF股票型,56,159119.SZ,SZ,xtdata.get_stock_list_in_sector
2026-07-14,2026-07-14 23:28:36,ETF股票型,57,159122.SZ,SZ,xtdata.get_stock_list_in_sector
2026-07-14,2026-07-14 23:28:36,ETF股票型,58,159123.SZ,SZ,xtdata.get_stock_list_in_sector
2026-07-14,2026-07-14 23:28:36,ETF股票型,59,159129.SZ,SZ,xtdata.get_stock_list_in_sector
2026-07-14,2026-07-14 23:28:36,ETF股票型,60,159133.SZ,SZ,xtdata.get_stock_list_in_sector
2026-07-14,2026-07-14 23:28:36,ETF股票型,61,159136.SZ,SZ,xtdata.get_stock_list_in_sector
2026-07-14,2026-07-14 23:28:36,ETF股票型,62,159138.SZ,SZ,xtdata.get_stock_list_in_sector
2026-07-14,2026-07-14 23:28:36,ETF股票型,63,159139.SZ,SZ,xtdata.get_stock_list_in_sector
2026-07-14,2026-07-14 23:28:36,ETF股票型,64,159140.SZ,SZ,xtdata.get_stock_list_in_sector
2026-07-14,2026-07-14 23:28:36,ETF股票型,65,159141.SZ,SZ,xtdata.get_stock_list_in_sector
2026-07-14,2026-07-14 23:28:36,ETF股票型,66,159142.SZ,SZ,xtdata.get_stock_list_in_sector
2026-07-14,2026-07-14 23:28:36,ETF股票型,67,159145.SZ,SZ,xtdata.get_stock_list_in_sector
2026-07-14,2026-07-14 23:28:36,ETF股票型,68,159146.SZ,SZ,xtdata.get_stock_list_in_sector
2026-07-14,2026-07-14 23:28:36,ETF股票型,69,159147.SZ,SZ,xtdata.get_stock_list_in_sector
2026-07-14,2026-07-14 23:28:36,ETF股票型,70,159148.SZ,SZ,xtdata.get_stock_list_in_sector
2026-07-14,2026-07-14 23:28:36,ETF股票型,71,159149.SZ,SZ,xtdata.get_stock_list_in_sector
2026-07-14,2026-07-14 23:28:36,ETF股票型,72,159150.SZ,SZ,xtdata.get_stock_list_in_sector
2026-07-14,2026-07-14 23:28:36,ETF股票型,73,159151.SZ,SZ,xtdata.get_stock_list_in_sector
2026-07-14,2026-07-14 23:28:36,ETF股票型,74,159153.SZ,SZ,xtdata.get_stock_list_in_sector
2026-07-14,2026-07-14 23:28:36,ETF股票型,75,159155.SZ,SZ,xtdata.get_stock_list_in_sector
2026-07-14,2026-07-14 23:28:36,ETF股票型,76,159156.SZ,SZ,xtdata.get_stock_list_in_sector
2026-07-14,2026-07-14 23:28:36,ETF股票型,77,159157.SZ,SZ,xtdata.get_stock_list_in_sector
2026-07-14,2026-07-14 23:28:36,ETF股票型,78,159158.SZ,SZ,xtdata.get_stock_list_in_sector
2026-07-14,2026-07-14 23:28:36,ETF股票型,79,159159.SZ,SZ,xtdata.get_stock_list_in_sector
2026-07-14,2026-07-14 23:28:36,ETF股票型,80,159160.SZ,SZ,xtdata.get_stock_list_in_sector
2026-07-14,2026-07-14 23:28:36,ETF股票型,81,159161.SZ,SZ,xtdata.get_stock_list_in_sector
2026-07-14,2026-07-14 23:28:36,ETF股票型,82,159162.SZ,SZ,xtdata.get_stock_list_in_sector
2026-07-14,2026-07-14 23:28:36,ETF股票型,83,159163.SZ,SZ,xtdata.get_stock_list_in_sector
2026-07-14,2026-07-14 23:28:36,ETF股票型,84,159165.SZ,SZ,xtdata.get_stock_list_in_sector
2026-07-14,2026-07-14 23:28:36,ETF股票型,85,159166.SZ,SZ,xtdata.get_stock_list_in_sector
2026-07-14,2026-07-14 23:28:36,ETF股票型,86,159168.SZ,SZ,xtdata.get_stock_list_in_sector
2026-07-14,2026-07-14 23:28:36,ETF股票型,87,159171.SZ,SZ,xtdata.get_stock_list_in_sector
2026-07-14,2026-07-14 23:28:36,ETF股票型,88,159172.SZ,SZ,xtdata.get_stock_list_in_sector
2026-07-14,2026-07-14 23:28:36,ETF股票型,89,159173.SZ,SZ,xtdata.get_stock_list_in_sector
2026-07-14,2026-07-14 23:28:36,ETF股票型,90,159175.SZ,SZ,xtdata.get_stock_list_in_sector
2026-07-14,2026-07-14 23:28:36,ETF股票型,91,159176.SZ,SZ,xtdata.get_stock_list_in_sector
2026-07-14,2026-07-14 23:28:36,ETF股票型,92,159177.SZ,SZ,xtdata.get_stock_list_in_sector
2026-07-14,2026-07-14 23:28:36,ETF股票型,93,159178.SZ,SZ,xtdata.get_stock_list_in_sector
2026-07-14,2026-07-14 23:28:36,ETF股票型,94,159180.SZ,SZ,xtdata.get_stock_list_in_sector
2026-07-14,2026-07-14 23:28:36,ETF股票型,95,159181.SZ,SZ,xtdata.get_stock_list_in_sector
2026-07-14,2026-07-14 23:28:36,ETF股票型,96,159182.SZ,SZ,xtdata.get_stock_list_in_sector
2026-07-14,2026-07-14 23:28:36,ETF股票型,97,159183.SZ,SZ,xtdata.get_stock_list_in_sector
2026-07-14,2026-07-14 23:28:36,ETF股票型,98,159187.SZ,SZ,xtdata.get_stock_list_in_sector
2026-07-14,2026-07-14 23:28:36,ETF股票型,99,159188.SZ,SZ,xtdata.get_stock_list_in_sector
2026-07-14,2026-07-14 23:28:36,ETF股票型,100,159189.SZ,SZ,xtdata.get_stock_list_in_sector
2026-07-14,2026-07-14 23:28:36,ETF股票型,101,159190.SZ,SZ,xtdata.get_stock_list_in_sector
2026-07-14,2026-07-14 23:28:36,ETF股票型,102,159192.SZ,SZ,xtdata.get_stock_list_in_sector
2026-07-14,2026-07-14 23:28:36,ETF股票型,103,159193.SZ,SZ,xtdata.get_stock_list_in_sector
2026-07-14,2026-07-14 23:28:36,ETF股票型,104,159195.SZ,SZ,xtdata.get_stock_list_in_sector
2026-07-14,2026-07-14 23:28:36,ETF股票型,105,159197.SZ,SZ,xtdata.get_stock_list_in_sector
2026-07-14,2026-07-14 23:28:36,ETF股票型,106,159199.SZ,SZ,xtdata.get_stock_list_in_sector
2026-07-14,2026-07-14 23:28:36,ETF股票型,107,159201.SZ,SZ,xtdata.get_stock_list_in_sector
2026-07-14,2026-07-14 23:28:36,ETF股票型,108,159203.SZ,SZ,xtdata.get_stock_list_in_sector
2026-07-14,2026-07-14 23:28:36,ETF股票型,109,159205.SZ,SZ,xtdata.get_stock_list_in_sector
2026-07-14,2026-07-14 23:28:36,ETF股票型,110,159206.SZ,SZ,xtdata.get_stock_list_in_sector
2026-07-14,2026-07-14 23:28:36,ETF股票型,111,159207.SZ,SZ,xtdata.get_stock_list_in_sector
2026-07-14,2026-07-14 23:28:36,ETF股票型,112,159208.SZ,SZ,xtdata.get_stock_list_in_sector
2026-07-14,2026-07-14 23:28:36,ETF股票型,113,159209.SZ,SZ,xtdata.get_stock_list_in_sector
2026-07-14,2026-07-14 23:28:36,ETF股票型,114,159211.SZ,SZ,xtdata.get_stock_list_in_sector
2026-07-14,2026-07-14 23:28:36,ETF股票型,115,159212.SZ,SZ,xtdata.get_stock_list_in_sector
2026-07-14,2026-07-14 23:28:36,ETF股票型,116,159213.SZ,SZ,xtdata.get_stock_list_in_sector
2026-07-14,2026-07-14 23:28:36,ETF股票型,117,159215.SZ,SZ,xtdata.get_stock_list_in_sector
2026-07-14,2026-07-14 23:28:36,ETF股票型,118,159216.SZ,SZ,xtdata.get_stock_list_in_sector
2026-07-14,2026-07-14 23:28:36,ETF股票型,119,159218.SZ,SZ,xtdata.get_stock_list_in_sector
2026-07-14,2026-07-14 23:28:36,ETF股票型,120,159219.SZ,SZ,xtdata.get_stock_list_in_sector
2026-07-14,2026-07-14 23:28:36,ETF股票型,121,159221.SZ,SZ,xtdata.get_stock_list_in_sector
2026-07-14,2026-07-14 23:28:36,ETF股票型,122,159222.SZ,SZ,xtdata.get_stock_list_in_sector
2026-07-14,2026-07-14 23:28:36,ETF股票型,123,159223.SZ,SZ,xtdata.get_stock_list_in_sector
2026-07-14,2026-07-14 23:28:36,ETF股票型,124,159225.SZ,SZ,xtdata.get_stock_list_in_sector
2026-07-14,2026-07-14 23:28:36,ETF股票型,125,159226.SZ,SZ,xtdata.get_stock_list_in_sector
2026-07-14,2026-07-14 23:28:36,ETF股票型,126,159227.SZ,SZ,xtdata.get_stock_list_in_sector
2026-07-14,2026-07-14 23:28:36,ETF股票型,127,159228.SZ,SZ,xtdata.get_stock_list_in_sector
2026-07-14,2026-07-14 23:28:36,ETF股票型,128,159229.SZ,SZ,xtdata.get_stock_list_in_sector
2026-07-14,2026-07-14 23:28:36,ETF股票型,129,159230.SZ,SZ,xtdata.get_stock_list_in_sector
2026-07-14,2026-07-14 23:28:36,ETF股票型,130,159231.SZ,SZ,xtdata.get_stock_list_in_sector
2026-07-14,2026-07-14 23:28:36,ETF股票型,131,159232.SZ,SZ,xtdata.get_stock_list_in_sector
2026-07-14,2026-07-14 23:28:36,ETF股票型,132,159233.SZ,SZ,xtdata.get_stock_list_in_sector
2026-07-14,2026-07-14 23:28:36,ETF股票型,133,159235.SZ,SZ,xtdata.get_stock_list_in_sector
2026-07-14,2026-07-14 23:28:36,ETF股票型,134,159236.SZ,SZ,xtdata.get_stock_list_in_sector
2026-07-14,2026-07-14 23:28:36,ETF股票型,135,159238.SZ,SZ,xtdata.get_stock_list_in_sector
2026-07-14,2026-07-14 23:28:36,ETF股票型,136,159240.SZ,SZ,xtdata.get_stock_list_in_sector
2026-07-14,2026-07-14 23:28:36,ETF股票型,137,159241.SZ,SZ,xtdata.get_stock_list_in_sector
2026-07-14,2026-07-14 23:28:36,ETF股票型,138,159242.SZ,SZ,xtdata.get_stock_list_in_sector
2026-07-14,2026-07-14 23:28:36,ETF股票型,139,159243.SZ,SZ,xtdata.get_stock_list_in_sector
2026-07-14,2026-07-14 23:28:36,ETF股票型,140,159246.SZ,SZ,xtdata.get_stock_list_in_sector
2026-07-14,2026-07-14 23:28:36,ETF股票型,141,159247.SZ,SZ,xtdata.get_stock_list_in_sector
2026-07-14,2026-07-14 23:28:36,ETF股票型,142,159248.SZ,SZ,xtdata.get_stock_list_in_sector
2026-07-14,2026-07-14 23:28:36,ETF股票型,143,159249.SZ,SZ,xtdata.get_stock_list_in_sector
2026-07-14,2026-07-14 23:28:36,ETF股票型,144,159253.SZ,SZ,xtdata.get_stock_list_in_sector
2026-07-14,2026-07-14 23:28:36,ETF股票型,145,159255.SZ,SZ,xtdata.get_stock_list_in_sector
2026-07-14,2026-07-14 23:28:36,ETF股票型,146,159256.SZ,SZ,xtdata.get_stock_list_in_sector
2026-07-14,2026-07-14 23:28:36,ETF股票型,147,159257.SZ,SZ,xtdata.get_stock_list_in_sector
2026-07-14,2026-07-14 23:28:36,ETF股票型,148,159258.SZ,SZ,xtdata.get_stock_list_in_sector
2026-07-14,2026-07-14 23:28:36,ETF股票型,149,159259.SZ,SZ,xtdata.get_stock_list_in_sector
2026-07-14,2026-07-14 23:28:36,ETF股票型,150,159260.SZ,SZ,xtdata.get_stock_list_in_sector
2026-07-14,2026-07-14 23:28:36,ETF股票型,151,159261.SZ,SZ,xtdata.get_stock_list_in_sector
2026-07-14,2026-07-14 23:28:36,ETF股票型,152,159263.SZ,SZ,xtdata.get_stock_list_in_sector
2026-07-14,2026-07-14 23:28:36,ETF股票型,153,159267.SZ,SZ,xtdata.get_stock_list_in_sector
2026-07-14,2026-07-14 23:28:36,ETF股票型,154,159270.SZ,SZ,xtdata.get_stock_list_in_sector
2026-07-14,2026-07-14 23:28:36,ETF股票型,155,159272.SZ,SZ,xtdata.get_stock_list_in_sector
2026-07-14,2026-07-14 23:28:36,ETF股票型,156,159273.SZ,SZ,xtdata.get_stock_list_in_sector
2026-07-14,2026-07-14 23:28:36,ETF股票型,157,159275.SZ,SZ,xtdata.get_stock_list_in_sector
2026-07-14,2026-07-14 23:28:36,ETF股票型,158,159276.SZ,SZ,xtdata.get_stock_list_in_sector
2026-07-14,2026-07-14 23:28:36,ETF股票型,159,159278.SZ,SZ,xtdata.get_stock_list_in_sector
2026-07-14,2026-07-14 23:28:36,ETF股票型,160,159279.SZ,SZ,xtdata.get_stock_list_in_sector
2026-07-14,2026-07-14 23:28:36,ETF股票型,161,159283.SZ,SZ,xtdata.get_stock_list_in_sector
2026-07-14,2026-07-14 23:28:36,ETF股票型,162,159287.SZ,SZ,xtdata.get_stock_list_in_sector
2026-07-14,2026-07-14 23:28:36,ETF股票型,163,159288.SZ,SZ,xtdata.get_stock_list_in_sector
2026-07-14,2026-07-14 23:28:36,ETF股票型,164,159289.SZ,SZ,xtdata.get_stock_list_in_sector
2026-07-14,2026-07-14 23:28:36,ETF股票型,165,159290.SZ,SZ,xtdata.get_stock_list_in_sector
2026-07-14,2026-07-14 23:28:36,ETF股票型,166,159291.SZ,SZ,xtdata.get_stock_list_in_sector
2026-07-14,2026-07-14 23:28:36,ETF股票型,167,159292.SZ,SZ,xtdata.get_stock_list_in_sector
2026-07-14,2026-07-14 23:28:36,ETF股票型,168,159293.SZ,SZ,xtdata.get_stock_list_in_sector
2026-07-14,2026-07-14 23:28:36,ETF股票型,169,159295.SZ,SZ,xtdata.get_stock_list_in_sector
2026-07-14,2026-07-14 23:28:36,ETF股票型,170,159296.SZ,SZ,xtdata.get_stock_list_in_sector
2026-07-14,2026-07-14 23:28:36,ETF股票型,171,159298.SZ,SZ,xtdata.get_stock_list_in_sector
2026-07-14,2026-07-14 23:28:36,ETF股票型,172,159299.SZ,SZ,xtdata.get_stock_list_in_sector
2026-07-14,2026-07-14 23:28:36,ETF股票型,173,159300.SZ,SZ,xtdata.get_stock_list_in_sector
2026-07-14,2026-07-14 23:28:36,ETF股票型,174,159301.SZ,SZ,xtdata.get_stock_list_in_sector
2026-07-14,2026-07-14 23:28:36,ETF股票型,175,159305.SZ,SZ,xtdata.get_stock_list_in_sector
2026-07-14,2026-07-14 23:28:36,ETF股票型,176,159306.SZ,SZ,xtdata.get_stock_list_in_sector
2026-07-14,2026-07-14 23:28:36,ETF股票型,177,159307.SZ,SZ,xtdata.get_stock_list_in_sector
2026-07-14,2026-07-14 23:28:36,ETF股票型,178,159309.SZ,SZ,xtdata.get_stock_list_in_sector
2026-07-14,2026-07-14 23:28:36,ETF股票型,179,159310.SZ,SZ,xtdata.get_stock_list_in_sector
2026-07-14,2026-07-14 23:28:36,ETF股票型,180,159311.SZ,SZ,xtdata.get_stock_list_in_sector
2026-07-14,2026-07-14 23:28:36,ETF股票型,181,159315.SZ,SZ,xtdata.get_stock_list_in_sector
2026-07-14,2026-07-14 23:28:36,ETF股票型,182,159320.SZ,SZ,xtdata.get_stock_list_in_sector
2026-07-14,2026-07-14 23:28:36,ETF股票型,183,159321.SZ,SZ,xtdata.get_stock_list_in_sector
2026-07-14,2026-07-14 23:28:36,ETF股票型,184,159322.SZ,SZ,xtdata.get_stock_list_in_sector
2026-07-14,2026-07-14 23:28:36,ETF股票型,185,159325.SZ,SZ,xtdata.get_stock_list_in_sector
2026-07-14,2026-07-14 23:28:36,ETF股票型,186,159326.SZ,SZ,xtdata.get_stock_list_in_sector
2026-07-14,2026-07-14 23:28:36,ETF股票型,187,159327.SZ,SZ,xtdata.get_stock_list_in_sector
2026-07-14,2026-07-14 23:28:36,ETF股票型,188,159328.SZ,SZ,xtdata.get_stock_list_in_sector
2026-07-14,2026-07-14 23:28:36,ETF股票型,189,159330.SZ,SZ,xtdata.get_stock_list_in_sector
2026-07-14,2026-07-14 23:28:36,ETF股票型,190,159332.SZ,SZ,xtdata.get_stock_list_in_sector
2026-07-14,2026-07-14 23:28:36,ETF股票型,191,159335.SZ,SZ,xtdata.get_stock_list_in_sector
2026-07-14,2026-07-14 23:28:36,ETF股票型,192,159336.SZ,SZ,xtdata.get_stock_list_in_sector
2026-07-14,2026-07-14 23:28:36,ETF股票型,193,159337.SZ,SZ,xtdata.get_stock_list_in_sector
2026-07-14,2026-07-14 23:28:36,ETF股票型,194,159338.SZ,SZ,xtdata.get_stock_list_in_sector
2026-07-14,2026-07-14 23:28:36,ETF股票型,195,159339.SZ,SZ,xtdata.get_stock_list_in_sector
2026-07-14,2026-07-14 23:28:36,ETF股票型,196,159350.SZ,SZ,xtdata.get_stock_list_in_sector
2026-07-14,2026-07-14 23:28:36,ETF股票型,197,159351.SZ,SZ,xtdata.get_stock_list_in_sector
2026-07-14,2026-07-14 23:28:36,ETF股票型,198,159352.SZ,SZ,xtdata.get_stock_list_in_sector
2026-07-14,2026-07-14 23:28:36,ETF股票型,199,159353.SZ,SZ,xtdata.get_stock_list_in_sector
2026-07-14,2026-07-14 23:28:36,ETF股票型,200,159355.SZ,SZ,xtdata.get_stock_list_in_sector
2026-07-14,2026-07-14 23:28:36,ETF股票型,201,159356.SZ,SZ,xtdata.get_stock_list_in_sector
2026-07-14,2026-07-14 23:28:36,ETF股票型,202,159357.SZ,SZ,xtdata.get_stock_list_in_sector
2026-07-14,2026-07-14 23:28:36,ETF股票型,203,159358.SZ,SZ,xtdata.get_stock_list_in_sector
2026-07-14,2026-07-14 23:28:36,ETF股票型,204,159359.SZ,SZ,xtdata.get_stock_list_in_sector
2026-07-14,2026-07-14 23:28:36,ETF股票型,205,159360.SZ,SZ,xtdata.get_stock_list_in_sector
2026-07-14,2026-07-14 23:28:36,ETF股票型,206,159361.SZ,SZ,xtdata.get_stock_list_in_sector
2026-07-14,2026-07-14 23:28:36,ETF股票型,207,159362.SZ,SZ,xtdata.get_stock_list_in_sector
2026-07-14,2026-07-14 23:28:36,ETF股票型,208,159363.SZ,SZ,xtdata.get_stock_list_in_sector
2026-07-14,2026-07-14 23:28:36,ETF股票型,209,159367.SZ,SZ,xtdata.get_stock_list_in_sector
2026-07-14,2026-07-14 23:28:36,ETF股票型,210,159368.SZ,SZ,xtdata.get_stock_list_in_sector
2026-07-14,2026-07-14 23:28:36,ETF股票型,211,159369.SZ,SZ,xtdata.get_stock_list_in_sector
2026-07-14,2026-07-14 23:28:36,ETF股票型,212,159370.SZ,SZ,xtdata.get_stock_list_in_sector
2026-07-14,2026-07-14 23:28:36,ETF股票型,213,159371.SZ,SZ,xtdata.get_stock_list_in_sector
2026-07-14,2026-07-14 23:28:36,ETF股票型,214,159372.SZ,SZ,xtdata.get_stock_list_in_sector
2026-07-14,2026-07-14 23:28:36,ETF股票型,215,159373.SZ,SZ,xtdata.get_stock_list_in_sector
2026-07-14,2026-07-14 23:28:36,ETF股票型,216,159375.SZ,SZ,xtdata.get_stock_list_in_sector
2026-07-14,2026-07-14 23:28:36,ETF股票型,217,159376.SZ,SZ,xtdata.get_stock_list_in_sector
2026-07-14,2026-07-14 23:28:36,ETF股票型,218,159377.SZ,SZ,xtdata.get_stock_list_in_sector
2026-07-14,2026-07-14 23:28:36,ETF股票型,219,159378.SZ,SZ,xtdata.get_stock_list_in_sector
2026-07-14,2026-07-14 23:28:36,ETF股票型,220,159379.SZ,SZ,xtdata.get_stock_list_in_sector
2026-07-14,2026-07-14 23:28:36,ETF股票型,221,159380.SZ,SZ,xtdata.get_stock_list_in_sector
2026-07-14,2026-07-14 23:28:36,ETF股票型,222,159381.SZ,SZ,xtdata.get_stock_list_in_sector
2026-07-14,2026-07-14 23:28:36,ETF股票型,223,159382.SZ,SZ,xtdata.get_stock_list_in_sector
2026-07-14,2026-07-14 23:28:36,ETF股票型,224,159383.SZ,SZ,xtdata.get_stock_list_in_sector
2026-07-14,2026-07-14 23:28:36,ETF股票型,225,159385.SZ,SZ,xtdata.get_stock_list_in_sector
2026-07-14,2026-07-14 23:28:36,ETF股票型,226,159386.SZ,SZ,xtdata.get_stock_list_in_sector
2026-07-14,2026-07-14 23:28:36,ETF股票型,227,159387.SZ,SZ,xtdata.get_stock_list_in_sector
2026-07-14,2026-07-14 23:28:36,ETF股票型,228,159388.SZ,SZ,xtdata.get_stock_list_in_sector
2026-07-14,2026-07-14 23:28:36,ETF股票型,229,159389.SZ,SZ,xtdata.get_stock_list_in_sector
2026-07-14,2026-07-14 23:28:36,ETF股票型,230,159390.SZ,SZ,xtdata.get_stock_list_in_sector
2026-07-14,2026-07-14 23:28:36,ETF股票型,231,159391.SZ,SZ,xtdata.get_stock_list_in_sector
2026-07-14,2026-07-14 23:28:36,ETF股票型,232,159392.SZ,SZ,xtdata.get_stock_list_in_sector
2026-07-14,2026-07-14 23:28:36,ETF股票型,233,159393.SZ,SZ,xtdata.get_stock_list_in_sector
2026-07-14,2026-07-14 23:28:36,ETF股票型,234,159399.SZ,SZ,xtdata.get_stock_list_in_sector
2026-07-14,2026-07-14 23:28:36,ETF股票型,235,159500.SZ,SZ,xtdata.get_stock_list_in_sector
2026-07-14,2026-07-14 23:28:36,ETF股票型,236,159505.SZ,SZ,xtdata.get_stock_list_in_sector
2026-07-14,2026-07-14 23:28:36,ETF股票型,237,159507.SZ,SZ,xtdata.get_stock_list_in_sector
2026-07-14,2026-07-14 23:28:36,ETF股票型,238,159508.SZ,SZ,xtdata.get_stock_list_in_sector
2026-07-14,2026-07-14 23:28:36,ETF股票型,239,159510.SZ,SZ,xtdata.get_stock_list_in_sector
2026-07-14,2026-07-14 23:28:36,ETF股票型,240,159511.SZ,SZ,xtdata.get_stock_list_in_sector
2026-07-14,2026-07-14 23:28:36,ETF股票型,241,159512.SZ,SZ,xtdata.get_stock_list_in_sector
2026-07-14,2026-07-14 23:28:36,ETF股票型,242,159515.SZ,SZ,xtdata.get_stock_list_in_sector
2026-07-14,2026-07-14 23:28:36,ETF股票型,243,159516.SZ,SZ,xtdata.get_stock_list_in_sector
2026-07-14,2026-07-14 23:28:36,ETF股票型,244,159517.SZ,SZ,xtdata.get_stock_list_in_sector
2026-07-14,2026-07-14 23:28:36,ETF股票型,245,159520.SZ,SZ,xtdata.get_stock_list_in_sector
2026-07-14,2026-07-14 23:28:36,ETF股票型,246,159521.SZ,SZ,xtdata.get_stock_list_in_sector
2026-07-14,2026-07-14 23:28:36,ETF股票型,247,159523.SZ,SZ,xtdata.get_stock_list_in_sector
2026-07-14,2026-07-14 23:28:36,ETF股票型,248,159525.SZ,SZ,xtdata.get_stock_list_in_sector
2026-07-14,2026-07-14 23:28:36,ETF股票型,249,159526.SZ,SZ,xtdata.get_stock_list_in_sector
2026-07-14,2026-07-14 23:28:36,ETF股票型,250,159527.SZ,SZ,xtdata.get_stock_list_in_sector
2026-07-14,2026-07-14 23:28:36,ETF股票型,251,159528.SZ,SZ,xtdata.get_stock_list_in_sector
2026-07-14,2026-07-14 23:28:36,ETF股票型,252,159530.SZ,SZ,xtdata.get_stock_list_in_sector
2026-07-14,2026-07-14 23:28:36,ETF股票型,253,159531.SZ,SZ,xtdata.get_stock_list_in_sector
2026-07-14,2026-07-14 23:28:36,ETF股票型,254,159532.SZ,SZ,xtdata.get_stock_list_in_sector
2026-07-14,2026-07-14 23:28:36,ETF股票型,255,159533.SZ,SZ,xtdata.get_stock_list_in_sector
2026-07-14,2026-07-14 23:28:36,ETF股票型,256,159535.SZ,SZ,xtdata.get_stock_list_in_sector
2026-07-14,2026-07-14 23:28:36,ETF股票型,257,159536.SZ,SZ,xtdata.get_stock_list_in_sector
2026-07-14,2026-07-14 23:28:36,ETF股票型,258,159537.SZ,SZ,xtdata.get_stock_list_in_sector
2026-07-14,2026-07-14 23:28:36,ETF股票型,259,159538.SZ,SZ,xtdata.get_stock_list_in_sector
2026-07-14,2026-07-14 23:28:36,ETF股票型,260,159539.SZ,SZ,xtdata.get_stock_list_in_sector
2026-07-14,2026-07-14 23:28:36,ETF股票型,261,159540.SZ,SZ,xtdata.get_stock_list_in_sector
2026-07-14,2026-07-14 23:28:36,ETF股票型,262,159541.SZ,SZ,xtdata.get_stock_list_in_sector
2026-07-14,2026-07-14 23:28:36,ETF股票型,263,159542.SZ,SZ,xtdata.get_stock_list_in_sector
2026-07-14,2026-07-14 23:28:36,ETF股票型,264,159543.SZ,SZ,xtdata.get_stock_list_in_sector
2026-07-14,2026-07-14 23:28:36,ETF股票型,265,159546.SZ,SZ,xtdata.get_stock_list_in_sector
2026-07-14,2026-07-14 23:28:36,ETF股票型,266,159547.SZ,SZ,xtdata.get_stock_list_in_sector
2026-07-14,2026-07-14 23:28:36,ETF股票型,267,159549.SZ,SZ,xtdata.get_stock_list_in_sector
2026-07-14,2026-07-14 23:28:36,ETF股票型,268,159550.SZ,SZ,xtdata.get_stock_list_in_sector
2026-07-14,2026-07-14 23:28:36,ETF股票型,269,159551.SZ,SZ,xtdata.get_stock_list_in_sector
2026-07-14,2026-07-14 23:28:36,ETF股票型,270,159552.SZ,SZ,xtdata.get_stock_list_in_sector
2026-07-14,2026-07-14 23:28:36,ETF股票型,271,159553.SZ,SZ,xtdata.get_stock_list_in_sector
2026-07-14,2026-07-14 23:28:36,ETF股票型,272,159555.SZ,SZ,xtdata.get_stock_list_in_sector
2026-07-14,2026-07-14 23:28:36,ETF股票型,273,159556.SZ,SZ,xtdata.get_stock_list_in_sector
2026-07-14,2026-07-14 23:28:36,ETF股票型,274,159558.SZ,SZ,xtdata.get_stock_list_in_sector
2026-07-14,2026-07-14 23:28:36,ETF股票型,275,159559.SZ,SZ,xtdata.get_stock_list_in_sector
2026-07-14,2026-07-14 23:28:36,ETF股票型,276,159560.SZ,SZ,xtdata.get_stock_list_in_sector
2026-07-14,2026-07-14 23:28:36,ETF股票型,277,159562.SZ,SZ,xtdata.get_stock_list_in_sector
2026-07-14,2026-07-14 23:28:36,ETF股票型,278,159563.SZ,SZ,xtdata.get_stock_list_in_sector
2026-07-14,2026-07-14 23:28:36,ETF股票型,279,159565.SZ,SZ,xtdata.get_stock_list_in_sector
2026-07-14,2026-07-14 23:28:36,ETF股票型,280,159566.SZ,SZ,xtdata.get_stock_list_in_sector
2026-07-14,2026-07-14 23:28:36,ETF股票型,281,159571.SZ,SZ,xtdata.get_stock_list_in_sector
2026-07-14,2026-07-14 23:28:36,ETF股票型,282,159572.SZ,SZ,xtdata.get_stock_list_in_sector
2026-07-14,2026-07-14 23:28:36,ETF股票型,283,159573.SZ,SZ,xtdata.get_stock_list_in_sector
2026-07-14,2026-07-14 23:28:36,ETF股票型,284,159575.SZ,SZ,xtdata.get_stock_list_in_sector
2026-07-14,2026-07-14 23:28:36,ETF股票型,285,159576.SZ,SZ,xtdata.get_stock_list_in_sector
2026-07-14,2026-07-14 23:28:36,ETF股票型,286,159578.SZ,SZ,xtdata.get_stock_list_in_sector
2026-07-14,2026-07-14 23:28:36,ETF股票型,287,159581.SZ,SZ,xtdata.get_stock_list_in_sector
2026-07-14,2026-07-14 23:28:36,ETF股票型,288,159582.SZ,SZ,xtdata.get_stock_list_in_sector
2026-07-14,2026-07-14 23:28:36,ETF股票型,289,159583.SZ,SZ,xtdata.get_stock_list_in_sector
2026-07-14,2026-07-14 23:28:36,ETF股票型,290,159586.SZ,SZ,xtdata.get_stock_list_in_sector
2026-07-14,2026-07-14 23:28:36,ETF股票型,291,159587.SZ,SZ,xtdata.get_stock_list_in_sector
2026-07-14,2026-07-14 23:28:36,ETF股票型,292,159588.SZ,SZ,xtdata.get_stock_list_in_sector
2026-07-14,2026-07-14 23:28:36,ETF股票型,293,159589.SZ,SZ,xtdata.get_stock_list_in_sector
2026-07-14,2026-07-14 23:28:36,ETF股票型,294,159590.SZ,SZ,xtdata.get_stock_list_in_sector
2026-07-14,2026-07-14 23:28:36,ETF股票型,295,159591.SZ,SZ,xtdata.get_stock_list_in_sector
2026-07-14,2026-07-14 23:28:36,ETF股票型,296,159592.SZ,SZ,xtdata.get_stock_list_in_sector
2026-07-14,2026-07-14 23:28:36,ETF股票型,297,159593.SZ,SZ,xtdata.get_stock_list_in_sector
2026-07-14,2026-07-14 23:28:36,ETF股票型,298,159595.SZ,SZ,xtdata.get_stock_list_in_sector
2026-07-14,2026-07-14 23:28:36,ETF股票型,299,159596.SZ,SZ,xtdata.get_stock_list_in_sector
2026-07-14,2026-07-14 23:28:36,ETF股票型,300,159597.SZ,SZ,xtdata.get_stock_list_in_sector
2026-07-14,2026-07-14 23:28:36,ETF股票型,301,159599.SZ,SZ,xtdata.get_stock_list_in_sector
2026-07-14,2026-07-14 23:28:36,ETF股票型,302,159601.SZ,SZ,xtdata.get_stock_list_in_sector
2026-07-14,2026-07-14 23:28:36,ETF股票型,303,159602.SZ,SZ,xtdata.get_stock_list_in_sector
2026-07-14,2026-07-14 23:28:36,ETF股票型,304,159603.SZ,SZ,xtdata.get_stock_list_in_sector
2026-07-14,2026-07-14 23:28:36,ETF股票型,305,159606.SZ,SZ,xtdata.get_stock_list_in_sector
2026-07-14,2026-07-14 23:28:36,ETF股票型,306,159608.SZ,SZ,xtdata.get_stock_list_in_sector
2026-07-14,2026-07-14 23:28:36,ETF股票型,307,159609.SZ,SZ,xtdata.get_stock_list_in_sector
2026-07-14,2026-07-14 23:28:36,ETF股票型,308,159610.SZ,SZ,xtdata.get_stock_list_in_sector
2026-07-14,2026-07-14 23:28:36,ETF股票型,309,159611.SZ,SZ,xtdata.get_stock_list_in_sector
2026-07-14,2026-07-14 23:28:36,ETF股票型,310,159613.SZ,SZ,xtdata.get_stock_list_in_sector
2026-07-14,2026-07-14 23:28:36,ETF股票型,311,159616.SZ,SZ,xtdata.get_stock_list_in_sector
2026-07-14,2026-07-14 23:28:36,ETF股票型,312,159617.SZ,SZ,xtdata.get_stock_list_in_sector
2026-07-14,2026-07-14 23:28:36,ETF股票型,313,159618.SZ,SZ,xtdata.get_stock_list_in_sector
2026-07-14,2026-07-14 23:28:36,ETF股票型,314,159619.SZ,SZ,xtdata.get_stock_list_in_sector
2026-07-14,2026-07-14 23:28:36,ETF股票型,315,159620.SZ,SZ,xtdata.get_stock_list_in_sector
2026-07-14,2026-07-14 23:28:36,ETF股票型,316,159621.SZ,SZ,xtdata.get_stock_list_in_sector
2026-07-14,2026-07-14 23:28:36,ETF股票型,317,159622.SZ,SZ,xtdata.get_stock_list_in_sector
2026-07-14,2026-07-14 23:28:36,ETF股票型,318,159623.SZ,SZ,xtdata.get_stock_list_in_sector
2026-07-14,2026-07-14 23:28:36,ETF股票型,319,159625.SZ,SZ,xtdata.get_stock_list_in_sector
2026-07-14,2026-07-14 23:28:36,ETF股票型,320,159627.SZ,SZ,xtdata.get_stock_list_in_sector
2026-07-14,2026-07-14 23:28:36,ETF股票型,321,159628.SZ,SZ,xtdata.get_stock_list_in_sector
2026-07-14,2026-07-14 23:28:36,ETF股票型,322,159629.SZ,SZ,xtdata.get_stock_list_in_sector
2026-07-14,2026-07-14 23:28:36,ETF股票型,323,159630.SZ,SZ,xtdata.get_stock_list_in_sector
2026-07-14,2026-07-14 23:28:36,ETF股票型,324,159631.SZ,SZ,xtdata.get_stock_list_in_sector
2026-07-14,2026-07-14 23:28:36,ETF股票型,325,159633.SZ,SZ,xtdata.get_stock_list_in_sector
2026-07-14,2026-07-14 23:28:36,ETF股票型,326,159635.SZ,SZ,xtdata.get_stock_list_in_sector
2026-07-14,2026-07-14 23:28:36,ETF股票型,327,159637.SZ,SZ,xtdata.get_stock_list_in_sector
2026-07-14,2026-07-14 23:28:36,ETF股票型,328,159638.SZ,SZ,xtdata.get_stock_list_in_sector
2026-07-14,2026-07-14 23:28:36,ETF股票型,329,159639.SZ,SZ,xtdata.get_stock_list_in_sector
2026-07-14,2026-07-14 23:28:36,ETF股票型,330,159640.SZ,SZ,xtdata.get_stock_list_in_sector
2026-07-14,2026-07-14 23:28:36,ETF股票型,331,159641.SZ,SZ,xtdata.get_stock_list_in_sector
2026-07-14,2026-07-14 23:28:36,ETF股票型,332,159642.SZ,SZ,xtdata.get_stock_list_in_sector
2026-07-14,2026-07-14 23:28:36,ETF股票型,333,159643.SZ,SZ,xtdata.get_stock_list_in_sector
2026-07-14,2026-07-14 23:28:36,ETF股票型,334,159645.SZ,SZ,xtdata.get_stock_list_in_sector
2026-07-14,2026-07-14 23:28:36,ETF股票型,335,159647.SZ,SZ,xtdata.get_stock_list_in_sector
2026-07-14,2026-07-14 23:28:36,ETF股票型,336,159652.SZ,SZ,xtdata.get_stock_list_in_sector
2026-07-14,2026-07-14 23:28:36,ETF股票型,337,159653.SZ,SZ,xtdata.get_stock_list_in_sector
2026-07-14,2026-07-14 23:28:36,ETF股票型,338,159656.SZ,SZ,xtdata.get_stock_list_in_sector
2026-07-14,2026-07-14 23:28:36,ETF股票型,339,159657.SZ,SZ,xtdata.get_stock_list_in_sector
2026-07-14,2026-07-14 23:28:36,ETF股票型,340,159658.SZ,SZ,xtdata.get_stock_list_in_sector
2026-07-14,2026-07-14 23:28:36,ETF股票型,341,159661.SZ,SZ,xtdata.get_stock_list_in_sector
2026-07-14,2026-07-14 23:28:36,ETF股票型,342,159662.SZ,SZ,xtdata.get_stock_list_in_sector
2026-07-14,2026-07-14 23:28:36,ETF股票型,343,159663.SZ,SZ,xtdata.get_stock_list_in_sector
2026-07-14,2026-07-14 23:28:36,ETF股票型,344,159665.SZ,SZ,xtdata.get_stock_list_in_sector
2026-07-14,2026-07-14 23:28:36,ETF股票型,345,159666.SZ,SZ,xtdata.get_stock_list_in_sector
2026-07-14,2026-07-14 23:28:36,ETF股票型,346,159667.SZ,SZ,xtdata.get_stock_list_in_sector
2026-07-14,2026-07-14 23:28:36,ETF股票型,347,159669.SZ,SZ,xtdata.get_stock_list_in_sector
2026-07-14,2026-07-14 23:28:36,ETF股票型,348,159670.SZ,SZ,xtdata.get_stock_list_in_sector
2026-07-14,2026-07-14 23:28:36,ETF股票型,349,159671.SZ,SZ,xtdata.get_stock_list_in_sector
2026-07-14,2026-07-14 23:28:36,ETF股票型,350,159672.SZ,SZ,xtdata.get_stock_list_in_sector
2026-07-14,2026-07-14 23:28:36,ETF股票型,351,159673.SZ,SZ,xtdata.get_stock_list_in_sector
2026-07-14,2026-07-14 23:28:36,ETF股票型,352,159675.SZ,SZ,xtdata.get_stock_list_in_sector
2026-07-14,2026-07-14 23:28:36,ETF股票型,353,159676.SZ,SZ,xtdata.get_stock_list_in_sector
2026-07-14,2026-07-14 23:28:36,ETF股票型,354,159677.SZ,SZ,xtdata.get_stock_list_in_sector
2026-07-14,2026-07-14 23:28:36,ETF股票型,355,159678.SZ,SZ,xtdata.get_stock_list_in_sector
2026-07-14,2026-07-14 23:28:36,ETF股票型,356,159679.SZ,SZ,xtdata.get_stock_list_in_sector
2026-07-14,2026-07-14 23:28:36,ETF股票型,357,159680.SZ,SZ,xtdata.get_stock_list_in_sector
2026-07-14,2026-07-14 23:28:36,ETF股票型,358,159681.SZ,SZ,xtdata.get_stock_list_in_sector
2026-07-14,2026-07-14 23:28:36,ETF股票型,359,159682.SZ,SZ,xtdata.get_stock_list_in_sector
2026-07-14,2026-07-14 23:28:36,ETF股票型,360,159685.SZ,SZ,xtdata.get_stock_list_in_sector
2026-07-14,2026-07-14 23:28:36,ETF股票型,361,159686.SZ,SZ,xtdata.get_stock_list_in_sector
2026-07-14,2026-07-14 23:28:36,ETF股票型,362,159689.SZ,SZ,xtdata.get_stock_list_in_sector
2026-07-14,2026-07-14 23:28:36,ETF股票型,363,159690.SZ,SZ,xtdata.get_stock_list_in_sector
2026-07-14,2026-07-14 23:28:36,ETF股票型,364,159692.SZ,SZ,xtdata.get_stock_list_in_sector
2026-07-14,2026-07-14 23:28:36,ETF股票型,365,159695.SZ,SZ,xtdata.get_stock_list_in_sector
2026-07-14,2026-07-14 23:28:36,ETF股票型,366,159697.SZ,SZ,xtdata.get_stock_list_in_sector
2026-07-14,2026-07-14 23:28:36,ETF股票型,367,159698.SZ,SZ,xtdata.get_stock_list_in_sector
2026-07-14,2026-07-14 23:28:36,ETF股票型,368,159701.SZ,SZ,xtdata.get_stock_list_in_sector
2026-07-14,2026-07-14 23:28:36,ETF股票型,369,159703.SZ,SZ,xtdata.get_stock_list_in_sector
2026-07-14,2026-07-14 23:28:36,ETF股票型,370,159706.SZ,SZ,xtdata.get_stock_list_in_sector
2026-07-14,2026-07-14 23:28:36,ETF股票型,371,159707.SZ,SZ,xtdata.get_stock_list_in_sector
2026-07-14,2026-07-14 23:28:36,ETF股票型,372,159708.SZ,SZ,xtdata.get_stock_list_in_sector
2026-07-14,2026-07-14 23:28:36,ETF股票型,373,159709.SZ,SZ,xtdata.get_stock_list_in_sector
2026-07-14,2026-07-14 23:28:36,ETF股票型,374,159713.SZ,SZ,xtdata.get_stock_list_in_sector
2026-07-14,2026-07-14 23:28:36,ETF股票型,375,159715.SZ,SZ,xtdata.get_stock_list_in_sector
2026-07-14,2026-07-14 23:28:36,ETF股票型,376,159716.SZ,SZ,xtdata.get_stock_list_in_sector
2026-07-14,2026-07-14 23:28:36,ETF股票型,377,159717.SZ,SZ,xtdata.get_stock_list_in_sector
2026-07-14,2026-07-14 23:28:36,ETF股票型,378,159719.SZ,SZ,xtdata.get_stock_list_in_sector
2026-07-14,2026-07-14 23:28:36,ETF股票型,379,159720.SZ,SZ,xtdata.get_stock_list_in_sector
2026-07-14,2026-07-14 23:28:36,ETF股票型,380,159721.SZ,SZ,xtdata.get_stock_list_in_sector
2026-07-14,2026-07-14 23:28:36,ETF股票型,381,159723.SZ,SZ,xtdata.get_stock_list_in_sector
2026-07-14,2026-07-14 23:28:36,ETF股票型,382,159725.SZ,SZ,xtdata.get_stock_list_in_sector
2026-07-14,2026-07-14 23:28:36,ETF股票型,383,159728.SZ,SZ,xtdata.get_stock_list_in_sector
2026-07-14,2026-07-14 23:28:36,ETF股票型,384,159729.SZ,SZ,xtdata.get_stock_list_in_sector
2026-07-14,2026-07-14 23:28:36,ETF股票型,385,159730.SZ,SZ,xtdata.get_stock_list_in_sector
2026-07-14,2026-07-14 23:28:36,ETF股票型,386,159731.SZ,SZ,xtdata.get_stock_list_in_sector
2026-07-14,2026-07-14 23:28:36,ETF股票型,387,159732.SZ,SZ,xtdata.get_stock_list_in_sector
2026-07-14,2026-07-14 23:28:36,ETF股票型,388,159736.SZ,SZ,xtdata.get_stock_list_in_sector
2026-07-14,2026-07-14 23:28:36,ETF股票型,389,159738.SZ,SZ,xtdata.get_stock_list_in_sector
2026-07-14,2026-07-14 23:28:36,ETF股票型,390,159739.SZ,SZ,xtdata.get_stock_list_in_sector
2026-07-14,2026-07-14 23:28:36,ETF股票型,391,159743.SZ,SZ,xtdata.get_stock_list_in_sector
2026-07-14,2026-07-14 23:28:36,ETF股票型,392,159745.SZ,SZ,xtdata.get_stock_list_in_sector
2026-07-14,2026-07-14 23:28:36,ETF股票型,393,159748.SZ,SZ,xtdata.get_stock_list_in_sector
2026-07-14,2026-07-14 23:28:36,ETF股票型,394,159752.SZ,SZ,xtdata.get_stock_list_in_sector
2026-07-14,2026-07-14 23:28:36,ETF股票型,395,159755.SZ,SZ,xtdata.get_stock_list_in_sector
2026-07-14,2026-07-14 23:28:36,ETF股票型,396,159757.SZ,SZ,xtdata.get_stock_list_in_sector
2026-07-14,2026-07-14 23:28:36,ETF股票型,397,159758.SZ,SZ,xtdata.get_stock_list_in_sector
2026-07-14,2026-07-14 23:28:36,ETF股票型,398,159760.SZ,SZ,xtdata.get_stock_list_in_sector
2026-07-14,2026-07-14 23:28:36,ETF股票型,399,159761.SZ,SZ,xtdata.get_stock_list_in_sector
2026-07-14,2026-07-14 23:28:36,ETF股票型,400,159763.SZ,SZ,xtdata.get_stock_list_in_sector
2026-07-14,2026-07-14 23:28:36,ETF股票型,401,159766.SZ,SZ,xtdata.get_stock_list_in_sector
2026-07-14,2026-07-14 23:28:36,ETF股票型,402,159767.SZ,SZ,xtdata.get_stock_list_in_sector
2026-07-14,2026-07-14 23:28:36,ETF股票型,403,159768.SZ,SZ,xtdata.get_stock_list_in_sector
2026-07-14,2026-07-14 23:28:36,ETF股票型,404,159770.SZ,SZ,xtdata.get_stock_list_in_sector
2026-07-14,2026-07-14 23:28:36,ETF股票型,405,159773.SZ,SZ,xtdata.get_stock_list_in_sector
2026-07-14,2026-07-14 23:28:36,ETF股票型,406,159775.SZ,SZ,xtdata.get_stock_list_in_sector
2026-07-14,2026-07-14 23:28:36,ETF股票型,407,159777.SZ,SZ,xtdata.get_stock_list_in_sector
2026-07-14,2026-07-14 23:28:36,ETF股票型,408,159778.SZ,SZ,xtdata.get_stock_list_in_sector
2026-07-14,2026-07-14 23:28:36,ETF股票型,409,159779.SZ,SZ,xtdata.get_stock_list_in_sector
2026-07-14,2026-07-14 23:28:36,ETF股票型,410,159780.SZ,SZ,xtdata.get_stock_list_in_sector
2026-07-14,2026-07-14 23:28:36,ETF股票型,411,159781.SZ,SZ,xtdata.get_stock_list_in_sector
2026-07-14,2026-07-14 23:28:36,ETF股票型,412,159782.SZ,SZ,xtdata.get_stock_list_in_sector
2026-07-14,2026-07-14 23:28:36,ETF股票型,413,159783.SZ,SZ,xtdata.get_stock_list_in_sector
2026-07-14,2026-07-14 23:28:36,ETF股票型,414,159786.SZ,SZ,xtdata.get_stock_list_in_sector
2026-07-14,2026-07-14 23:28:36,ETF股票型,415,159787.SZ,SZ,xtdata.get_stock_list_in_sector
2026-07-14,2026-07-14 23:28:36,ETF股票型,416,159790.SZ,SZ,xtdata.get_stock_list_in_sector
2026-07-14,2026-07-14 23:28:36,ETF股票型,417,159791.SZ,SZ,xtdata.get_stock_list_in_sector
2026-07-14,2026-07-14 23:28:36,ETF股票型,418,159793.SZ,SZ,xtdata.get_stock_list_in_sector
2026-07-14,2026-07-14 23:28:36,ETF股票型,419,159795.SZ,SZ,xtdata.get_stock_list_in_sector
2026-07-14,2026-07-14 23:28:36,ETF股票型,420,159796.SZ,SZ,xtdata.get_stock_list_in_sector
2026-07-14,2026-07-14 23:28:36,ETF股票型,421,159797.SZ,SZ,xtdata.get_stock_list_in_sector
2026-07-14,2026-07-14 23:28:36,ETF股票型,422,159798.SZ,SZ,xtdata.get_stock_list_in_sector
2026-07-14,2026-07-14 23:28:36,ETF股票型,423,159800.SZ,SZ,xtdata.get_stock_list_in_sector
2026-07-14,2026-07-14 23:28:36,ETF股票型,424,159801.SZ,SZ,xtdata.get_stock_list_in_sector
2026-07-14,2026-07-14 23:28:36,ETF股票型,425,159804.SZ,SZ,xtdata.get_stock_list_in_sector
2026-07-14,2026-07-14 23:28:36,ETF股票型,426,159805.SZ,SZ,xtdata.get_stock_list_in_sector
2026-07-14,2026-07-14 23:28:36,ETF股票型,427,159806.SZ,SZ,xtdata.get_stock_list_in_sector
2026-07-14,2026-07-14 23:28:36,ETF股票型,428,159807.SZ,SZ,xtdata.get_stock_list_in_sector
2026-07-14,2026-07-14 23:28:36,ETF股票型,429,159808.SZ,SZ,xtdata.get_stock_list_in_sector
2026-07-14,2026-07-14 23:28:36,ETF股票型,430,159810.SZ,SZ,xtdata.get_stock_list_in_sector
2026-07-14,2026-07-14 23:28:36,ETF股票型,431,159811.SZ,SZ,xtdata.get_stock_list_in_sector
2026-07-14,2026-07-14 23:28:36,ETF股票型,432,159813.SZ,SZ,xtdata.get_stock_list_in_sector
2026-07-14,2026-07-14 23:28:36,ETF股票型,433,159814.SZ,SZ,xtdata.get_stock_list_in_sector
2026-07-14,2026-07-14 23:28:36,ETF股票型,434,159819.SZ,SZ,xtdata.get_stock_list_in_sector
2026-07-14,2026-07-14 23:28:36,ETF股票型,435,159820.SZ,SZ,xtdata.get_stock_list_in_sector
2026-07-14,2026-07-14 23:28:36,ETF股票型,436,159821.SZ,SZ,xtdata.get_stock_list_in_sector
2026-07-14,2026-07-14 23:28:36,ETF股票型,437,159824.SZ,SZ,xtdata.get_stock_list_in_sector
2026-07-14,2026-07-14 23:28:36,ETF股票型,438,159825.SZ,SZ,xtdata.get_stock_list_in_sector
2026-07-14,2026-07-14 23:28:36,ETF股票型,439,159827.SZ,SZ,xtdata.get_stock_list_in_sector
2026-07-14,2026-07-14 23:28:36,ETF股票型,440,159828.SZ,SZ,xtdata.get_stock_list_in_sector
2026-07-14,2026-07-14 23:28:36,ETF股票型,441,159835.SZ,SZ,xtdata.get_stock_list_in_sector
2026-07-14,2026-07-14 23:28:36,ETF股票型,442,159836.SZ,SZ,xtdata.get_stock_list_in_sector
2026-07-14,2026-07-14 23:28:36,ETF股票型,443,159837.SZ,SZ,xtdata.get_stock_list_in_sector
2026-07-14,2026-07-14 23:28:36,ETF股票型,444,159838.SZ,SZ,xtdata.get_stock_list_in_sector
2026-07-14,2026-07-14 23:28:36,ETF股票型,445,159839.SZ,SZ,xtdata.get_stock_list_in_sector
2026-07-14,2026-07-14 23:28:36,ETF股票型,446,159840.SZ,SZ,xtdata.get_stock_list_in_sector
2026-07-14,2026-07-14 23:28:36,ETF股票型,447,159841.SZ,SZ,xtdata.get_stock_list_in_sector
2026-07-14,2026-07-14 23:28:36,ETF股票型,448,159842.SZ,SZ,xtdata.get_stock_list_in_sector
2026-07-14,2026-07-14 23:28:36,ETF股票型,449,159843.SZ,SZ,xtdata.get_stock_list_in_sector
2026-07-14,2026-07-14 23:28:36,ETF股票型,450,159845.SZ,SZ,xtdata.get_stock_list_in_sector
2026-07-14,2026-07-14 23:28:36,ETF股票型,451,159847.SZ,SZ,xtdata.get_stock_list_in_sector
2026-07-14,2026-07-14 23:28:36,ETF股票型,452,159848.SZ,SZ,xtdata.get_stock_list_in_sector
2026-07-14,2026-07-14 23:28:36,ETF股票型,453,159849.SZ,SZ,xtdata.get_stock_list_in_sector
2026-07-14,2026-07-14 23:28:36,ETF股票型,454,159851.SZ,SZ,xtdata.get_stock_list_in_sector
2026-07-14,2026-07-14 23:28:36,ETF股票型,455,159852.SZ,SZ,xtdata.get_stock_list_in_sector
2026-07-14,2026-07-14 23:28:36,ETF股票型,456,159855.SZ,SZ,xtdata.get_stock_list_in_sector
2026-07-14,2026-07-14 23:28:36,ETF股票型,457,159856.SZ,SZ,xtdata.get_stock_list_in_sector
2026-07-14,2026-07-14 23:28:36,ETF股票型,458,159857.SZ,SZ,xtdata.get_stock_list_in_sector
2026-07-14,2026-07-14 23:28:36,ETF股票型,459,159858.SZ,SZ,xtdata.get_stock_list_in_sector
2026-07-14,2026-07-14 23:28:36,ETF股票型,460,159859.SZ,SZ,xtdata.get_stock_list_in_sector
2026-07-14,2026-07-14 23:28:36,ETF股票型,461,159861.SZ,SZ,xtdata.get_stock_list_in_sector
2026-07-14,2026-07-14 23:28:36,ETF股票型,462,159862.SZ,SZ,xtdata.get_stock_list_in_sector
2026-07-14,2026-07-14 23:28:36,ETF股票型,463,159863.SZ,SZ,xtdata.get_stock_list_in_sector
2026-07-14,2026-07-14 23:28:36,ETF股票型,464,159864.SZ,SZ,xtdata.get_stock_list_in_sector
2026-07-14,2026-07-14 23:28:36,ETF股票型,465,159865.SZ,SZ,xtdata.get_stock_list_in_sector
2026-07-14,2026-07-14 23:28:36,ETF股票型,466,159867.SZ,SZ,xtdata.get_stock_list_in_sector
2026-07-14,2026-07-14 23:28:36,ETF股票型,467,159869.SZ,SZ,xtdata.get_stock_list_in_sector
2026-07-14,2026-07-14 23:28:36,ETF股票型,468,159870.SZ,SZ,xtdata.get_stock_list_in_sector
2026-07-14,2026-07-14 23:28:36,ETF股票型,469,159871.SZ,SZ,xtdata.get_stock_list_in_sector
2026-07-14,2026-07-14 23:28:36,ETF股票型,470,159872.SZ,SZ,xtdata.get_stock_list_in_sector
2026-07-14,2026-07-14 23:28:36,ETF股票型,471,159873.SZ,SZ,xtdata.get_stock_list_in_sector
2026-07-14,2026-07-14 23:28:36,ETF股票型,472,159875.SZ,SZ,xtdata.get_stock_list_in_sector
2026-07-14,2026-07-14 23:28:36,ETF股票型,473,159876.SZ,SZ,xtdata.get_stock_list_in_sector
2026-07-14,2026-07-14 23:28:36,ETF股票型,474,159877.SZ,SZ,xtdata.get_stock_list_in_sector
2026-07-14,2026-07-14 23:28:36,ETF股票型,475,159880.SZ,SZ,xtdata.get_stock_list_in_sector
2026-07-14,2026-07-14 23:28:36,ETF股票型,476,159881.SZ,SZ,xtdata.get_stock_list_in_sector
2026-07-14,2026-07-14 23:28:36,ETF股票型,477,159883.SZ,SZ,xtdata.get_stock_list_in_sector
2026-07-14,2026-07-14 23:28:36,ETF股票型,478,159885.SZ,SZ,xtdata.get_stock_list_in_sector
2026-07-14,2026-07-14 23:28:36,ETF股票型,479,159886.SZ,SZ,xtdata.get_stock_list_in_sector
2026-07-14,2026-07-14 23:28:36,ETF股票型,480,159887.SZ,SZ,xtdata.get_stock_list_in_sector
2026-07-14,2026-07-14 23:28:36,ETF股票型,481,159888.SZ,SZ,xtdata.get_stock_list_in_sector
2026-07-14,2026-07-14 23:28:36,ETF股票型,482,159889.SZ,SZ,xtdata.get_stock_list_in_sector
2026-07-14,2026-07-14 23:28:36,ETF股票型,483,159890.SZ,SZ,xtdata.get_stock_list_in_sector
2026-07-14,2026-07-14 23:28:36,ETF股票型,484,159891.SZ,SZ,xtdata.get_stock_list_in_sector
2026-07-14,2026-07-14 23:28:36,ETF股票型,485,159895.SZ,SZ,xtdata.get_stock_list_in_sector
2026-07-14,2026-07-14 23:28:36,ETF股票型,486,159896.SZ,SZ,xtdata.get_stock_list_in_sector
2026-07-14,2026-07-14 23:28:36,ETF股票型,487,159898.SZ,SZ,xtdata.get_stock_list_in_sector
2026-07-14,2026-07-14 23:28:36,ETF股票型,488,159899.SZ,SZ,xtdata.get_stock_list_in_sector
2026-07-14,2026-07-14 23:28:36,ETF股票型,489,159901.SZ,SZ,xtdata.get_stock_list_in_sector
2026-07-14,2026-07-14 23:28:36,ETF股票型,490,159902.SZ,SZ,xtdata.get_stock_list_in_sector
2026-07-14,2026-07-14 23:28:36,ETF股票型,491,159903.SZ,SZ,xtdata.get_stock_list_in_sector
2026-07-14,2026-07-14 23:28:36,ETF股票型,492,159905.SZ,SZ,xtdata.get_stock_list_in_sector
2026-07-14,2026-07-14 23:28:36,ETF股票型,493,159906.SZ,SZ,xtdata.get_stock_list_in_sector
2026-07-14,2026-07-14 23:28:36,ETF股票型,494,159907.SZ,SZ,xtdata.get_stock_list_in_sector
2026-07-14,2026-07-14 23:28:36,ETF股票型,495,159908.SZ,SZ,xtdata.get_stock_list_in_sector
2026-07-14,2026-07-14 23:28:36,ETF股票型,496,159909.SZ,SZ,xtdata.get_stock_list_in_sector
2026-07-14,2026-07-14 23:28:36,ETF股票型,497,159910.SZ,SZ,xtdata.get_stock_list_in_sector
2026-07-14,2026-07-14 23:28:36,ETF股票型,498,159912.SZ,SZ,xtdata.get_stock_list_in_sector
2026-07-14,2026-07-14 23:28:36,ETF股票型,499,159913.SZ,SZ,xtdata.get_stock_list_in_sector
2026-07-14,2026-07-14 23:28:36,ETF股票型,500,159915.SZ,SZ,xtdata.get_stock_list_in_sector
2026-07-14,2026-07-14 23:28:36,ETF股票型,501,159916.SZ,SZ,xtdata.get_stock_list_in_sector
2026-07-14,2026-07-14 23:28:36,ETF股票型,502,159918.SZ,SZ,xtdata.get_stock_list_in_sector
2026-07-14,2026-07-14 23:28:36,ETF股票型,503,159919.SZ,SZ,xtdata.get_stock_list_in_sector
2026-07-14,2026-07-14 23:28:36,ETF股票型,504,159922.SZ,SZ,xtdata.get_stock_list_in_sector
2026-07-14,2026-07-14 23:28:36,ETF股票型,505,159923.SZ,SZ,xtdata.get_stock_list_in_sector
2026-07-14,2026-07-14 23:28:36,ETF股票型,506,159925.SZ,SZ,xtdata.get_stock_list_in_sector
2026-07-14,2026-07-14 23:28:36,ETF股票型,507,159928.SZ,SZ,xtdata.get_stock_list_in_sector
2026-07-14,2026-07-14 23:28:36,ETF股票型,508,159929.SZ,SZ,xtdata.get_stock_list_in_sector
2026-07-14,2026-07-14 23:28:36,ETF股票型,509,159930.SZ,SZ,xtdata.get_stock_list_in_sector
2026-07-14,2026-07-14 23:28:36,ETF股票型,510,159931.SZ,SZ,xtdata.get_stock_list_in_sector
2026-07-14,2026-07-14 23:28:36,ETF股票型,511,159933.SZ,SZ,xtdata.get_stock_list_in_sector
2026-07-14,2026-07-14 23:28:36,ETF股票型,512,159935.SZ,SZ,xtdata.get_stock_list_in_sector
2026-07-14,2026-07-14 23:28:36,ETF股票型,513,159936.SZ,SZ,xtdata.get_stock_list_in_sector
2026-07-14,2026-07-14 23:28:36,ETF股票型,514,159938.SZ,SZ,xtdata.get_stock_list_in_sector
2026-07-14,2026-07-14 23:28:36,ETF股票型,515,159939.SZ,SZ,xtdata.get_stock_list_in_sector
2026-07-14,2026-07-14 23:28:36,ETF股票型,516,159940.SZ,SZ,xtdata.get_stock_list_in_sector
2026-07-14,2026-07-14 23:28:36,ETF股票型,517,159943.SZ,SZ,xtdata.get_stock_list_in_sector
2026-07-14,2026-07-14 23:28:36,ETF股票型,518,159944.SZ,SZ,xtdata.get_stock_list_in_sector
2026-07-14,2026-07-14 23:28:36,ETF股票型,519,159945.SZ,SZ,xtdata.get_stock_list_in_sector
2026-07-14,2026-07-14 23:28:36,ETF股票型,520,159948.SZ,SZ,xtdata.get_stock_list_in_sector
2026-07-14,2026-07-14 23:28:36,ETF股票型,521,159949.SZ,SZ,xtdata.get_stock_list_in_sector
2026-07-14,2026-07-14 23:28:36,ETF股票型,522,159952.SZ,SZ,xtdata.get_stock_list_in_sector
2026-07-14,2026-07-14 23:28:36,ETF股票型,523,159956.SZ,SZ,xtdata.get_stock_list_in_sector
2026-07-14,2026-07-14 23:28:36,ETF股票型,524,159957.SZ,SZ,xtdata.get_stock_list_in_sector
2026-07-14,2026-07-14 23:28:36,ETF股票型,525,159958.SZ,SZ,xtdata.get_stock_list_in_sector
2026-07-14,2026-07-14 23:28:36,ETF股票型,526,159959.SZ,SZ,xtdata.get_stock_list_in_sector
2026-07-14,2026-07-14 23:28:36,ETF股票型,527,159961.SZ,SZ,xtdata.get_stock_list_in_sector
2026-07-14,2026-07-14 23:28:36,ETF股票型,528,159964.SZ,SZ,xtdata.get_stock_list_in_sector
2026-07-14,2026-07-14 23:28:36,ETF股票型,529,159965.SZ,SZ,xtdata.get_stock_list_in_sector
2026-07-14,2026-07-14 23:28:36,ETF股票型,530,159966.SZ,SZ,xtdata.get_stock_list_in_sector
2026-07-14,2026-07-14 23:28:36,ETF股票型,531,159967.SZ,SZ,xtdata.get_stock_list_in_sector
2026-07-14,2026-07-14 23:28:36,ETF股票型,532,159968.SZ,SZ,xtdata.get_stock_list_in_sector
2026-07-14,2026-07-14 23:28:36,ETF股票型,533,159970.SZ,SZ,xtdata.get_stock_list_in_sector
2026-07-14,2026-07-14 23:28:36,ETF股票型,534,159971.SZ,SZ,xtdata.get_stock_list_in_sector
2026-07-14,2026-07-14 23:28:36,ETF股票型,535,159973.SZ,SZ,xtdata.get_stock_list_in_sector
2026-07-14,2026-07-14 23:28:36,ETF股票型,536,159974.SZ,SZ,xtdata.get_stock_list_in_sector
2026-07-14,2026-07-14 23:28:36,ETF股票型,537,159975.SZ,SZ,xtdata.get_stock_list_in_sector
2026-07-14,2026-07-14 23:28:36,ETF股票型,538,159976.SZ,SZ,xtdata.get_stock_list_in_sector
2026-07-14,2026-07-14 23:28:36,ETF股票型,539,159977.SZ,SZ,xtdata.get_stock_list_in_sector
2026-07-14,2026-07-14 23:28:36,ETF股票型,540,159982.SZ,SZ,xtdata.get_stock_list_in_sector
2026-07-14,2026-07-14 23:28:36,ETF股票型,541,159991.SZ,SZ,xtdata.get_stock_list_in_sector
2026-07-14,2026-07-14 23:28:36,ETF股票型,542,159992.SZ,SZ,xtdata.get_stock_list_in_sector
2026-07-14,2026-07-14 23:28:36,ETF股票型,543,159993.SZ,SZ,xtdata.get_stock_list_in_sector
2026-07-14,2026-07-14 23:28:36,ETF股票型,544,159994.SZ,SZ,xtdata.get_stock_list_in_sector
2026-07-14,2026-07-14 23:28:36,ETF股票型,545,159995.SZ,SZ,xtdata.get_stock_list_in_sector
2026-07-14,2026-07-14 23:28:36,ETF股票型,546,159996.SZ,SZ,xtdata.get_stock_list_in_sector
2026-07-14,2026-07-14 23:28:36,ETF股票型,547,159997.SZ,SZ,xtdata.get_stock_list_in_sector
2026-07-14,2026-07-14 23:28:36,ETF股票型,548,159998.SZ,SZ,xtdata.get_stock_list_in_sector
2026-07-14,2026-07-14 23:28:36,ETF股票型,549,510010.SH,SH,xtdata.get_stock_list_in_sector
2026-07-14,2026-07-14 23:28:36,ETF股票型,550,510020.SH,SH,xtdata.get_stock_list_in_sector
2026-07-14,2026-07-14 23:28:36,ETF股票型,551,510030.SH,SH,xtdata.get_stock_list_in_sector
2026-07-14,2026-07-14 23:28:36,ETF股票型,552,510040.SH,SH,xtdata.get_stock_list_in_sector
2026-07-14,2026-07-14 23:28:36,ETF股票型,553,510050.SH,SH,xtdata.get_stock_list_in_sector
2026-07-14,2026-07-14 23:28:36,ETF股票型,554,510060.SH,SH,xtdata.get_stock_list_in_sector
2026-07-14,2026-07-14 23:28:36,ETF股票型,555,510090.SH,SH,xtdata.get_stock_list_in_sector
2026-07-14,2026-07-14 23:28:36,ETF股票型,556,510100.SH,SH,xtdata.get_stock_list_in_sector
2026-07-14,2026-07-14 23:28:36,ETF股票型,557,510130.SH,SH,xtdata.get_stock_list_in_sector
2026-07-14,2026-07-14 23:28:36,ETF股票型,558,510140.SH,SH,xtdata.get_stock_list_in_sector
2026-07-14,2026-07-14 23:28:36,ETF股票型,559,510150.SH,SH,xtdata.get_stock_list_in_sector
2026-07-14,2026-07-14 23:28:36,ETF股票型,560,510160.SH,SH,xtdata.get_stock_list_in_sector
2026-07-14,2026-07-14 23:28:36,ETF股票型,561,510170.SH,SH,xtdata.get_stock_list_in_sector
2026-07-14,2026-07-14 23:28:36,ETF股票型,562,510180.SH,SH,xtdata.get_stock_list_in_sector
2026-07-14,2026-07-14 23:28:36,ETF股票型,563,510190.SH,SH,xtdata.get_stock_list_in_sector
2026-07-14,2026-07-14 23:28:36,ETF股票型,564,510200.SH,SH,xtdata.get_stock_list_in_sector
2026-07-14,2026-07-14 23:28:36,ETF股票型,565,510210.SH,SH,xtdata.get_stock_list_in_sector
2026-07-14,2026-07-14 23:28:36,ETF股票型,566,510230.SH,SH,xtdata.get_stock_list_in_sector
2026-07-14,2026-07-14 23:28:36,ETF股票型,567,510270.SH,SH,xtdata.get_stock_list_in_sector
2026-07-14,2026-07-14 23:28:36,ETF股票型,568,510290.SH,SH,xtdata.get_stock_list_in_sector
2026-07-14,2026-07-14 23:28:36,ETF股票型,569,510300.SH,SH,xtdata.get_stock_list_in_sector
2026-07-14,2026-07-14 23:28:36,ETF股票型,570,510310.SH,SH,xtdata.get_stock_list_in_sector
2026-07-14,2026-07-14 23:28:36,ETF股票型,571,510320.SH,SH,xtdata.get_stock_list_in_sector
2026-07-14,2026-07-14 23:28:36,ETF股票型,572,510330.SH,SH,xtdata.get_stock_list_in_sector
2026-07-14,2026-07-14 23:28:36,ETF股票型,573,510350.SH,SH,xtdata.get_stock_list_in_sector
2026-07-14,2026-07-14 23:28:36,ETF股票型,574,510360.SH,SH,xtdata.get_stock_list_in_sector
2026-07-14,2026-07-14 23:28:36,ETF股票型,575,510370.SH,SH,xtdata.get_stock_list_in_sector
2026-07-14,2026-07-14 23:28:36,ETF股票型,576,510380.SH,SH,xtdata.get_stock_list_in_sector
2026-07-14,2026-07-14 23:28:36,ETF股票型,577,510390.SH,SH,xtdata.get_stock_list_in_sector
2026-07-14,2026-07-14 23:28:36,ETF股票型,578,510410.SH,SH,xtdata.get_stock_list_in_sector
2026-07-14,2026-07-14 23:28:36,ETF股票型,579,510500.SH,SH,xtdata.get_stock_list_in_sector
2026-07-14,2026-07-14 23:28:36,ETF股票型,580,510510.SH,SH,xtdata.get_stock_list_in_sector
2026-07-14,2026-07-14 23:28:36,ETF股票型,581,510530.SH,SH,xtdata.get_stock_list_in_sector
2026-07-14,2026-07-14 23:28:36,ETF股票型,582,510550.SH,SH,xtdata.get_stock_list_in_sector
2026-07-14,2026-07-14 23:28:36,ETF股票型,583,510560.SH,SH,xtdata.get_stock_list_in_sector
2026-07-14,2026-07-14 23:28:36,ETF股票型,584,510570.SH,SH,xtdata.get_stock_list_in_sector
2026-07-14,2026-07-14 23:28:36,ETF股票型,585,510580.SH,SH,xtdata.get_stock_list_in_sector
2026-07-14,2026-07-14 23:28:36,ETF股票型,586,510590.SH,SH,xtdata.get_stock_list_in_sector
2026-07-14,2026-07-14 23:28:36,ETF股票型,587,510600.SH,SH,xtdata.get_stock_list_in_sector
2026-07-14,2026-07-14 23:28:36,ETF股票型,588,510630.SH,SH,xtdata.get_stock_list_in_sector
2026-07-14,2026-07-14 23:28:36,ETF股票型,589,510650.SH,SH,xtdata.get_stock_list_in_sector
2026-07-14,2026-07-14 23:28:36,ETF股票型,590,510660.SH,SH,xtdata.get_stock_list_in_sector
2026-07-14,2026-07-14 23:28:36,ETF股票型,591,510670.SH,SH,xtdata.get_stock_list_in_sector
2026-07-14,2026-07-14 23:28:36,ETF股票型,592,510680.SH,SH,xtdata.get_stock_list_in_sector
2026-07-14,2026-07-14 23:28:36,ETF股票型,593,510710.SH,SH,xtdata.get_stock_list_in_sector
2026-07-14,2026-07-14 23:28:36,ETF股票型,594,510720.SH,SH,xtdata.get_stock_list_in_sector
2026-07-14,2026-07-14 23:28:36,ETF股票型,595,510760.SH,SH,xtdata.get_stock_list_in_sector
2026-07-14,2026-07-14 23:28:36,ETF股票型,596,510770.SH,SH,xtdata.get_stock_list_in_sector
2026-07-14,2026-07-14 23:28:36,ETF股票型,597,510800.SH,SH,xtdata.get_stock_list_in_sector
2026-07-14,2026-07-14 23:28:36,ETF股票型,598,510810.SH,SH,xtdata.get_stock_list_in_sector
2026-07-14,2026-07-14 23:28:36,ETF股票型,599,510850.SH,SH,xtdata.get_stock_list_in_sector
2026-07-14,2026-07-14 23:28:36,ETF股票型,600,510880.SH,SH,xtdata.get_stock_list_in_sector
2026-07-14,2026-07-14 23:28:36,ETF股票型,601,510910.SH,SH,xtdata.get_stock_list_in_sector
2026-07-14,2026-07-14 23:28:36,ETF股票型,602,510950.SH,SH,xtdata.get_stock_list_in_sector
2026-07-14,2026-07-14 23:28:36,ETF股票型,603,510980.SH,SH,xtdata.get_stock_list_in_sector
2026-07-14,2026-07-14 23:28:36,ETF股票型,604,510990.SH,SH,xtdata.get_stock_list_in_sector
2026-07-14,2026-07-14 23:28:36,ETF股票型,605,512000.SH,SH,xtdata.get_stock_list_in_sector
2026-07-14,2026-07-14 23:28:36,ETF股票型,606,512010.SH,SH,xtdata.get_stock_list_in_sector
2026-07-14,2026-07-14 23:28:36,ETF股票型,607,512020.SH,SH,xtdata.get_stock_list_in_sector
2026-07-14,2026-07-14 23:28:36,ETF股票型,608,512030.SH,SH,xtdata.get_stock_list_in_sector
2026-07-14,2026-07-14 23:28:36,ETF股票型,609,512040.SH,SH,xtdata.get_stock_list_in_sector
2026-07-14,2026-07-14 23:28:36,ETF股票型,610,512050.SH,SH,xtdata.get_stock_list_in_sector
2026-07-14,2026-07-14 23:28:36,ETF股票型,611,512060.SH,SH,xtdata.get_stock_list_in_sector
2026-07-14,2026-07-14 23:28:36,ETF股票型,612,512070.SH,SH,xtdata.get_stock_list_in_sector
2026-07-14,2026-07-14 23:28:36,ETF股票型,613,512080.SH,SH,xtdata.get_stock_list_in_sector
2026-07-14,2026-07-14 23:28:36,ETF股票型,614,512090.SH,SH,xtdata.get_stock_list_in_sector
2026-07-14,2026-07-14 23:28:36,ETF股票型,615,512100.SH,SH,xtdata.get_stock_list_in_sector
2026-07-14,2026-07-14 23:28:36,ETF股票型,616,512120.SH,SH,xtdata.get_stock_list_in_sector
2026-07-14,2026-07-14 23:28:36,ETF股票型,617,512130.SH,SH,xtdata.get_stock_list_in_sector
2026-07-14,2026-07-14 23:28:36,ETF股票型,618,512140.SH,SH,xtdata.get_stock_list_in_sector
2026-07-14,2026-07-14 23:28:36,ETF股票型,619,512150.SH,SH,xtdata.get_stock_list_in_sector
2026-07-14,2026-07-14 23:28:36,ETF股票型,620,512160.SH,SH,xtdata.get_stock_list_in_sector
2026-07-14,2026-07-14 23:28:36,ETF股票型,621,512170.SH,SH,xtdata.get_stock_list_in_sector
2026-07-14,2026-07-14 23:28:36,ETF股票型,622,512180.SH,SH,xtdata.get_stock_list_in_sector
2026-07-14,2026-07-14 23:28:36,ETF股票型,623,512190.SH,SH,xtdata.get_stock_list_in_sector
2026-07-14,2026-07-14 23:28:36,ETF股票型,624,512200.SH,SH,xtdata.get_stock_list_in_sector
2026-07-14,2026-07-14 23:28:36,ETF股票型,625,512220.SH,SH,xtdata.get_stock_list_in_sector
2026-07-14,2026-07-14 23:28:36,ETF股票型,626,512240.SH,SH,xtdata.get_stock_list_in_sector
2026-07-14,2026-07-14 23:28:36,ETF股票型,627,512250.SH,SH,xtdata.get_stock_list_in_sector
2026-07-14,2026-07-14 23:28:36,ETF股票型,628,512260.SH,SH,xtdata.get_stock_list_in_sector
2026-07-14,2026-07-14 23:28:36,ETF股票型,629,512290.SH,SH,xtdata.get_stock_list_in_sector
2026-07-14,2026-07-14 23:28:36,ETF股票型,630,512330.SH,SH,xtdata.get_stock_list_in_sector
2026-07-14,2026-07-14 23:28:36,ETF股票型,631,512360.SH,SH,xtdata.get_stock_list_in_sector
2026-07-14,2026-07-14 23:28:36,ETF股票型,632,512370.SH,SH,xtdata.get_stock_list_in_sector
2026-07-14,2026-07-14 23:28:36,ETF股票型,633,512380.SH,SH,xtdata.get_stock_list_in_sector
2026-07-14,2026-07-14 23:28:36,ETF股票型,634,512390.SH,SH,xtdata.get_stock_list_in_sector
2026-07-14,2026-07-14 23:28:36,ETF股票型,635,512400.SH,SH,xtdata.get_stock_list_in_sector
2026-07-14,2026-07-14 23:28:36,ETF股票型,636,512410.SH,SH,xtdata.get_stock_list_in_sector
2026-07-14,2026-07-14 23:28:36,ETF股票型,637,512430.SH,SH,xtdata.get_stock_list_in_sector
2026-07-14,2026-07-14 23:28:36,ETF股票型,638,512450.SH,SH,xtdata.get_stock_list_in_sector
2026-07-14,2026-07-14 23:28:36,ETF股票型,639,512460.SH,SH,xtdata.get_stock_list_in_sector
2026-07-14,2026-07-14 23:28:36,ETF股票型,640,512480.SH,SH,xtdata.get_stock_list_in_sector
2026-07-14,2026-07-14 23:28:36,ETF股票型,641,512500.SH,SH,xtdata.get_stock_list_in_sector
2026-07-14,2026-07-14 23:28:36,ETF股票型,642,512510.SH,SH,xtdata.get_stock_list_in_sector
2026-07-14,2026-07-14 23:28:36,ETF股票型,643,512520.SH,SH,xtdata.get_stock_list_in_sector
2026-07-14,2026-07-14 23:28:36,ETF股票型,644,512530.SH,SH,xtdata.get_stock_list_in_sector
2026-07-14,2026-07-14 23:28:36,ETF股票型,645,512550.SH,SH,xtdata.get_stock_list_in_sector
2026-07-14,2026-07-14 23:28:36,ETF股票型,646,512560.SH,SH,xtdata.get_stock_list_in_sector
2026-07-14,2026-07-14 23:28:36,ETF股票型,647,512570.SH,SH,xtdata.get_stock_list_in_sector
2026-07-14,2026-07-14 23:28:36,ETF股票型,648,512580.SH,SH,xtdata.get_stock_list_in_sector
2026-07-14,2026-07-14 23:28:36,ETF股票型,649,512600.SH,SH,xtdata.get_stock_list_in_sector
2026-07-14,2026-07-14 23:28:36,ETF股票型,650,512620.SH,SH,xtdata.get_stock_list_in_sector
2026-07-14,2026-07-14 23:28:36,ETF股票型,651,512630.SH,SH,xtdata.get_stock_list_in_sector
2026-07-14,2026-07-14 23:28:36,ETF股票型,652,512640.SH,SH,xtdata.get_stock_list_in_sector
2026-07-14,2026-07-14 23:28:36,ETF股票型,653,512650.SH,SH,xtdata.get_stock_list_in_sector
2026-07-14,2026-07-14 23:28:36,ETF股票型,654,512660.SH,SH,xtdata.get_stock_list_in_sector
2026-07-14,2026-07-14 23:28:36,ETF股票型,655,512670.SH,SH,xtdata.get_stock_list_in_sector
2026-07-14,2026-07-14 23:28:36,ETF股票型,656,512680.SH,SH,xtdata.get_stock_list_in_sector
2026-07-14,2026-07-14 23:28:36,ETF股票型,657,512690.SH,SH,xtdata.get_stock_list_in_sector
2026-07-14,2026-07-14 23:28:36,ETF股票型,658,512700.SH,SH,xtdata.get_stock_list_in_sector
2026-07-14,2026-07-14 23:28:36,ETF股票型,659,512710.SH,SH,xtdata.get_stock_list_in_sector
2026-07-14,2026-07-14 23:28:36,ETF股票型,660,512720.SH,SH,xtdata.get_stock_list_in_sector
2026-07-14,2026-07-14 23:28:36,ETF股票型,661,512730.SH,SH,xtdata.get_stock_list_in_sector
2026-07-14,2026-07-14 23:28:36,ETF股票型,662,512750.SH,SH,xtdata.get_stock_list_in_sector
2026-07-14,2026-07-14 23:28:36,ETF股票型,663,512760.SH,SH,xtdata.get_stock_list_in_sector
2026-07-14,2026-07-14 23:28:36,ETF股票型,664,512770.SH,SH,xtdata.get_stock_list_in_sector
2026-07-14,2026-07-14 23:28:36,ETF股票型,665,512800.SH,SH,xtdata.get_stock_list_in_sector
2026-07-14,2026-07-14 23:28:36,ETF股票型,666,512810.SH,SH,xtdata.get_stock_list_in_sector
2026-07-14,2026-07-14 23:28:36,ETF股票型,667,512820.SH,SH,xtdata.get_stock_list_in_sector
2026-07-14,2026-07-14 23:28:36,ETF股票型,668,512870.SH,SH,xtdata.get_stock_list_in_sector
2026-07-14,2026-07-14 23:28:36,ETF股票型,669,512880.SH,SH,xtdata.get_stock_list_in_sector
2026-07-14,2026-07-14 23:28:36,ETF股票型,670,512890.SH,SH,xtdata.get_stock_list_in_sector
2026-07-14,2026-07-14 23:28:36,ETF股票型,671,512900.SH,SH,xtdata.get_stock_list_in_sector
2026-07-14,2026-07-14 23:28:36,ETF股票型,672,512910.SH,SH,xtdata.get_stock_list_in_sector
2026-07-14,2026-07-14 23:28:36,ETF股票型,673,512930.SH,SH,xtdata.get_stock_list_in_sector
2026-07-14,2026-07-14 23:28:36,ETF股票型,674,512940.SH,SH,xtdata.get_stock_list_in_sector
2026-07-14,2026-07-14 23:28:36,ETF股票型,675,512950.SH,SH,xtdata.get_stock_list_in_sector
2026-07-14,2026-07-14 23:28:36,ETF股票型,676,512960.SH,SH,xtdata.get_stock_list_in_sector
2026-07-14,2026-07-14 23:28:36,ETF股票型,677,512970.SH,SH,xtdata.get_stock_list_in_sector
2026-07-14,2026-07-14 23:28:36,ETF股票型,678,512980.SH,SH,xtdata.get_stock_list_in_sector
2026-07-14,2026-07-14 23:28:36,ETF股票型,679,512990.SH,SH,xtdata.get_stock_list_in_sector
2026-07-14,2026-07-14 23:28:36,ETF股票型,680,515000.SH,SH,xtdata.get_stock_list_in_sector
2026-07-14,2026-07-14 23:28:36,ETF股票型,681,515010.SH,SH,xtdata.get_stock_list_in_sector
2026-07-14,2026-07-14 23:28:36,ETF股票型,682,515020.SH,SH,xtdata.get_stock_list_in_sector
2026-07-14,2026-07-14 23:28:36,ETF股票型,683,515030.SH,SH,xtdata.get_stock_list_in_sector
2026-07-14,2026-07-14 23:28:36,ETF股票型,684,515050.SH,SH,xtdata.get_stock_list_in_sector
2026-07-14,2026-07-14 23:28:36,ETF股票型,685,515060.SH,SH,xtdata.get_stock_list_in_sector
2026-07-14,2026-07-14 23:28:36,ETF股票型,686,515070.SH,SH,xtdata.get_stock_list_in_sector
2026-07-14,2026-07-14 23:28:36,ETF股票型,687,515080.SH,SH,xtdata.get_stock_list_in_sector
2026-07-14,2026-07-14 23:28:36,ETF股票型,688,515090.SH,SH,xtdata.get_stock_list_in_sector
2026-07-14,2026-07-14 23:28:36,ETF股票型,689,515100.SH,SH,xtdata.get_stock_list_in_sector
2026-07-14,2026-07-14 23:28:36,ETF股票型,690,515110.SH,SH,xtdata.get_stock_list_in_sector
2026-07-14,2026-07-14 23:28:36,ETF股票型,691,515120.SH,SH,xtdata.get_stock_list_in_sector
2026-07-14,2026-07-14 23:28:36,ETF股票型,692,515130.SH,SH,xtdata.get_stock_list_in_sector
2026-07-14,2026-07-14 23:28:36,ETF股票型,693,515150.SH,SH,xtdata.get_stock_list_in_sector
2026-07-14,2026-07-14 23:28:36,ETF股票型,694,515160.SH,SH,xtdata.get_stock_list_in_sector
2026-07-14,2026-07-14 23:28:36,ETF股票型,695,515170.SH,SH,xtdata.get_stock_list_in_sector
2026-07-14,2026-07-14 23:28:36,ETF股票型,696,515180.SH,SH,xtdata.get_stock_list_in_sector
2026-07-14,2026-07-14 23:28:36,ETF股票型,697,515190.SH,SH,xtdata.get_stock_list_in_sector
2026-07-14,2026-07-14 23:28:36,ETF股票型,698,515200.SH,SH,xtdata.get_stock_list_in_sector
2026-07-14,2026-07-14 23:28:36,ETF股票型,699,515210.SH,SH,xtdata.get_stock_list_in_sector
2026-07-14,2026-07-14 23:28:36,ETF股票型,700,515220.SH,SH,xtdata.get_stock_list_in_sector
2026-07-14,2026-07-14 23:28:36,ETF股票型,701,515230.SH,SH,xtdata.get_stock_list_in_sector
2026-07-14,2026-07-14 23:28:36,ETF股票型,702,515250.SH,SH,xtdata.get_stock_list_in_sector
2026-07-14,2026-07-14 23:28:36,ETF股票型,703,515260.SH,SH,xtdata.get_stock_list_in_sector
2026-07-14,2026-07-14 23:28:36,ETF股票型,704,515290.SH,SH,xtdata.get_stock_list_in_sector
2026-07-14,2026-07-14 23:28:36,ETF股票型,705,515300.SH,SH,xtdata.get_stock_list_in_sector
2026-07-14,2026-07-14 23:28:36,ETF股票型,706,515310.SH,SH,xtdata.get_stock_list_in_sector
2026-07-14,2026-07-14 23:28:36,ETF股票型,707,515320.SH,SH,xtdata.get_stock_list_in_sector
2026-07-14,2026-07-14 23:28:36,ETF股票型,708,515330.SH,SH,xtdata.get_stock_list_in_sector
2026-07-14,2026-07-14 23:28:36,ETF股票型,709,515350.SH,SH,xtdata.get_stock_list_in_sector
2026-07-14,2026-07-14 23:28:36,ETF股票型,710,515360.SH,SH,xtdata.get_stock_list_in_sector
2026-07-14,2026-07-14 23:28:36,ETF股票型,711,515370.SH,SH,xtdata.get_stock_list_in_sector
2026-07-14,2026-07-14 23:28:36,ETF股票型,712,515380.SH,SH,xtdata.get_stock_list_in_sector
2026-07-14,2026-07-14 23:28:36,ETF股票型,713,515390.SH,SH,xtdata.get_stock_list_in_sector
2026-07-14,2026-07-14 23:28:36,ETF股票型,714,515400.SH,SH,xtdata.get_stock_list_in_sector
2026-07-14,2026-07-14 23:28:36,ETF股票型,715,515450.SH,SH,xtdata.get_stock_list_in_sector
2026-07-14,2026-07-14 23:28:36,ETF股票型,716,515460.SH,SH,xtdata.get_stock_list_in_sector
2026-07-14,2026-07-14 23:28:36,ETF股票型,717,515480.SH,SH,xtdata.get_stock_list_in_sector
2026-07-14,2026-07-14 23:28:36,ETF股票型,718,515530.SH,SH,xtdata.get_stock_list_in_sector
2026-07-14,2026-07-14 23:28:36,ETF股票型,719,515550.SH,SH,xtdata.get_stock_list_in_sector
2026-07-14,2026-07-14 23:28:36,ETF股票型,720,515560.SH,SH,xtdata.get_stock_list_in_sector
2026-07-14,2026-07-14 23:28:36,ETF股票型,721,515580.SH,SH,xtdata.get_stock_list_in_sector
2026-07-14,2026-07-14 23:28:36,ETF股票型,722,515590.SH,SH,xtdata.get_stock_list_in_sector
2026-07-14,2026-07-14 23:28:36,ETF股票型,723,515600.SH,SH,xtdata.get_stock_list_in_sector
2026-07-14,2026-07-14 23:28:36,ETF股票型,724,515630.SH,SH,xtdata.get_stock_list_in_sector
2026-07-14,2026-07-14 23:28:36,ETF股票型,725,515640.SH,SH,xtdata.get_stock_list_in_sector
2026-07-14,2026-07-14 23:28:36,ETF股票型,726,515650.SH,SH,xtdata.get_stock_list_in_sector
2026-07-14,2026-07-14 23:28:36,ETF股票型,727,515660.SH,SH,xtdata.get_stock_list_in_sector
2026-07-14,2026-07-14 23:28:36,ETF股票型,728,515680.SH,SH,xtdata.get_stock_list_in_sector
2026-07-14,2026-07-14 23:28:36,ETF股票型,729,515700.SH,SH,xtdata.get_stock_list_in_sector
2026-07-14,2026-07-14 23:28:36,ETF股票型,730,515710.SH,SH,xtdata.get_stock_list_in_sector
2026-07-14,2026-07-14 23:28:36,ETF股票型,731,515720.SH,SH,xtdata.get_stock_list_in_sector
2026-07-14,2026-07-14 23:28:36,ETF股票型,732,515730.SH,SH,xtdata.get_stock_list_in_sector
2026-07-14,2026-07-14 23:28:36,ETF股票型,733,515750.SH,SH,xtdata.get_stock_list_in_sector
2026-07-14,2026-07-14 23:28:36,ETF股票型,734,515760.SH,SH,xtdata.get_stock_list_in_sector
2026-07-14,2026-07-14 23:28:36,ETF股票型,735,515770.SH,SH,xtdata.get_stock_list_in_sector
2026-07-14,2026-07-14 23:28:36,ETF股票型,736,515790.SH,SH,xtdata.get_stock_list_in_sector
2026-07-14,2026-07-14 23:28:36,ETF股票型,737,515800.SH,SH,xtdata.get_stock_list_in_sector
2026-07-14,2026-07-14 23:28:36,ETF股票型,738,515810.SH,SH,xtdata.get_stock_list_in_sector
2026-07-14,2026-07-14 23:28:36,ETF股票型,739,515850.SH,SH,xtdata.get_stock_list_in_sector
2026-07-14,2026-07-14 23:28:36,ETF股票型,740,515860.SH,SH,xtdata.get_stock_list_in_sector
2026-07-14,2026-07-14 23:28:36,ETF股票型,741,515880.SH,SH,xtdata.get_stock_list_in_sector
2026-07-14,2026-07-14 23:28:36,ETF股票型,742,515890.SH,SH,xtdata.get_stock_list_in_sector
2026-07-14,2026-07-14 23:28:36,ETF股票型,743,515900.SH,SH,xtdata.get_stock_list_in_sector
2026-07-14,2026-07-14 23:28:36,ETF股票型,744,515910.SH,SH,xtdata.get_stock_list_in_sector
2026-07-14,2026-07-14 23:28:36,ETF股票型,745,515920.SH,SH,xtdata.get_stock_list_in_sector
2026-07-14,2026-07-14 23:28:36,ETF股票型,746,515950.SH,SH,xtdata.get_stock_list_in_sector
2026-07-14,2026-07-14 23:28:36,ETF股票型,747,515960.SH,SH,xtdata.get_stock_list_in_sector
2026-07-14,2026-07-14 23:28:36,ETF股票型,748,515970.SH,SH,xtdata.get_stock_list_in_sector
2026-07-14,2026-07-14 23:28:36,ETF股票型,749,515980.SH,SH,xtdata.get_stock_list_in_sector
2026-07-14,2026-07-14 23:28:36,ETF股票型,750,515990.SH,SH,xtdata.get_stock_list_in_sector
2026-07-14,2026-07-14 23:28:36,ETF股票型,751,516000.SH,SH,xtdata.get_stock_list_in_sector
2026-07-14,2026-07-14 23:28:36,ETF股票型,752,516010.SH,SH,xtdata.get_stock_list_in_sector
2026-07-14,2026-07-14 23:28:36,ETF股票型,753,516020.SH,SH,xtdata.get_stock_list_in_sector
2026-07-14,2026-07-14 23:28:36,ETF股票型,754,516050.SH,SH,xtdata.get_stock_list_in_sector
2026-07-14,2026-07-14 23:28:36,ETF股票型,755,516060.SH,SH,xtdata.get_stock_list_in_sector
2026-07-14,2026-07-14 23:28:36,ETF股票型,756,516070.SH,SH,xtdata.get_stock_list_in_sector
2026-07-14,2026-07-14 23:28:36,ETF股票型,757,516080.SH,SH,xtdata.get_stock_list_in_sector
2026-07-14,2026-07-14 23:28:36,ETF股票型,758,516090.SH,SH,xtdata.get_stock_list_in_sector
2026-07-14,2026-07-14 23:28:36,ETF股票型,759,516100.SH,SH,xtdata.get_stock_list_in_sector
2026-07-14,2026-07-14 23:28:36,ETF股票型,760,516110.SH,SH,xtdata.get_stock_list_in_sector
2026-07-14,2026-07-14 23:28:36,ETF股票型,761,516120.SH,SH,xtdata.get_stock_list_in_sector
2026-07-14,2026-07-14 23:28:36,ETF股票型,762,516130.SH,SH,xtdata.get_stock_list_in_sector
2026-07-14,2026-07-14 23:28:36,ETF股票型,763,516150.SH,SH,xtdata.get_stock_list_in_sector
2026-07-14,2026-07-14 23:28:36,ETF股票型,764,516160.SH,SH,xtdata.get_stock_list_in_sector
2026-07-14,2026-07-14 23:28:36,ETF股票型,765,516180.SH,SH,xtdata.get_stock_list_in_sector
2026-07-14,2026-07-14 23:28:36,ETF股票型,766,516190.SH,SH,xtdata.get_stock_list_in_sector
2026-07-14,2026-07-14 23:28:36,ETF股票型,767,516200.SH,SH,xtdata.get_stock_list_in_sector
2026-07-14,2026-07-14 23:28:36,ETF股票型,768,516210.SH,SH,xtdata.get_stock_list_in_sector
2026-07-14,2026-07-14 23:28:36,ETF股票型,769,516220.SH,SH,xtdata.get_stock_list_in_sector
2026-07-14,2026-07-14 23:28:36,ETF股票型,770,516230.SH,SH,xtdata.get_stock_list_in_sector
2026-07-14,2026-07-14 23:28:36,ETF股票型,771,516250.SH,SH,xtdata.get_stock_list_in_sector
2026-07-14,2026-07-14 23:28:36,ETF股票型,772,516260.SH,SH,xtdata.get_stock_list_in_sector
2026-07-14,2026-07-14 23:28:36,ETF股票型,773,516270.SH,SH,xtdata.get_stock_list_in_sector
2026-07-14,2026-07-14 23:28:36,ETF股票型,774,516290.SH,SH,xtdata.get_stock_list_in_sector
2026-07-14,2026-07-14 23:28:36,ETF股票型,775,516300.SH,SH,xtdata.get_stock_list_in_sector
2026-07-14,2026-07-14 23:28:36,ETF股票型,776,516310.SH,SH,xtdata.get_stock_list_in_sector
2026-07-14,2026-07-14 23:28:36,ETF股票型,777,516320.SH,SH,xtdata.get_stock_list_in_sector
2026-07-14,2026-07-14 23:28:36,ETF股票型,778,516330.SH,SH,xtdata.get_stock_list_in_sector
2026-07-14,2026-07-14 23:28:36,ETF股票型,779,516350.SH,SH,xtdata.get_stock_list_in_sector
2026-07-14,2026-07-14 23:28:36,ETF股票型,780,516360.SH,SH,xtdata.get_stock_list_in_sector
2026-07-14,2026-07-14 23:28:36,ETF股票型,781,516370.SH,SH,xtdata.get_stock_list_in_sector
2026-07-14,2026-07-14 23:28:36,ETF股票型,782,516380.SH,SH,xtdata.get_stock_list_in_sector
2026-07-14,2026-07-14 23:28:36,ETF股票型,783,516390.SH,SH,xtdata.get_stock_list_in_sector
2026-07-14,2026-07-14 23:28:36,ETF股票型,784,516440.SH,SH,xtdata.get_stock_list_in_sector
2026-07-14,2026-07-14 23:28:36,ETF股票型,785,516460.SH,SH,xtdata.get_stock_list_in_sector
2026-07-14,2026-07-14 23:28:36,ETF股票型,786,516500.SH,SH,xtdata.get_stock_list_in_sector
2026-07-14,2026-07-14 23:28:36,ETF股票型,787,516510.SH,SH,xtdata.get_stock_list_in_sector
2026-07-14,2026-07-14 23:28:36,ETF股票型,788,516520.SH,SH,xtdata.get_stock_list_in_sector
2026-07-14,2026-07-14 23:28:36,ETF股票型,789,516530.SH,SH,xtdata.get_stock_list_in_sector
2026-07-14,2026-07-14 23:28:36,ETF股票型,790,516550.SH,SH,xtdata.get_stock_list_in_sector
2026-07-14,2026-07-14 23:28:36,ETF股票型,791,516560.SH,SH,xtdata.get_stock_list_in_sector
2026-07-14,2026-07-14 23:28:36,ETF股票型,792,516570.SH,SH,xtdata.get_stock_list_in_sector
2026-07-14,2026-07-14 23:28:36,ETF股票型,793,516580.SH,SH,xtdata.get_stock_list_in_sector
2026-07-14,2026-07-14 23:28:36,ETF股票型,794,516590.SH,SH,xtdata.get_stock_list_in_sector
2026-07-14,2026-07-14 23:28:36,ETF股票型,795,516600.SH,SH,xtdata.get_stock_list_in_sector
2026-07-14,2026-07-14 23:28:36,ETF股票型,796,516610.SH,SH,xtdata.get_stock_list_in_sector
2026-07-14,2026-07-14 23:28:36,ETF股票型,797,516620.SH,SH,xtdata.get_stock_list_in_sector
2026-07-14,2026-07-14 23:28:36,ETF股票型,798,516630.SH,SH,xtdata.get_stock_list_in_sector
2026-07-14,2026-07-14 23:28:36,ETF股票型,799,516640.SH,SH,xtdata.get_stock_list_in_sector
2026-07-14,2026-07-14 23:28:36,ETF股票型,800,516650.SH,SH,xtdata.get_stock_list_in_sector
2026-07-14,2026-07-14 23:28:36,ETF股票型,801,516660.SH,SH,xtdata.get_stock_list_in_sector
2026-07-14,2026-07-14 23:28:36,ETF股票型,802,516670.SH,SH,xtdata.get_stock_list_in_sector
2026-07-14,2026-07-14 23:28:36,ETF股票型,803,516700.SH,SH,xtdata.get_stock_list_in_sector
2026-07-14,2026-07-14 23:28:36,ETF股票型,804,516710.SH,SH,xtdata.get_stock_list_in_sector
2026-07-14,2026-07-14 23:28:36,ETF股票型,805,516720.SH,SH,xtdata.get_stock_list_in_sector
2026-07-14,2026-07-14 23:28:36,ETF股票型,806,516730.SH,SH,xtdata.get_stock_list_in_sector
2026-07-14,2026-07-14 23:28:36,ETF股票型,807,516750.SH,SH,xtdata.get_stock_list_in_sector
2026-07-14,2026-07-14 23:28:36,ETF股票型,808,516760.SH,SH,xtdata.get_stock_list_in_sector
2026-07-14,2026-07-14 23:28:36,ETF股票型,809,516770.SH,SH,xtdata.get_stock_list_in_sector
2026-07-14,2026-07-14 23:28:36,ETF股票型,810,516780.SH,SH,xtdata.get_stock_list_in_sector
2026-07-14,2026-07-14 23:28:36,ETF股票型,811,516790.SH,SH,xtdata.get_stock_list_in_sector
2026-07-14,2026-07-14 23:28:36,ETF股票型,812,516800.SH,SH,xtdata.get_stock_list_in_sector
2026-07-14,2026-07-14 23:28:36,ETF股票型,813,516810.SH,SH,xtdata.get_stock_list_in_sector
2026-07-14,2026-07-14 23:28:36,ETF股票型,814,516820.SH,SH,xtdata.get_stock_list_in_sector
2026-07-14,2026-07-14 23:28:36,ETF股票型,815,516830.SH,SH,xtdata.get_stock_list_in_sector
2026-07-14,2026-07-14 23:28:36,ETF股票型,816,516840.SH,SH,xtdata.get_stock_list_in_sector
2026-07-14,2026-07-14 23:28:36,ETF股票型,817,516850.SH,SH,xtdata.get_stock_list_in_sector
2026-07-14,2026-07-14 23:28:36,ETF股票型,818,516860.SH,SH,xtdata.get_stock_list_in_sector
2026-07-14,2026-07-14 23:28:36,ETF股票型,819,516880.SH,SH,xtdata.get_stock_list_in_sector
2026-07-14,2026-07-14 23:28:36,ETF股票型,820,516890.SH,SH,xtdata.get_stock_list_in_sector
2026-07-14,2026-07-14 23:28:36,ETF股票型,821,516900.SH,SH,xtdata.get_stock_list_in_sector
2026-07-14,2026-07-14 23:28:36,ETF股票型,822,516910.SH,SH,xtdata.get_stock_list_in_sector
2026-07-14,2026-07-14 23:28:36,ETF股票型,823,516920.SH,SH,xtdata.get_stock_list_in_sector
2026-07-14,2026-07-14 23:28:36,ETF股票型,824,516930.SH,SH,xtdata.get_stock_list_in_sector
2026-07-14,2026-07-14 23:28:36,ETF股票型,825,516950.SH,SH,xtdata.get_stock_list_in_sector
2026-07-14,2026-07-14 23:28:36,ETF股票型,826,516960.SH,SH,xtdata.get_stock_list_in_sector
2026-07-14,2026-07-14 23:28:36,ETF股票型,827,516970.SH,SH,xtdata.get_stock_list_in_sector
2026-07-14,2026-07-14 23:28:36,ETF股票型,828,516980.SH,SH,xtdata.get_stock_list_in_sector
2026-07-14,2026-07-14 23:28:36,ETF股票型,829,517000.SH,SH,xtdata.get_stock_list_in_sector
2026-07-14,2026-07-14 23:28:36,ETF股票型,830,517010.SH,SH,xtdata.get_stock_list_in_sector
2026-07-14,2026-07-14 23:28:36,ETF股票型,831,517030.SH,SH,xtdata.get_stock_list_in_sector
2026-07-14,2026-07-14 23:28:36,ETF股票型,832,517050.SH,SH,xtdata.get_stock_list_in_sector
2026-07-14,2026-07-14 23:28:36,ETF股票型,833,517080.SH,SH,xtdata.get_stock_list_in_sector
2026-07-14,2026-07-14 23:28:36,ETF股票型,834,517090.SH,SH,xtdata.get_stock_list_in_sector
2026-07-14,2026-07-14 23:28:36,ETF股票型,835,517100.SH,SH,xtdata.get_stock_list_in_sector
2026-07-14,2026-07-14 23:28:36,ETF股票型,836,517110.SH,SH,xtdata.get_stock_list_in_sector
2026-07-14,2026-07-14 23:28:36,ETF股票型,837,517120.SH,SH,xtdata.get_stock_list_in_sector
2026-07-14,2026-07-14 23:28:36,ETF股票型,838,517130.SH,SH,xtdata.get_stock_list_in_sector
2026-07-14,2026-07-14 23:28:36,ETF股票型,839,517160.SH,SH,xtdata.get_stock_list_in_sector
2026-07-14,2026-07-14 23:28:36,ETF股票型,840,517170.SH,SH,xtdata.get_stock_list_in_sector
2026-07-14,2026-07-14 23:28:36,ETF股票型,841,517180.SH,SH,xtdata.get_stock_list_in_sector
2026-07-14,2026-07-14 23:28:36,ETF股票型,842,517200.SH,SH,xtdata.get_stock_list_in_sector
2026-07-14,2026-07-14 23:28:36,ETF股票型,843,517300.SH,SH,xtdata.get_stock_list_in_sector
2026-07-14,2026-07-14 23:28:36,ETF股票型,844,517330.SH,SH,xtdata.get_stock_list_in_sector
2026-07-14,2026-07-14 23:28:36,ETF股票型,845,517350.SH,SH,xtdata.get_stock_list_in_sector
2026-07-14,2026-07-14 23:28:36,ETF股票型,846,517360.SH,SH,xtdata.get_stock_list_in_sector
2026-07-14,2026-07-14 23:28:36,ETF股票型,847,517380.SH,SH,xtdata.get_stock_list_in_sector
2026-07-14,2026-07-14 23:28:36,ETF股票型,848,517390.SH,SH,xtdata.get_stock_list_in_sector
2026-07-14,2026-07-14 23:28:36,ETF股票型,849,517400.SH,SH,xtdata.get_stock_list_in_sector
2026-07-14,2026-07-14 23:28:36,ETF股票型,850,517520.SH,SH,xtdata.get_stock_list_in_sector
2026-07-14,2026-07-14 23:28:36,ETF股票型,851,517550.SH,SH,xtdata.get_stock_list_in_sector
2026-07-14,2026-07-14 23:28:36,ETF股票型,852,517660.SH,SH,xtdata.get_stock_list_in_sector
2026-07-14,2026-07-14 23:28:36,ETF股票型,853,517770.SH,SH,xtdata.get_stock_list_in_sector
2026-07-14,2026-07-14 23:28:36,ETF股票型,854,517800.SH,SH,xtdata.get_stock_list_in_sector
2026-07-14,2026-07-14 23:28:36,ETF股票型,855,517850.SH,SH,xtdata.get_stock_list_in_sector
2026-07-14,2026-07-14 23:28:36,ETF股票型,856,517880.SH,SH,xtdata.get_stock_list_in_sector
2026-07-14,2026-07-14 23:28:36,ETF股票型,857,517900.SH,SH,xtdata.get_stock_list_in_sector
2026-07-14,2026-07-14 23:28:36,ETF股票型,858,517950.SH,SH,xtdata.get_stock_list_in_sector
2026-07-14,2026-07-14 23:28:36,ETF股票型,859,517990.SH,SH,xtdata.get_stock_list_in_sector
2026-07-14,2026-07-14 23:28:36,ETF股票型,860,530000.SH,SH,xtdata.get_stock_list_in_sector
2026-07-14,2026-07-14 23:28:36,ETF股票型,861,530050.SH,SH,xtdata.get_stock_list_in_sector
2026-07-14,2026-07-14 23:28:36,ETF股票型,862,530060.SH,SH,xtdata.get_stock_list_in_sector
2026-07-14,2026-07-14 23:28:36,ETF股票型,863,530080.SH,SH,xtdata.get_stock_list_in_sector
2026-07-14,2026-07-14 23:28:36,ETF股票型,864,530100.SH,SH,xtdata.get_stock_list_in_sector
2026-07-14,2026-07-14 23:28:36,ETF股票型,865,530180.SH,SH,xtdata.get_stock_list_in_sector
2026-07-14,2026-07-14 23:28:36,ETF股票型,866,530280.SH,SH,xtdata.get_stock_list_in_sector
2026-07-14,2026-07-14 23:28:36,ETF股票型,867,530300.SH,SH,xtdata.get_stock_list_in_sector
2026-07-14,2026-07-14 23:28:36,ETF股票型,868,530380.SH,SH,xtdata.get_stock_list_in_sector
2026-07-14,2026-07-14 23:28:36,ETF股票型,869,530530.SH,SH,xtdata.get_stock_list_in_sector
2026-07-14,2026-07-14 23:28:36,ETF股票型,870,530580.SH,SH,xtdata.get_stock_list_in_sector
2026-07-14,2026-07-14 23:28:36,ETF股票型,871,530680.SH,SH,xtdata.get_stock_list_in_sector
2026-07-14,2026-07-14 23:28:36,ETF股票型,872,530800.SH,SH,xtdata.get_stock_list_in_sector
2026-07-14,2026-07-14 23:28:36,ETF股票型,873,530880.SH,SH,xtdata.get_stock_list_in_sector
2026-07-14,2026-07-14 23:28:36,ETF股票型,874,560000.SH,SH,xtdata.get_stock_list_in_sector
2026-07-14,2026-07-14 23:28:36,ETF股票型,875,560010.SH,SH,xtdata.get_stock_list_in_sector
2026-07-14,2026-07-14 23:28:36,ETF股票型,876,560020.SH,SH,xtdata.get_stock_list_in_sector
2026-07-14,2026-07-14 23:28:36,ETF股票型,877,560030.SH,SH,xtdata.get_stock_list_in_sector
2026-07-14,2026-07-14 23:28:36,ETF股票型,878,560050.SH,SH,xtdata.get_stock_list_in_sector
2026-07-14,2026-07-14 23:28:36,ETF股票型,879,560060.SH,SH,xtdata.get_stock_list_in_sector
2026-07-14,2026-07-14 23:28:36,ETF股票型,880,560070.SH,SH,xtdata.get_stock_list_in_sector
2026-07-14,2026-07-14 23:28:36,ETF股票型,881,560080.SH,SH,xtdata.get_stock_list_in_sector
2026-07-14,2026-07-14 23:28:36,ETF股票型,882,560090.SH,SH,xtdata.get_stock_list_in_sector
2026-07-14,2026-07-14 23:28:36,ETF股票型,883,560100.SH,SH,xtdata.get_stock_list_in_sector
2026-07-14,2026-07-14 23:28:36,ETF股票型,884,560110.SH,SH,xtdata.get_stock_list_in_sector
2026-07-14,2026-07-14 23:28:36,ETF股票型,885,560120.SH,SH,xtdata.get_stock_list_in_sector
2026-07-14,2026-07-14 23:28:36,ETF股票型,886,560130.SH,SH,xtdata.get_stock_list_in_sector
2026-07-14,2026-07-14 23:28:36,ETF股票型,887,560150.SH,SH,xtdata.get_stock_list_in_sector
2026-07-14,2026-07-14 23:28:36,ETF股票型,888,560160.SH,SH,xtdata.get_stock_list_in_sector
2026-07-14,2026-07-14 23:28:36,ETF股票型,889,560170.SH,SH,xtdata.get_stock_list_in_sector
2026-07-14,2026-07-14 23:28:36,ETF股票型,890,560180.SH,SH,xtdata.get_stock_list_in_sector
2026-07-14,2026-07-14 23:28:36,ETF股票型,891,560190.SH,SH,xtdata.get_stock_list_in_sector
2026-07-14,2026-07-14 23:28:36,ETF股票型,892,560210.SH,SH,xtdata.get_stock_list_in_sector
2026-07-14,2026-07-14 23:28:36,ETF股票型,893,560220.SH,SH,xtdata.get_stock_list_in_sector
2026-07-14,2026-07-14 23:28:36,ETF股票型,894,560230.SH,SH,xtdata.get_stock_list_in_sector
2026-07-14,2026-07-14 23:28:36,ETF股票型,895,560250.SH,SH,xtdata.get_stock_list_in_sector
2026-07-14,2026-07-14 23:28:36,ETF股票型,896,560260.SH,SH,xtdata.get_stock_list_in_sector
2026-07-14,2026-07-14 23:28:36,ETF股票型,897,560270.SH,SH,xtdata.get_stock_list_in_sector
2026-07-14,2026-07-14 23:28:36,ETF股票型,898,560280.SH,SH,xtdata.get_stock_list_in_sector
2026-07-14,2026-07-14 23:28:36,ETF股票型,899,560290.SH,SH,xtdata.get_stock_list_in_sector
2026-07-14,2026-07-14 23:28:36,ETF股票型,900,560300.SH,SH,xtdata.get_stock_list_in_sector
2026-07-14,2026-07-14 23:28:36,ETF股票型,901,560310.SH,SH,xtdata.get_stock_list_in_sector
2026-07-14,2026-07-14 23:28:36,ETF股票型,902,560320.SH,SH,xtdata.get_stock_list_in_sector
2026-07-14,2026-07-14 23:28:36,ETF股票型,903,560330.SH,SH,xtdata.get_stock_list_in_sector
2026-07-14,2026-07-14 23:28:36,ETF股票型,904,560350.SH,SH,xtdata.get_stock_list_in_sector
2026-07-14,2026-07-14 23:28:36,ETF股票型,905,560360.SH,SH,xtdata.get_stock_list_in_sector
2026-07-14,2026-07-14 23:28:36,ETF股票型,906,560370.SH,SH,xtdata.get_stock_list_in_sector
2026-07-14,2026-07-14 23:28:36,ETF股票型,907,560380.SH,SH,xtdata.get_stock_list_in_sector
2026-07-14,2026-07-14 23:28:36,ETF股票型,908,560390.SH,SH,xtdata.get_stock_list_in_sector
2026-07-14,2026-07-14 23:28:36,ETF股票型,909,560400.SH,SH,xtdata.get_stock_list_in_sector
2026-07-14,2026-07-14 23:28:36,ETF股票型,910,560410.SH,SH,xtdata.get_stock_list_in_sector
2026-07-14,2026-07-14 23:28:36,ETF股票型,911,560420.SH,SH,xtdata.get_stock_list_in_sector
2026-07-14,2026-07-14 23:28:36,ETF股票型,912,560450.SH,SH,xtdata.get_stock_list_in_sector
2026-07-14,2026-07-14 23:28:36,ETF股票型,913,560460.SH,SH,xtdata.get_stock_list_in_sector
2026-07-14,2026-07-14 23:28:36,ETF股票型,914,560470.SH,SH,xtdata.get_stock_list_in_sector
2026-07-14,2026-07-14 23:28:36,ETF股票型,915,560480.SH,SH,xtdata.get_stock_list_in_sector
2026-07-14,2026-07-14 23:28:36,ETF股票型,916,560490.SH,SH,xtdata.get_stock_list_in_sector
2026-07-14,2026-07-14 23:28:36,ETF股票型,917,560500.SH,SH,xtdata.get_stock_list_in_sector
2026-07-14,2026-07-14 23:28:36,ETF股票型,918,560510.SH,SH,xtdata.get_stock_list_in_sector
2026-07-14,2026-07-14 23:28:36,ETF股票型,919,560520.SH,SH,xtdata.get_stock_list_in_sector
2026-07-14,2026-07-14 23:28:36,ETF股票型,920,560530.SH,SH,xtdata.get_stock_list_in_sector
2026-07-14,2026-07-14 23:28:36,ETF股票型,921,560550.SH,SH,xtdata.get_stock_list_in_sector
2026-07-14,2026-07-14 23:28:36,ETF股票型,922,560560.SH,SH,xtdata.get_stock_list_in_sector
2026-07-14,2026-07-14 23:28:36,ETF股票型,923,560570.SH,SH,xtdata.get_stock_list_in_sector
2026-07-14,2026-07-14 23:28:36,ETF股票型,924,560580.SH,SH,xtdata.get_stock_list_in_sector
2026-07-14,2026-07-14 23:28:36,ETF股票型,925,560590.SH,SH,xtdata.get_stock_list_in_sector
2026-07-14,2026-07-14 23:28:36,ETF股票型,926,560610.SH,SH,xtdata.get_stock_list_in_sector
2026-07-14,2026-07-14 23:28:36,ETF股票型,927,560620.SH,SH,xtdata.get_stock_list_in_sector
2026-07-14,2026-07-14 23:28:36,ETF股票型,928,560630.SH,SH,xtdata.get_stock_list_in_sector
2026-07-14,2026-07-14 23:28:36,ETF股票型,929,560650.SH,SH,xtdata.get_stock_list_in_sector
2026-07-14,2026-07-14 23:28:36,ETF股票型,930,560660.SH,SH,xtdata.get_stock_list_in_sector
2026-07-14,2026-07-14 23:28:36,ETF股票型,931,560670.SH,SH,xtdata.get_stock_list_in_sector
2026-07-14,2026-07-14 23:28:36,ETF股票型,932,560680.SH,SH,xtdata.get_stock_list_in_sector
2026-07-14,2026-07-14 23:28:36,ETF股票型,933,560690.SH,SH,xtdata.get_stock_list_in_sector
2026-07-14,2026-07-14 23:28:36,ETF股票型,934,560700.SH,SH,xtdata.get_stock_list_in_sector
2026-07-14,2026-07-14 23:28:36,ETF股票型,935,560710.SH,SH,xtdata.get_stock_list_in_sector
2026-07-14,2026-07-14 23:28:36,ETF股票型,936,560720.SH,SH,xtdata.get_stock_list_in_sector
2026-07-14,2026-07-14 23:28:36,ETF股票型,937,560750.SH,SH,xtdata.get_stock_list_in_sector
2026-07-14,2026-07-14 23:28:36,ETF股票型,938,560770.SH,SH,xtdata.get_stock_list_in_sector
2026-07-14,2026-07-14 23:28:36,ETF股票型,939,560780.SH,SH,xtdata.get_stock_list_in_sector
2026-07-14,2026-07-14 23:28:36,ETF股票型,940,560790.SH,SH,xtdata.get_stock_list_in_sector
2026-07-14,2026-07-14 23:28:36,ETF股票型,941,560800.SH,SH,xtdata.get_stock_list_in_sector
2026-07-14,2026-07-14 23:28:36,ETF股票型,942,560810.SH,SH,xtdata.get_stock_list_in_sector
2026-07-14,2026-07-14 23:28:36,ETF股票型,943,560820.SH,SH,xtdata.get_stock_list_in_sector
2026-07-14,2026-07-14 23:28:36,ETF股票型,944,560830.SH,SH,xtdata.get_stock_list_in_sector
2026-07-14,2026-07-14 23:28:36,ETF股票型,945,560850.SH,SH,xtdata.get_stock_list_in_sector
2026-07-14,2026-07-14 23:28:36,ETF股票型,946,560860.SH,SH,xtdata.get_stock_list_in_sector
2026-07-14,2026-07-14 23:28:36,ETF股票型,947,560870.SH,SH,xtdata.get_stock_list_in_sector
2026-07-14,2026-07-14 23:28:36,ETF股票型,948,560880.SH,SH,xtdata.get_stock_list_in_sector
2026-07-14,2026-07-14 23:28:36,ETF股票型,949,560900.SH,SH,xtdata.get_stock_list_in_sector
2026-07-14,2026-07-14 23:28:36,ETF股票型,950,560910.SH,SH,xtdata.get_stock_list_in_sector
2026-07-14,2026-07-14 23:28:36,ETF股票型,951,560920.SH,SH,xtdata.get_stock_list_in_sector
2026-07-14,2026-07-14 23:28:36,ETF股票型,952,560930.SH,SH,xtdata.get_stock_list_in_sector
2026-07-14,2026-07-14 23:28:36,ETF股票型,953,560950.SH,SH,xtdata.get_stock_list_in_sector
2026-07-14,2026-07-14 23:28:36,ETF股票型,954,560970.SH,SH,xtdata.get_stock_list_in_sector
2026-07-14,2026-07-14 23:28:36,ETF股票型,955,560980.SH,SH,xtdata.get_stock_list_in_sector
2026-07-14,2026-07-14 23:28:36,ETF股票型,956,560990.SH,SH,xtdata.get_stock_list_in_sector
2026-07-14,2026-07-14 23:28:36,ETF股票型,957,561000.SH,SH,xtdata.get_stock_list_in_sector
2026-07-14,2026-07-14 23:28:36,ETF股票型,958,561010.SH,SH,xtdata.get_stock_list_in_sector
2026-07-14,2026-07-14 23:28:36,ETF股票型,959,561030.SH,SH,xtdata.get_stock_list_in_sector
2026-07-14,2026-07-14 23:28:36,ETF股票型,960,561050.SH,SH,xtdata.get_stock_list_in_sector
2026-07-14,2026-07-14 23:28:36,ETF股票型,961,561060.SH,SH,xtdata.get_stock_list_in_sector
2026-07-14,2026-07-14 23:28:36,ETF股票型,962,561080.SH,SH,xtdata.get_stock_list_in_sector
2026-07-14,2026-07-14 23:28:36,ETF股票型,963,561090.SH,SH,xtdata.get_stock_list_in_sector
2026-07-14,2026-07-14 23:28:36,ETF股票型,964,561100.SH,SH,xtdata.get_stock_list_in_sector
2026-07-14,2026-07-14 23:28:36,ETF股票型,965,561120.SH,SH,xtdata.get_stock_list_in_sector
2026-07-14,2026-07-14 23:28:36,ETF股票型,966,561130.SH,SH,xtdata.get_stock_list_in_sector
2026-07-14,2026-07-14 23:28:36,ETF股票型,967,561160.SH,SH,xtdata.get_stock_list_in_sector
2026-07-14,2026-07-14 23:28:36,ETF股票型,968,561170.SH,SH,xtdata.get_stock_list_in_sector
2026-07-14,2026-07-14 23:28:36,ETF股票型,969,561180.SH,SH,xtdata.get_stock_list_in_sector
2026-07-14,2026-07-14 23:28:36,ETF股票型,970,561190.SH,SH,xtdata.get_stock_list_in_sector
2026-07-14,2026-07-14 23:28:36,ETF股票型,971,561200.SH,SH,xtdata.get_stock_list_in_sector
2026-07-14,2026-07-14 23:28:36,ETF股票型,972,561220.SH,SH,xtdata.get_stock_list_in_sector
2026-07-14,2026-07-14 23:28:36,ETF股票型,973,561230.SH,SH,xtdata.get_stock_list_in_sector
2026-07-14,2026-07-14 23:28:36,ETF股票型,974,561260.SH,SH,xtdata.get_stock_list_in_sector
2026-07-14,2026-07-14 23:28:36,ETF股票型,975,561280.SH,SH,xtdata.get_stock_list_in_sector
2026-07-14,2026-07-14 23:28:36,ETF股票型,976,561300.SH,SH,xtdata.get_stock_list_in_sector
2026-07-14,2026-07-14 23:28:36,ETF股票型,977,561310.SH,SH,xtdata.get_stock_list_in_sector
2026-07-14,2026-07-14 23:28:36,ETF股票型,978,561320.SH,SH,xtdata.get_stock_list_in_sector
2026-07-14,2026-07-14 23:28:36,ETF股票型,979,561330.SH,SH,xtdata.get_stock_list_in_sector
2026-07-14,2026-07-14 23:28:36,ETF股票型,980,561350.SH,SH,xtdata.get_stock_list_in_sector
2026-07-14,2026-07-14 23:28:36,ETF股票型,981,561360.SH,SH,xtdata.get_stock_list_in_sector
2026-07-14,2026-07-14 23:28:36,ETF股票型,982,561370.SH,SH,xtdata.get_stock_list_in_sector
2026-07-14,2026-07-14 23:28:36,ETF股票型,983,561380.SH,SH,xtdata.get_stock_list_in_sector
2026-07-14,2026-07-14 23:28:36,ETF股票型,984,561420.SH,SH,xtdata.get_stock_list_in_sector
2026-07-14,2026-07-14 23:28:36,ETF股票型,985,561430.SH,SH,xtdata.get_stock_list_in_sector
2026-07-14,2026-07-14 23:28:36,ETF股票型,986,561460.SH,SH,xtdata.get_stock_list_in_sector
2026-07-14,2026-07-14 23:28:36,ETF股票型,987,561470.SH,SH,xtdata.get_stock_list_in_sector
2026-07-14,2026-07-14 23:28:36,ETF股票型,988,561500.SH,SH,xtdata.get_stock_list_in_sector
2026-07-14,2026-07-14 23:28:36,ETF股票型,989,561510.SH,SH,xtdata.get_stock_list_in_sector
2026-07-14,2026-07-14 23:28:36,ETF股票型,990,561550.SH,SH,xtdata.get_stock_list_in_sector
2026-07-14,2026-07-14 23:28:36,ETF股票型,991,561560.SH,SH,xtdata.get_stock_list_in_sector
2026-07-14,2026-07-14 23:28:36,ETF股票型,992,561570.SH,SH,xtdata.get_stock_list_in_sector
2026-07-14,2026-07-14 23:28:36,ETF股票型,993,561580.SH,SH,xtdata.get_stock_list_in_sector
2026-07-14,2026-07-14 23:28:36,ETF股票型,994,561590.SH,SH,xtdata.get_stock_list_in_sector
2026-07-14,2026-07-14 23:28:36,ETF股票型,995,561600.SH,SH,xtdata.get_stock_list_in_sector
2026-07-14,2026-07-14 23:28:36,ETF股票型,996,561660.SH,SH,xtdata.get_stock_list_in_sector
2026-07-14,2026-07-14 23:28:36,ETF股票型,997,561680.SH,SH,xtdata.get_stock_list_in_sector
2026-07-14,2026-07-14 23:28:36,ETF股票型,998,561700.SH,SH,xtdata.get_stock_list_in_sector
2026-07-14,2026-07-14 23:28:36,ETF股票型,999,561750.SH,SH,xtdata.get_stock_list_in_sector
2026-07-14,2026-07-14 23:28:36,ETF股票型,1000,561760.SH,SH,xtdata.get_stock_list_in_sector
2026-07-14,2026-07-14 23:28:36,ETF股票型,1001,561770.SH,SH,xtdata.get_stock_list_in_sector
2026-07-14,2026-07-14 23:28:36,ETF股票型,1002,561780.SH,SH,xtdata.get_stock_list_in_sector
2026-07-14,2026-07-14 23:28:36,ETF股票型,1003,561790.SH,SH,xtdata.get_stock_list_in_sector
2026-07-14,2026-07-14 23:28:36,ETF股票型,1004,561800.SH,SH,xtdata.get_stock_list_in_sector
2026-07-14,2026-07-14 23:28:36,ETF股票型,1005,561870.SH,SH,xtdata.get_stock_list_in_sector
2026-07-14,2026-07-14 23:28:36,ETF股票型,1006,561880.SH,SH,xtdata.get_stock_list_in_sector
2026-07-14,2026-07-14 23:28:36,ETF股票型,1007,561900.SH,SH,xtdata.get_stock_list_in_sector
2026-07-14,2026-07-14 23:28:36,ETF股票型,1008,561910.SH,SH,xtdata.get_stock_list_in_sector
2026-07-14,2026-07-14 23:28:36,ETF股票型,1009,561920.SH,SH,xtdata.get_stock_list_in_sector
2026-07-14,2026-07-14 23:28:36,ETF股票型,1010,561930.SH,SH,xtdata.get_stock_list_in_sector
2026-07-14,2026-07-14 23:28:36,ETF股票型,1011,561950.SH,SH,xtdata.get_stock_list_in_sector
2026-07-14,2026-07-14 23:28:36,ETF股票型,1012,561960.SH,SH,xtdata.get_stock_list_in_sector
2026-07-14,2026-07-14 23:28:36,ETF股票型,1013,561980.SH,SH,xtdata.get_stock_list_in_sector
2026-07-14,2026-07-14 23:28:36,ETF股票型,1014,561990.SH,SH,xtdata.get_stock_list_in_sector
2026-07-14,2026-07-14 23:28:36,ETF股票型,1015,562000.SH,SH,xtdata.get_stock_list_in_sector
2026-07-14,2026-07-14 23:28:36,ETF股票型,1016,562010.SH,SH,xtdata.get_stock_list_in_sector
2026-07-14,2026-07-14 23:28:36,ETF股票型,1017,562030.SH,SH,xtdata.get_stock_list_in_sector
2026-07-14,2026-07-14 23:28:36,ETF股票型,1018,562050.SH,SH,xtdata.get_stock_list_in_sector
2026-07-14,2026-07-14 23:28:36,ETF股票型,1019,562060.SH,SH,xtdata.get_stock_list_in_sector
2026-07-14,2026-07-14 23:28:36,ETF股票型,1020,562070.SH,SH,xtdata.get_stock_list_in_sector
2026-07-14,2026-07-14 23:28:36,ETF股票型,1021,562080.SH,SH,xtdata.get_stock_list_in_sector
2026-07-14,2026-07-14 23:28:36,ETF股票型,1022,562300.SH,SH,xtdata.get_stock_list_in_sector
2026-07-14,2026-07-14 23:28:36,ETF股票型,1023,562310.SH,SH,xtdata.get_stock_list_in_sector
2026-07-14,2026-07-14 23:28:36,ETF股票型,1024,562320.SH,SH,xtdata.get_stock_list_in_sector
2026-07-14,2026-07-14 23:28:36,ETF股票型,1025,562330.SH,SH,xtdata.get_stock_list_in_sector
2026-07-14,2026-07-14 23:28:36,ETF股票型,1026,562340.SH,SH,xtdata.get_stock_list_in_sector
2026-07-14,2026-07-14 23:28:36,ETF股票型,1027,562350.SH,SH,xtdata.get_stock_list_in_sector
2026-07-14,2026-07-14 23:28:36,ETF股票型,1028,562360.SH,SH,xtdata.get_stock_list_in_sector
2026-07-14,2026-07-14 23:28:36,ETF股票型,1029,562380.SH,SH,xtdata.get_stock_list_in_sector
2026-07-14,2026-07-14 23:28:36,ETF股票型,1030,562390.SH,SH,xtdata.get_stock_list_in_sector
2026-07-14,2026-07-14 23:28:36,ETF股票型,1031,562500.SH,SH,xtdata.get_stock_list_in_sector
2026-07-14,2026-07-14 23:28:36,ETF股票型,1032,562510.SH,SH,xtdata.get_stock_list_in_sector
2026-07-14,2026-07-14 23:28:36,ETF股票型,1033,562520.SH,SH,xtdata.get_stock_list_in_sector
2026-07-14,2026-07-14 23:28:36,ETF股票型,1034,562530.SH,SH,xtdata.get_stock_list_in_sector
2026-07-14,2026-07-14 23:28:36,ETF股票型,1035,562550.SH,SH,xtdata.get_stock_list_in_sector
2026-07-14,2026-07-14 23:28:36,ETF股票型,1036,562560.SH,SH,xtdata.get_stock_list_in_sector
2026-07-14,2026-07-14 23:28:36,ETF股票型,1037,562570.SH,SH,xtdata.get_stock_list_in_sector
2026-07-14,2026-07-14 23:28:36,ETF股票型,1038,562580.SH,SH,xtdata.get_stock_list_in_sector
2026-07-14,2026-07-14 23:28:36,ETF股票型,1039,562590.SH,SH,xtdata.get_stock_list_in_sector
2026-07-14,2026-07-14 23:28:36,ETF股票型,1040,562600.SH,SH,xtdata.get_stock_list_in_sector
2026-07-14,2026-07-14 23:28:36,ETF股票型,1041,562660.SH,SH,xtdata.get_stock_list_in_sector
2026-07-14,2026-07-14 23:28:36,ETF股票型,1042,562700.SH,SH,xtdata.get_stock_list_in_sector
2026-07-14,2026-07-14 23:28:36,ETF股票型,1043,562800.SH,SH,xtdata.get_stock_list_in_sector
2026-07-14,2026-07-14 23:28:36,ETF股票型,1044,562810.SH,SH,xtdata.get_stock_list_in_sector
2026-07-14,2026-07-14 23:28:36,ETF股票型,1045,562820.SH,SH,xtdata.get_stock_list_in_sector
2026-07-14,2026-07-14 23:28:36,ETF股票型,1046,562850.SH,SH,xtdata.get_stock_list_in_sector
2026-07-14,2026-07-14 23:28:36,ETF股票型,1047,562860.SH,SH,xtdata.get_stock_list_in_sector
2026-07-14,2026-07-14 23:28:36,ETF股票型,1048,562870.SH,SH,xtdata.get_stock_list_in_sector
2026-07-14,2026-07-14 23:28:36,ETF股票型,1049,562880.SH,SH,xtdata.get_stock_list_in_sector
2026-07-14,2026-07-14 23:28:36,ETF股票型,1050,562890.SH,SH,xtdata.get_stock_list_in_sector
2026-07-14,2026-07-14 23:28:36,ETF股票型,1051,562900.SH,SH,xtdata.get_stock_list_in_sector
2026-07-14,2026-07-14 23:28:36,ETF股票型,1052,562910.SH,SH,xtdata.get_stock_list_in_sector
2026-07-14,2026-07-14 23:28:36,ETF股票型,1053,562920.SH,SH,xtdata.get_stock_list_in_sector
2026-07-14,2026-07-14 23:28:36,ETF股票型,1054,562930.SH,SH,xtdata.get_stock_list_in_sector
2026-07-14,2026-07-14 23:28:36,ETF股票型,1055,562950.SH,SH,xtdata.get_stock_list_in_sector
2026-07-14,2026-07-14 23:28:36,ETF股票型,1056,562960.SH,SH,xtdata.get_stock_list_in_sector
2026-07-14,2026-07-14 23:28:36,ETF股票型,1057,562970.SH,SH,xtdata.get_stock_list_in_sector
2026-07-14,2026-07-14 23:28:36,ETF股票型,1058,562990.SH,SH,xtdata.get_stock_list_in_sector
2026-07-14,2026-07-14 23:28:36,ETF股票型,1059,563000.SH,SH,xtdata.get_stock_list_in_sector
2026-07-14,2026-07-14 23:28:36,ETF股票型,1060,563010.SH,SH,xtdata.get_stock_list_in_sector
2026-07-14,2026-07-14 23:28:36,ETF股票型,1061,563020.SH,SH,xtdata.get_stock_list_in_sector
2026-07-14,2026-07-14 23:28:36,ETF股票型,1062,563030.SH,SH,xtdata.get_stock_list_in_sector
2026-07-14,2026-07-14 23:28:36,ETF股票型,1063,563050.SH,SH,xtdata.get_stock_list_in_sector
2026-07-14,2026-07-14 23:28:36,ETF股票型,1064,563060.SH,SH,xtdata.get_stock_list_in_sector
2026-07-14,2026-07-14 23:28:36,ETF股票型,1065,563080.SH,SH,xtdata.get_stock_list_in_sector
2026-07-14,2026-07-14 23:28:36,ETF股票型,1066,563090.SH,SH,xtdata.get_stock_list_in_sector
2026-07-14,2026-07-14 23:28:36,ETF股票型,1067,563150.SH,SH,xtdata.get_stock_list_in_sector
2026-07-14,2026-07-14 23:28:36,ETF股票型,1068,563180.SH,SH,xtdata.get_stock_list_in_sector
2026-07-14,2026-07-14 23:28:36,ETF股票型,1069,563200.SH,SH,xtdata.get_stock_list_in_sector
2026-07-14,2026-07-14 23:28:36,ETF股票型,1070,563210.SH,SH,xtdata.get_stock_list_in_sector
2026-07-14,2026-07-14 23:28:36,ETF股票型,1071,563220.SH,SH,xtdata.get_stock_list_in_sector
2026-07-14,2026-07-14 23:28:36,ETF股票型,1072,563230.SH,SH,xtdata.get_stock_list_in_sector
2026-07-14,2026-07-14 23:28:36,ETF股票型,1073,563280.SH,SH,xtdata.get_stock_list_in_sector
2026-07-14,2026-07-14 23:28:36,ETF股票型,1074,563300.SH,SH,xtdata.get_stock_list_in_sector
2026-07-14,2026-07-14 23:28:36,ETF股票型,1075,563320.SH,SH,xtdata.get_stock_list_in_sector
2026-07-14,2026-07-14 23:28:36,ETF股票型,1076,563330.SH,SH,xtdata.get_stock_list_in_sector
2026-07-14,2026-07-14 23:28:36,ETF股票型,1077,563350.SH,SH,xtdata.get_stock_list_in_sector
2026-07-14,2026-07-14 23:28:36,ETF股票型,1078,563360.SH,SH,xtdata.get_stock_list_in_sector
2026-07-14,2026-07-14 23:28:36,ETF股票型,1079,563380.SH,SH,xtdata.get_stock_list_in_sector
2026-07-14,2026-07-14 23:28:36,ETF股票型,1080,563390.SH,SH,xtdata.get_stock_list_in_sector
2026-07-14,2026-07-14 23:28:36,ETF股票型,1081,563500.SH,SH,xtdata.get_stock_list_in_sector
2026-07-14,2026-07-14 23:28:36,ETF股票型,1082,563510.SH,SH,xtdata.get_stock_list_in_sector
2026-07-14,2026-07-14 23:28:36,ETF股票型,1083,563520.SH,SH,xtdata.get_stock_list_in_sector
2026-07-14,2026-07-14 23:28:36,ETF股票型,1084,563530.SH,SH,xtdata.get_stock_list_in_sector
2026-07-14,2026-07-14 23:28:36,ETF股票型,1085,563550.SH,SH,xtdata.get_stock_list_in_sector
2026-07-14,2026-07-14 23:28:36,ETF股票型,1086,563560.SH,SH,xtdata.get_stock_list_in_sector
2026-07-14,2026-07-14 23:28:36,ETF股票型,1087,563570.SH,SH,xtdata.get_stock_list_in_sector
2026-07-14,2026-07-14 23:28:36,ETF股票型,1088,563580.SH,SH,xtdata.get_stock_list_in_sector
2026-07-14,2026-07-14 23:28:36,ETF股票型,1089,563590.SH,SH,xtdata.get_stock_list_in_sector
2026-07-14,2026-07-14 23:28:36,ETF股票型,1090,563600.SH,SH,xtdata.get_stock_list_in_sector
2026-07-14,2026-07-14 23:28:36,ETF股票型,1091,563620.SH,SH,xtdata.get_stock_list_in_sector
2026-07-14,2026-07-14 23:28:36,ETF股票型,1092,563630.SH,SH,xtdata.get_stock_list_in_sector
2026-07-14,2026-07-14 23:28:36,ETF股票型,1093,563650.SH,SH,xtdata.get_stock_list_in_sector
2026-07-14,2026-07-14 23:28:36,ETF股票型,1094,563660.SH,SH,xtdata.get_stock_list_in_sector
2026-07-14,2026-07-14 23:28:36,ETF股票型,1095,563670.SH,SH,xtdata.get_stock_list_in_sector
2026-07-14,2026-07-14 23:28:36,ETF股票型,1096,563680.SH,SH,xtdata.get_stock_list_in_sector
2026-07-14,2026-07-14 23:28:36,ETF股票型,1097,563690.SH,SH,xtdata.get_stock_list_in_sector
2026-07-14,2026-07-14 23:28:36,ETF股票型,1098,563700.SH,SH,xtdata.get_stock_list_in_sector
2026-07-14,2026-07-14 23:28:36,ETF股票型,1099,563750.SH,SH,xtdata.get_stock_list_in_sector
2026-07-14,2026-07-14 23:28:36,ETF股票型,1100,563760.SH,SH,xtdata.get_stock_list_in_sector
2026-07-14,2026-07-14 23:28:36,ETF股票型,1101,563770.SH,SH,xtdata.get_stock_list_in_sector
2026-07-14,2026-07-14 23:28:36,ETF股票型,1102,563780.SH,SH,xtdata.get_stock_list_in_sector
2026-07-14,2026-07-14 23:28:36,ETF股票型,1103,563790.SH,SH,xtdata.get_stock_list_in_sector
2026-07-14,2026-07-14 23:28:36,ETF股票型,1104,563800.SH,SH,xtdata.get_stock_list_in_sector
2026-07-14,2026-07-14 23:28:36,ETF股票型,1105,563830.SH,SH,xtdata.get_stock_list_in_sector
2026-07-14,2026-07-14 23:28:36,ETF股票型,1106,563850.SH,SH,xtdata.get_stock_list_in_sector
2026-07-14,2026-07-14 23:28:36,ETF股票型,1107,563860.SH,SH,xtdata.get_stock_list_in_sector
2026-07-14,2026-07-14 23:28:36,ETF股票型,1108,563870.SH,SH,xtdata.get_stock_list_in_sector
2026-07-14,2026-07-14 23:28:36,ETF股票型,1109,563880.SH,SH,xtdata.get_stock_list_in_sector
2026-07-14,2026-07-14 23:28:36,ETF股票型,1110,563890.SH,SH,xtdata.get_stock_list_in_sector
2026-07-14,2026-07-14 23:28:36,ETF股票型,1111,563900.SH,SH,xtdata.get_stock_list_in_sector
2026-07-14,2026-07-14 23:28:36,ETF股票型,1112,563930.SH,SH,xtdata.get_stock_list_in_sector
2026-07-14,2026-07-14 23:28:36,ETF股票型,1113,563960.SH,SH,xtdata.get_stock_list_in_sector
2026-07-14,2026-07-14 23:28:36,ETF股票型,1114,563980.SH,SH,xtdata.get_stock_list_in_sector
2026-07-14,2026-07-14 23:28:36,ETF股票型,1115,563990.SH,SH,xtdata.get_stock_list_in_sector
2026-07-14,2026-07-14 23:28:36,ETF股票型,1116,588000.SH,SH,xtdata.get_stock_list_in_sector
2026-07-14,2026-07-14 23:28:36,ETF股票型,1117,588010.SH,SH,xtdata.get_stock_list_in_sector
2026-07-14,2026-07-14 23:28:36,ETF股票型,1118,588020.SH,SH,xtdata.get_stock_list_in_sector
2026-07-14,2026-07-14 23:28:36,ETF股票型,1119,588030.SH,SH,xtdata.get_stock_list_in_sector
2026-07-14,2026-07-14 23:28:36,ETF股票型,1120,588040.SH,SH,xtdata.get_stock_list_in_sector
2026-07-14,2026-07-14 23:28:36,ETF股票型,1121,588050.SH,SH,xtdata.get_stock_list_in_sector
2026-07-14,2026-07-14 23:28:36,ETF股票型,1122,588060.SH,SH,xtdata.get_stock_list_in_sector
2026-07-14,2026-07-14 23:28:36,ETF股票型,1123,588070.SH,SH,xtdata.get_stock_list_in_sector
2026-07-14,2026-07-14 23:28:36,ETF股票型,1124,588080.SH,SH,xtdata.get_stock_list_in_sector
2026-07-14,2026-07-14 23:28:36,ETF股票型,1125,588090.SH,SH,xtdata.get_stock_list_in_sector
2026-07-14,2026-07-14 23:28:36,ETF股票型,1126,588100.SH,SH,xtdata.get_stock_list_in_sector
2026-07-14,2026-07-14 23:28:36,ETF股票型,1127,588110.SH,SH,xtdata.get_stock_list_in_sector
2026-07-14,2026-07-14 23:28:36,ETF股票型,1128,588120.SH,SH,xtdata.get_stock_list_in_sector
2026-07-14,2026-07-14 23:28:36,ETF股票型,1129,588130.SH,SH,xtdata.get_stock_list_in_sector
2026-07-14,2026-07-14 23:28:36,ETF股票型,1130,588140.SH,SH,xtdata.get_stock_list_in_sector
2026-07-14,2026-07-14 23:28:36,ETF股票型,1131,588150.SH,SH,xtdata.get_stock_list_in_sector
2026-07-14,2026-07-14 23:28:36,ETF股票型,1132,588160.SH,SH,xtdata.get_stock_list_in_sector
2026-07-14,2026-07-14 23:28:36,ETF股票型,1133,588170.SH,SH,xtdata.get_stock_list_in_sector
2026-07-14,2026-07-14 23:28:36,ETF股票型,1134,588180.SH,SH,xtdata.get_stock_list_in_sector
2026-07-14,2026-07-14 23:28:36,ETF股票型,1135,588190.SH,SH,xtdata.get_stock_list_in_sector
2026-07-14,2026-07-14 23:28:36,ETF股票型,1136,588200.SH,SH,xtdata.get_stock_list_in_sector
2026-07-14,2026-07-14 23:28:36,ETF股票型,1137,588210.SH,SH,xtdata.get_stock_list_in_sector
2026-07-14,2026-07-14 23:28:36,ETF股票型,1138,588220.SH,SH,xtdata.get_stock_list_in_sector
2026-07-14,2026-07-14 23:28:36,ETF股票型,1139,588230.SH,SH,xtdata.get_stock_list_in_sector
2026-07-14,2026-07-14 23:28:36,ETF股票型,1140,588240.SH,SH,xtdata.get_stock_list_in_sector
2026-07-14,2026-07-14 23:28:36,ETF股票型,1141,588250.SH,SH,xtdata.get_stock_list_in_sector
2026-07-14,2026-07-14 23:28:36,ETF股票型,1142,588260.SH,SH,xtdata.get_stock_list_in_sector
2026-07-14,2026-07-14 23:28:36,ETF股票型,1143,588270.SH,SH,xtdata.get_stock_list_in_sector
2026-07-14,2026-07-14 23:28:36,ETF股票型,1144,588280.SH,SH,xtdata.get_stock_list_in_sector
2026-07-14,2026-07-14 23:28:36,ETF股票型,1145,588290.SH,SH,xtdata.get_stock_list_in_sector
2026-07-14,2026-07-14 23:28:36,ETF股票型,1146,588300.SH,SH,xtdata.get_stock_list_in_sector
2026-07-14,2026-07-14 23:28:36,ETF股票型,1147,588310.SH,SH,xtdata.get_stock_list_in_sector
2026-07-14,2026-07-14 23:28:36,ETF股票型,1148,588320.SH,SH,xtdata.get_stock_list_in_sector
2026-07-14,2026-07-14 23:28:36,ETF股票型,1149,588330.SH,SH,xtdata.get_stock_list_in_sector
2026-07-14,2026-07-14 23:28:36,ETF股票型,1150,588350.SH,SH,xtdata.get_stock_list_in_sector
2026-07-14,2026-07-14 23:28:36,ETF股票型,1151,588360.SH,SH,xtdata.get_stock_list_in_sector
2026-07-14,2026-07-14 23:28:36,ETF股票型,1152,588370.SH,SH,xtdata.get_stock_list_in_sector
2026-07-14,2026-07-14 23:28:36,ETF股票型,1153,588380.SH,SH,xtdata.get_stock_list_in_sector
2026-07-14,2026-07-14 23:28:36,ETF股票型,1154,588390.SH,SH,xtdata.get_stock_list_in_sector
2026-07-14,2026-07-14 23:28:36,ETF股票型,1155,588400.SH,SH,xtdata.get_stock_list_in_sector
2026-07-14,2026-07-14 23:28:36,ETF股票型,1156,588410.SH,SH,xtdata.get_stock_list_in_sector
2026-07-14,2026-07-14 23:28:36,ETF股票型,1157,588420.SH,SH,xtdata.get_stock_list_in_sector
2026-07-14,2026-07-14 23:28:36,ETF股票型,1158,588430.SH,SH,xtdata.get_stock_list_in_sector
2026-07-14,2026-07-14 23:28:36,ETF股票型,1159,588450.SH,SH,xtdata.get_stock_list_in_sector
2026-07-14,2026-07-14 23:28:36,ETF股票型,1160,588460.SH,SH,xtdata.get_stock_list_in_sector
2026-07-14,2026-07-14 23:28:36,ETF股票型,1161,588470.SH,SH,xtdata.get_stock_list_in_sector
2026-07-14,2026-07-14 23:28:36,ETF股票型,1162,588480.SH,SH,xtdata.get_stock_list_in_sector
2026-07-14,2026-07-14 23:28:36,ETF股票型,1163,588500.SH,SH,xtdata.get_stock_list_in_sector
2026-07-14,2026-07-14 23:28:36,ETF股票型,1164,588510.SH,SH,xtdata.get_stock_list_in_sector
2026-07-14,2026-07-14 23:28:36,ETF股票型,1165,588520.SH,SH,xtdata.get_stock_list_in_sector
2026-07-14,2026-07-14 23:28:36,ETF股票型,1166,588550.SH,SH,xtdata.get_stock_list_in_sector
2026-07-14,2026-07-14 23:28:36,ETF股票型,1167,588660.SH,SH,xtdata.get_stock_list_in_sector
2026-07-14,2026-07-14 23:28:36,ETF股票型,1168,588670.SH,SH,xtdata.get_stock_list_in_sector
2026-07-14,2026-07-14 23:28:36,ETF股票型,1169,588680.SH,SH,xtdata.get_stock_list_in_sector
2026-07-14,2026-07-14 23:28:36,ETF股票型,1170,588690.SH,SH,xtdata.get_stock_list_in_sector
2026-07-14,2026-07-14 23:28:36,ETF股票型,1171,588700.SH,SH,xtdata.get_stock_list_in_sector
2026-07-14,2026-07-14 23:28:36,ETF股票型,1172,588710.SH,SH,xtdata.get_stock_list_in_sector
2026-07-14,2026-07-14 23:28:36,ETF股票型,1173,588720.SH,SH,xtdata.get_stock_list_in_sector
2026-07-14,2026-07-14 23:28:36,ETF股票型,1174,588730.SH,SH,xtdata.get_stock_list_in_sector
2026-07-14,2026-07-14 23:28:36,ETF股票型,1175,588750.SH,SH,xtdata.get_stock_list_in_sector
2026-07-14,2026-07-14 23:28:36,ETF股票型,1176,588760.SH,SH,xtdata.get_stock_list_in_sector
2026-07-14,2026-07-14 23:28:36,ETF股票型,1177,588770.SH,SH,xtdata.get_stock_list_in_sector
2026-07-14,2026-07-14 23:28:36,ETF股票型,1178,588780.SH,SH,xtdata.get_stock_list_in_sector
2026-07-14,2026-07-14 23:28:36,ETF股票型,1179,588790.SH,SH,xtdata.get_stock_list_in_sector
2026-07-14,2026-07-14 23:28:36,ETF股票型,1180,588800.SH,SH,xtdata.get_stock_list_in_sector
2026-07-14,2026-07-14 23:28:36,ETF股票型,1181,588810.SH,SH,xtdata.get_stock_list_in_sector
2026-07-14,2026-07-14 23:28:36,ETF股票型,1182,588820.SH,SH,xtdata.get_stock_list_in_sector
2026-07-14,2026-07-14 23:28:36,ETF股票型,1183,588830.SH,SH,xtdata.get_stock_list_in_sector
2026-07-14,2026-07-14 23:28:36,ETF股票型,1184,588840.SH,SH,xtdata.get_stock_list_in_sector
2026-07-14,2026-07-14 23:28:36,ETF股票型,1185,588850.SH,SH,xtdata.get_stock_list_in_sector
2026-07-14,2026-07-14 23:28:36,ETF股票型,1186,588860.SH,SH,xtdata.get_stock_list_in_sector
2026-07-14,2026-07-14 23:28:36,ETF股票型,1187,588870.SH,SH,xtdata.get_stock_list_in_sector
2026-07-14,2026-07-14 23:28:36,ETF股票型,1188,588880.SH,SH,xtdata.get_stock_list_in_sector
2026-07-14,2026-07-14 23:28:36,ETF股票型,1189,588890.SH,SH,xtdata.get_stock_list_in_sector
2026-07-14,2026-07-14 23:28:36,ETF股票型,1190,588900.SH,SH,xtdata.get_stock_list_in_sector
2026-07-14,2026-07-14 23:28:36,ETF股票型,1191,588910.SH,SH,xtdata.get_stock_list_in_sector
2026-07-14,2026-07-14 23:28:36,ETF股票型,1192,588920.SH,SH,xtdata.get_stock_list_in_sector
2026-07-14,2026-07-14 23:28:36,ETF股票型,1193,588930.SH,SH,xtdata.get_stock_list_in_sector
2026-07-14,2026-07-14 23:28:36,ETF股票型,1194,588940.SH,SH,xtdata.get_stock_list_in_sector
2026-07-14,2026-07-14 23:28:36,ETF股票型,1195,588950.SH,SH,xtdata.get_stock_list_in_sector
2026-07-14,2026-07-14 23:28:36,ETF股票型,1196,588960.SH,SH,xtdata.get_stock_list_in_sector
2026-07-14,2026-07-14 23:28:36,ETF股票型,1197,588980.SH,SH,xtdata.get_stock_list_in_sector
2026-07-14,2026-07-14 23:28:36,ETF股票型,1198,588990.SH,SH,xtdata.get_stock_list_in_sector
2026-07-14,2026-07-14 23:28:36,ETF股票型,1199,589000.SH,SH,xtdata.get_stock_list_in_sector
2026-07-14,2026-07-14 23:28:36,ETF股票型,1200,589010.SH,SH,xtdata.get_stock_list_in_sector
2026-07-14,2026-07-14 23:28:36,ETF股票型,1201,589020.SH,SH,xtdata.get_stock_list_in_sector
2026-07-14,2026-07-14 23:28:36,ETF股票型,1202,589030.SH,SH,xtdata.get_stock_list_in_sector
2026-07-14,2026-07-14 23:28:36,ETF股票型,1203,589050.SH,SH,xtdata.get_stock_list_in_sector
2026-07-14,2026-07-14 23:28:36,ETF股票型,1204,589060.SH,SH,xtdata.get_stock_list_in_sector
2026-07-14,2026-07-14 23:28:36,ETF股票型,1205,589070.SH,SH,xtdata.get_stock_list_in_sector
2026-07-14,2026-07-14 23:28:36,ETF股票型,1206,589080.SH,SH,xtdata.get_stock_list_in_sector
2026-07-14,2026-07-14 23:28:36,ETF股票型,1207,589090.SH,SH,xtdata.get_stock_list_in_sector
2026-07-14,2026-07-14 23:28:36,ETF股票型,1208,589100.SH,SH,xtdata.get_stock_list_in_sector
2026-07-14,2026-07-14 23:28:36,ETF股票型,1209,589110.SH,SH,xtdata.get_stock_list_in_sector
2026-07-14,2026-07-14 23:28:36,ETF股票型,1210,589120.SH,SH,xtdata.get_stock_list_in_sector
2026-07-14,2026-07-14 23:28:36,ETF股票型,1211,589130.SH,SH,xtdata.get_stock_list_in_sector
2026-07-14,2026-07-14 23:28:36,ETF股票型,1212,589150.SH,SH,xtdata.get_stock_list_in_sector
2026-07-14,2026-07-14 23:28:36,ETF股票型,1213,589160.SH,SH,xtdata.get_stock_list_in_sector
2026-07-14,2026-07-14 23:28:36,ETF股票型,1214,589170.SH,SH,xtdata.get_stock_list_in_sector
2026-07-14,2026-07-14 23:28:36,ETF股票型,1215,589180.SH,SH,xtdata.get_stock_list_in_sector
2026-07-14,2026-07-14 23:28:36,ETF股票型,1216,589190.SH,SH,xtdata.get_stock_list_in_sector
2026-07-14,2026-07-14 23:28:36,ETF股票型,1217,589200.SH,SH,xtdata.get_stock_list_in_sector
2026-07-14,2026-07-14 23:28:36,ETF股票型,1218,589210.SH,SH,xtdata.get_stock_list_in_sector
2026-07-14,2026-07-14 23:28:36,ETF股票型,1219,589220.SH,SH,xtdata.get_stock_list_in_sector
2026-07-14,2026-07-14 23:28:36,ETF股票型,1220,589230.SH,SH,xtdata.get_stock_list_in_sector
2026-07-14,2026-07-14 23:28:36,ETF股票型,1221,589250.SH,SH,xtdata.get_stock_list_in_sector
2026-07-14,2026-07-14 23:28:36,ETF股票型,1222,589260.SH,SH,xtdata.get_stock_list_in_sector
2026-07-14,2026-07-14 23:28:36,ETF股票型,1223,589270.SH,SH,xtdata.get_stock_list_in_sector
2026-07-14,2026-07-14 23:28:36,ETF股票型,1224,589280.SH,SH,xtdata.get_stock_list_in_sector
2026-07-14,2026-07-14 23:28:36,ETF股票型,1225,589290.SH,SH,xtdata.get_stock_list_in_sector
2026-07-14,2026-07-14 23:28:36,ETF股票型,1226,589300.SH,SH,xtdata.get_stock_list_in_sector
2026-07-14,2026-07-14 23:28:36,ETF股票型,1227,589310.SH,SH,xtdata.get_stock_list_in_sector
2026-07-14,2026-07-14 23:28:36,ETF股票型,1228,589320.SH,SH,xtdata.get_stock_list_in_sector
2026-07-14,2026-07-14 23:28:36,ETF股票型,1229,589330.SH,SH,xtdata.get_stock_list_in_sector
2026-07-14,2026-07-14 23:28:36,ETF股票型,1230,589350.SH,SH,xtdata.get_stock_list_in_sector
2026-07-14,2026-07-14 23:28:36,ETF股票型,1231,589360.SH,SH,xtdata.get_stock_list_in_sector
2026-07-14,2026-07-14 23:28:36,ETF股票型,1232,589380.SH,SH,xtdata.get_stock_list_in_sector
2026-07-14,2026-07-14 23:28:36,ETF股票型,1233,589390.SH,SH,xtdata.get_stock_list_in_sector
2026-07-14,2026-07-14 23:28:36,ETF股票型,1234,589400.SH,SH,xtdata.get_stock_list_in_sector
2026-07-14,2026-07-14 23:28:36,ETF股票型,1235,589420.SH,SH,xtdata.get_stock_list_in_sector
2026-07-14,2026-07-14 23:28:36,ETF股票型,1236,589500.SH,SH,xtdata.get_stock_list_in_sector
2026-07-14,2026-07-14 23:28:36,ETF股票型,1237,589520.SH,SH,xtdata.get_stock_list_in_sector
2026-07-14,2026-07-14 23:28:36,ETF股票型,1238,589550.SH,SH,xtdata.get_stock_list_in_sector
2026-07-14,2026-07-14 23:28:36,ETF股票型,1239,589560.SH,SH,xtdata.get_stock_list_in_sector
2026-07-14,2026-07-14 23:28:36,ETF股票型,1240,589580.SH,SH,xtdata.get_stock_list_in_sector
2026-07-14,2026-07-14 23:28:36,ETF股票型,1241,589600.SH,SH,xtdata.get_stock_list_in_sector
2026-07-14,2026-07-14 23:28:36,ETF股票型,1242,589630.SH,SH,xtdata.get_stock_list_in_sector
2026-07-14,2026-07-14 23:28:36,ETF股票型,1243,589660.SH,SH,xtdata.get_stock_list_in_sector
2026-07-14,2026-07-14 23:28:36,ETF股票型,1244,589680.SH,SH,xtdata.get_stock_list_in_sector
2026-07-14,2026-07-14 23:28:36,ETF股票型,1245,589700.SH,SH,xtdata.get_stock_list_in_sector
2026-07-14,2026-07-14 23:28:36,ETF股票型,1246,589720.SH,SH,xtdata.get_stock_list_in_sector
2026-07-14,2026-07-14 23:28:36,ETF股票型,1247,589770.SH,SH,xtdata.get_stock_list_in_sector
2026-07-14,2026-07-14 23:28:36,ETF股票型,1248,589780.SH,SH,xtdata.get_stock_list_in_sector
2026-07-14,2026-07-14 23:28:36,ETF股票型,1249,589800.SH,SH,xtdata.get_stock_list_in_sector
2026-07-14,2026-07-14 23:28:36,ETF股票型,1250,589820.SH,SH,xtdata.get_stock_list_in_sector
2026-07-14,2026-07-14 23:28:36,ETF股票型,1251,589850.SH,SH,xtdata.get_stock_list_in_sector
2026-07-14,2026-07-14 23:28:36,ETF股票型,1252,589860.SH,SH,xtdata.get_stock_list_in_sector
2026-07-14,2026-07-14 23:28:36,ETF股票型,1253,589880.SH,SH,xtdata.get_stock_list_in_sector
2026-07-14,2026-07-14 23:28:36,ETF股票型,1254,589890.SH,SH,xtdata.get_stock_list_in_sector
2026-07-14,2026-07-14 23:28:36,ETF股票型,1255,589900.SH,SH,xtdata.get_stock_list_in_sector
2026-07-14,2026-07-14 23:28:36,ETF股票型,1256,589950.SH,SH,xtdata.get_stock_list_in_sector
2026-07-14,2026-07-14 23:28:36,ETF股票型,1257,589960.SH,SH,xtdata.get_stock_list_in_sector
2026-07-14,2026-07-14 23:28:36,ETF股票型,1258,589980.SH,SH,xtdata.get_stock_list_in_sector
2026-07-14,2026-07-14 23:28:36,ETF股票型,1259,589990.SH,SH,xtdata.get_stock_list_in_sector
