snapshot_date,snapshot_time,sector_name,rank_in_return,etf_code,market,source_api
2026-07-14,2026-07-14 23:28:36,沪深ETF,1,158000.SZ,SZ,xtdata.get_stock_list_in_sector
2026-07-14,2026-07-14 23:28:36,沪深ETF,2,158003.SZ,SZ,xtdata.get_stock_list_in_sector
2026-07-14,2026-07-14 23:28:36,沪深ETF,3,158006.SZ,SZ,xtdata.get_stock_list_in_sector
2026-07-14,2026-07-14 23:28:36,沪深ETF,4,158009.SZ,SZ,xtdata.get_stock_list_in_sector
2026-07-14,2026-07-14 23:28:36,沪深ETF,5,159001.SZ,SZ,xtdata.get_stock_list_in_sector
2026-07-14,2026-07-14 23:28:36,沪深ETF,6,159003.SZ,SZ,xtdata.get_stock_list_in_sector
2026-07-14,2026-07-14 23:28:36,沪深ETF,7,159005.SZ,SZ,xtdata.get_stock_list_in_sector
2026-07-14,2026-07-14 23:28:36,沪深ETF,8,159007.SZ,SZ,xtdata.get_stock_list_in_sector
2026-07-14,2026-07-14 23:28:36,沪深ETF,9,159008.SZ,SZ,xtdata.get_stock_list_in_sector
2026-07-14,2026-07-14 23:28:36,沪深ETF,10,159009.SZ,SZ,xtdata.get_stock_list_in_sector
2026-07-14,2026-07-14 23:28:36,沪深ETF,11,159010.SZ,SZ,xtdata.get_stock_list_in_sector
2026-07-14,2026-07-14 23:28:36,沪深ETF,12,159011.SZ,SZ,xtdata.get_stock_list_in_sector
2026-07-14,2026-07-14 23:28:36,沪深ETF,13,159012.SZ,SZ,xtdata.get_stock_list_in_sector
2026-07-14,2026-07-14 23:28:36,沪深ETF,14,159013.SZ,SZ,xtdata.get_stock_list_in_sector
2026-07-14,2026-07-14 23:28:36,沪深ETF,15,159015.SZ,SZ,xtdata.get_stock_list_in_sector
2026-07-14,2026-07-14 23:28:36,沪深ETF,16,159016.SZ,SZ,xtdata.get_stock_list_in_sector
2026-07-14,2026-07-14 23:28:36,沪深ETF,17,159017.SZ,SZ,xtdata.get_stock_list_in_sector
2026-07-14,2026-07-14 23:28:36,沪深ETF,18,159018.SZ,SZ,xtdata.get_stock_list_in_sector
2026-07-14,2026-07-14 23:28:36,沪深ETF,19,159019.SZ,SZ,xtdata.get_stock_list_in_sector
2026-07-14,2026-07-14 23:28:36,沪深ETF,20,159020.SZ,SZ,xtdata.get_stock_list_in_sector
2026-07-14,2026-07-14 23:28:36,沪深ETF,21,159021.SZ,SZ,xtdata.get_stock_list_in_sector
2026-07-14,2026-07-14 23:28:36,沪深ETF,22,159022.SZ,SZ,xtdata.get_stock_list_in_sector
2026-07-14,2026-07-14 23:28:36,沪深ETF,23,159023.SZ,SZ,xtdata.get_stock_list_in_sector
2026-07-14,2026-07-14 23:28:36,沪深ETF,24,159026.SZ,SZ,xtdata.get_stock_list_in_sector
2026-07-14,2026-07-14 23:28:36,沪深ETF,25,159027.SZ,SZ,xtdata.get_stock_list_in_sector
2026-07-14,2026-07-14 23:28:36,沪深ETF,26,159028.SZ,SZ,xtdata.get_stock_list_in_sector
2026-07-14,2026-07-14 23:28:36,沪深ETF,27,159029.SZ,SZ,xtdata.get_stock_list_in_sector
2026-07-14,2026-07-14 23:28:36,沪深ETF,28,159030.SZ,SZ,xtdata.get_stock_list_in_sector
2026-07-14,2026-07-14 23:28:36,沪深ETF,29,159031.SZ,SZ,xtdata.get_stock_list_in_sector
2026-07-14,2026-07-14 23:28:36,沪深ETF,30,159032.SZ,SZ,xtdata.get_stock_list_in_sector
2026-07-14,2026-07-14 23:28:36,沪深ETF,31,159033.SZ,SZ,xtdata.get_stock_list_in_sector
2026-07-14,2026-07-14 23:28:36,沪深ETF,32,159035.SZ,SZ,xtdata.get_stock_list_in_sector
2026-07-14,2026-07-14 23:28:36,沪深ETF,33,159036.SZ,SZ,xtdata.get_stock_list_in_sector
2026-07-14,2026-07-14 23:28:36,沪深ETF,34,159037.SZ,SZ,xtdata.get_stock_list_in_sector
2026-07-14,2026-07-14 23:28:36,沪深ETF,35,159038.SZ,SZ,xtdata.get_stock_list_in_sector
2026-07-14,2026-07-14 23:28:36,沪深ETF,36,159039.SZ,SZ,xtdata.get_stock_list_in_sector
2026-07-14,2026-07-14 23:28:36,沪深ETF,37,159040.SZ,SZ,xtdata.get_stock_list_in_sector
2026-07-14,2026-07-14 23:28:36,沪深ETF,38,159041.SZ,SZ,xtdata.get_stock_list_in_sector
2026-07-14,2026-07-14 23:28:36,沪深ETF,39,159042.SZ,SZ,xtdata.get_stock_list_in_sector
2026-07-14,2026-07-14 23:28:36,沪深ETF,40,159043.SZ,SZ,xtdata.get_stock_list_in_sector
2026-07-14,2026-07-14 23:28:36,沪深ETF,41,159045.SZ,SZ,xtdata.get_stock_list_in_sector
2026-07-14,2026-07-14 23:28:36,沪深ETF,42,159046.SZ,SZ,xtdata.get_stock_list_in_sector
2026-07-14,2026-07-14 23:28:36,沪深ETF,43,159048.SZ,SZ,xtdata.get_stock_list_in_sector
2026-07-14,2026-07-14 23:28:36,沪深ETF,44,159049.SZ,SZ,xtdata.get_stock_list_in_sector
2026-07-14,2026-07-14 23:28:36,沪深ETF,45,159050.SZ,SZ,xtdata.get_stock_list_in_sector
2026-07-14,2026-07-14 23:28:36,沪深ETF,46,159051.SZ,SZ,xtdata.get_stock_list_in_sector
2026-07-14,2026-07-14 23:28:36,沪深ETF,47,159052.SZ,SZ,xtdata.get_stock_list_in_sector
2026-07-14,2026-07-14 23:28:36,沪深ETF,48,159053.SZ,SZ,xtdata.get_stock_list_in_sector
2026-07-14,2026-07-14 23:28:36,沪深ETF,49,159055.SZ,SZ,xtdata.get_stock_list_in_sector
2026-07-14,2026-07-14 23:28:36,沪深ETF,50,159056.SZ,SZ,xtdata.get_stock_list_in_sector
2026-07-14,2026-07-14 23:28:36,沪深ETF,51,159057.SZ,SZ,xtdata.get_stock_list_in_sector
2026-07-14,2026-07-14 23:28:36,沪深ETF,52,159058.SZ,SZ,xtdata.get_stock_list_in_sector
2026-07-14,2026-07-14 23:28:36,沪深ETF,53,159060.SZ,SZ,xtdata.get_stock_list_in_sector
2026-07-14,2026-07-14 23:28:36,沪深ETF,54,159061.SZ,SZ,xtdata.get_stock_list_in_sector
2026-07-14,2026-07-14 23:28:36,沪深ETF,55,159062.SZ,SZ,xtdata.get_stock_list_in_sector
2026-07-14,2026-07-14 23:28:36,沪深ETF,56,159063.SZ,SZ,xtdata.get_stock_list_in_sector
2026-07-14,2026-07-14 23:28:36,沪深ETF,57,159065.SZ,SZ,xtdata.get_stock_list_in_sector
2026-07-14,2026-07-14 23:28:36,沪深ETF,58,159066.SZ,SZ,xtdata.get_stock_list_in_sector
2026-07-14,2026-07-14 23:28:36,沪深ETF,59,159067.SZ,SZ,xtdata.get_stock_list_in_sector
2026-07-14,2026-07-14 23:28:36,沪深ETF,60,159068.SZ,SZ,xtdata.get_stock_list_in_sector
2026-07-14,2026-07-14 23:28:36,沪深ETF,61,159070.SZ,SZ,xtdata.get_stock_list_in_sector
2026-07-14,2026-07-14 23:28:36,沪深ETF,62,159071.SZ,SZ,xtdata.get_stock_list_in_sector
2026-07-14,2026-07-14 23:28:36,沪深ETF,63,159076.SZ,SZ,xtdata.get_stock_list_in_sector
2026-07-14,2026-07-14 23:28:36,沪深ETF,64,159077.SZ,SZ,xtdata.get_stock_list_in_sector
2026-07-14,2026-07-14 23:28:36,沪深ETF,65,159078.SZ,SZ,xtdata.get_stock_list_in_sector
2026-07-14,2026-07-14 23:28:36,沪深ETF,66,159079.SZ,SZ,xtdata.get_stock_list_in_sector
2026-07-14,2026-07-14 23:28:36,沪深ETF,67,159082.SZ,SZ,xtdata.get_stock_list_in_sector
2026-07-14,2026-07-14 23:28:36,沪深ETF,68,159083.SZ,SZ,xtdata.get_stock_list_in_sector
2026-07-14,2026-07-14 23:28:36,沪深ETF,69,159086.SZ,SZ,xtdata.get_stock_list_in_sector
2026-07-14,2026-07-14 23:28:36,沪深ETF,70,159087.SZ,SZ,xtdata.get_stock_list_in_sector
2026-07-14,2026-07-14 23:28:36,沪深ETF,71,159093.SZ,SZ,xtdata.get_stock_list_in_sector
2026-07-14,2026-07-14 23:28:36,沪深ETF,72,159098.SZ,SZ,xtdata.get_stock_list_in_sector
2026-07-14,2026-07-14 23:28:36,沪深ETF,73,159099.SZ,SZ,xtdata.get_stock_list_in_sector
2026-07-14,2026-07-14 23:28:36,沪深ETF,74,159100.SZ,SZ,xtdata.get_stock_list_in_sector
2026-07-14,2026-07-14 23:28:36,沪深ETF,75,159101.SZ,SZ,xtdata.get_stock_list_in_sector
2026-07-14,2026-07-14 23:28:36,沪深ETF,76,159102.SZ,SZ,xtdata.get_stock_list_in_sector
2026-07-14,2026-07-14 23:28:36,沪深ETF,77,159103.SZ,SZ,xtdata.get_stock_list_in_sector
2026-07-14,2026-07-14 23:28:36,沪深ETF,78,159105.SZ,SZ,xtdata.get_stock_list_in_sector
2026-07-14,2026-07-14 23:28:36,沪深ETF,79,159106.SZ,SZ,xtdata.get_stock_list_in_sector
2026-07-14,2026-07-14 23:28:36,沪深ETF,80,159107.SZ,SZ,xtdata.get_stock_list_in_sector
2026-07-14,2026-07-14 23:28:36,沪深ETF,81,159108.SZ,SZ,xtdata.get_stock_list_in_sector
2026-07-14,2026-07-14 23:28:36,沪深ETF,82,159109.SZ,SZ,xtdata.get_stock_list_in_sector
2026-07-14,2026-07-14 23:28:36,沪深ETF,83,159110.SZ,SZ,xtdata.get_stock_list_in_sector
2026-07-14,2026-07-14 23:28:36,沪深ETF,84,159111.SZ,SZ,xtdata.get_stock_list_in_sector
2026-07-14,2026-07-14 23:28:36,沪深ETF,85,159112.SZ,SZ,xtdata.get_stock_list_in_sector
2026-07-14,2026-07-14 23:28:36,沪深ETF,86,159113.SZ,SZ,xtdata.get_stock_list_in_sector
2026-07-14,2026-07-14 23:28:36,沪深ETF,87,159115.SZ,SZ,xtdata.get_stock_list_in_sector
2026-07-14,2026-07-14 23:28:36,沪深ETF,88,159116.SZ,SZ,xtdata.get_stock_list_in_sector
2026-07-14,2026-07-14 23:28:36,沪深ETF,89,159117.SZ,SZ,xtdata.get_stock_list_in_sector
2026-07-14,2026-07-14 23:28:36,沪深ETF,90,159118.SZ,SZ,xtdata.get_stock_list_in_sector
2026-07-14,2026-07-14 23:28:36,沪深ETF,91,159119.SZ,SZ,xtdata.get_stock_list_in_sector
2026-07-14,2026-07-14 23:28:36,沪深ETF,92,159120.SZ,SZ,xtdata.get_stock_list_in_sector
2026-07-14,2026-07-14 23:28:36,沪深ETF,93,159121.SZ,SZ,xtdata.get_stock_list_in_sector
2026-07-14,2026-07-14 23:28:36,沪深ETF,94,159122.SZ,SZ,xtdata.get_stock_list_in_sector
2026-07-14,2026-07-14 23:28:36,沪深ETF,95,159123.SZ,SZ,xtdata.get_stock_list_in_sector
2026-07-14,2026-07-14 23:28:36,沪深ETF,96,159125.SZ,SZ,xtdata.get_stock_list_in_sector
2026-07-14,2026-07-14 23:28:36,沪深ETF,97,159126.SZ,SZ,xtdata.get_stock_list_in_sector
2026-07-14,2026-07-14 23:28:36,沪深ETF,98,159127.SZ,SZ,xtdata.get_stock_list_in_sector
2026-07-14,2026-07-14 23:28:36,沪深ETF,99,159128.SZ,SZ,xtdata.get_stock_list_in_sector
2026-07-14,2026-07-14 23:28:36,沪深ETF,100,159129.SZ,SZ,xtdata.get_stock_list_in_sector
2026-07-14,2026-07-14 23:28:36,沪深ETF,101,159130.SZ,SZ,xtdata.get_stock_list_in_sector
2026-07-14,2026-07-14 23:28:36,沪深ETF,102,159131.SZ,SZ,xtdata.get_stock_list_in_sector
2026-07-14,2026-07-14 23:28:36,沪深ETF,103,159132.SZ,SZ,xtdata.get_stock_list_in_sector
2026-07-14,2026-07-14 23:28:36,沪深ETF,104,159133.SZ,SZ,xtdata.get_stock_list_in_sector
2026-07-14,2026-07-14 23:28:36,沪深ETF,105,159135.SZ,SZ,xtdata.get_stock_list_in_sector
2026-07-14,2026-07-14 23:28:36,沪深ETF,106,159136.SZ,SZ,xtdata.get_stock_list_in_sector
2026-07-14,2026-07-14 23:28:36,沪深ETF,107,159137.SZ,SZ,xtdata.get_stock_list_in_sector
2026-07-14,2026-07-14 23:28:36,沪深ETF,108,159138.SZ,SZ,xtdata.get_stock_list_in_sector
2026-07-14,2026-07-14 23:28:36,沪深ETF,109,159139.SZ,SZ,xtdata.get_stock_list_in_sector
2026-07-14,2026-07-14 23:28:36,沪深ETF,110,159140.SZ,SZ,xtdata.get_stock_list_in_sector
2026-07-14,2026-07-14 23:28:36,沪深ETF,111,159141.SZ,SZ,xtdata.get_stock_list_in_sector
2026-07-14,2026-07-14 23:28:36,沪深ETF,112,159142.SZ,SZ,xtdata.get_stock_list_in_sector
2026-07-14,2026-07-14 23:28:36,沪深ETF,113,159143.SZ,SZ,xtdata.get_stock_list_in_sector
2026-07-14,2026-07-14 23:28:36,沪深ETF,114,159145.SZ,SZ,xtdata.get_stock_list_in_sector
2026-07-14,2026-07-14 23:28:36,沪深ETF,115,159146.SZ,SZ,xtdata.get_stock_list_in_sector
2026-07-14,2026-07-14 23:28:36,沪深ETF,116,159147.SZ,SZ,xtdata.get_stock_list_in_sector
2026-07-14,2026-07-14 23:28:36,沪深ETF,117,159148.SZ,SZ,xtdata.get_stock_list_in_sector
2026-07-14,2026-07-14 23:28:36,沪深ETF,118,159149.SZ,SZ,xtdata.get_stock_list_in_sector
2026-07-14,2026-07-14 23:28:36,沪深ETF,119,159150.SZ,SZ,xtdata.get_stock_list_in_sector
2026-07-14,2026-07-14 23:28:36,沪深ETF,120,159151.SZ,SZ,xtdata.get_stock_list_in_sector
2026-07-14,2026-07-14 23:28:36,沪深ETF,121,159152.SZ,SZ,xtdata.get_stock_list_in_sector
2026-07-14,2026-07-14 23:28:36,沪深ETF,122,159153.SZ,SZ,xtdata.get_stock_list_in_sector
2026-07-14,2026-07-14 23:28:36,沪深ETF,123,159155.SZ,SZ,xtdata.get_stock_list_in_sector
2026-07-14,2026-07-14 23:28:36,沪深ETF,124,159156.SZ,SZ,xtdata.get_stock_list_in_sector
2026-07-14,2026-07-14 23:28:36,沪深ETF,125,159157.SZ,SZ,xtdata.get_stock_list_in_sector
2026-07-14,2026-07-14 23:28:36,沪深ETF,126,159158.SZ,SZ,xtdata.get_stock_list_in_sector
2026-07-14,2026-07-14 23:28:36,沪深ETF,127,159159.SZ,SZ,xtdata.get_stock_list_in_sector
2026-07-14,2026-07-14 23:28:36,沪深ETF,128,159160.SZ,SZ,xtdata.get_stock_list_in_sector
2026-07-14,2026-07-14 23:28:36,沪深ETF,129,159161.SZ,SZ,xtdata.get_stock_list_in_sector
2026-07-14,2026-07-14 23:28:36,沪深ETF,130,159162.SZ,SZ,xtdata.get_stock_list_in_sector
2026-07-14,2026-07-14 23:28:36,沪深ETF,131,159163.SZ,SZ,xtdata.get_stock_list_in_sector
2026-07-14,2026-07-14 23:28:36,沪深ETF,132,159165.SZ,SZ,xtdata.get_stock_list_in_sector
2026-07-14,2026-07-14 23:28:36,沪深ETF,133,159166.SZ,SZ,xtdata.get_stock_list_in_sector
2026-07-14,2026-07-14 23:28:36,沪深ETF,134,159167.SZ,SZ,xtdata.get_stock_list_in_sector
2026-07-14,2026-07-14 23:28:36,沪深ETF,135,159168.SZ,SZ,xtdata.get_stock_list_in_sector
2026-07-14,2026-07-14 23:28:36,沪深ETF,136,159169.SZ,SZ,xtdata.get_stock_list_in_sector
2026-07-14,2026-07-14 23:28:36,沪深ETF,137,159170.SZ,SZ,xtdata.get_stock_list_in_sector
2026-07-14,2026-07-14 23:28:36,沪深ETF,138,159171.SZ,SZ,xtdata.get_stock_list_in_sector
2026-07-14,2026-07-14 23:28:36,沪深ETF,139,159172.SZ,SZ,xtdata.get_stock_list_in_sector
2026-07-14,2026-07-14 23:28:36,沪深ETF,140,159173.SZ,SZ,xtdata.get_stock_list_in_sector
2026-07-14,2026-07-14 23:28:36,沪深ETF,141,159175.SZ,SZ,xtdata.get_stock_list_in_sector
2026-07-14,2026-07-14 23:28:36,沪深ETF,142,159176.SZ,SZ,xtdata.get_stock_list_in_sector
2026-07-14,2026-07-14 23:28:36,沪深ETF,143,159177.SZ,SZ,xtdata.get_stock_list_in_sector
2026-07-14,2026-07-14 23:28:36,沪深ETF,144,159178.SZ,SZ,xtdata.get_stock_list_in_sector
2026-07-14,2026-07-14 23:28:36,沪深ETF,145,159179.SZ,SZ,xtdata.get_stock_list_in_sector
2026-07-14,2026-07-14 23:28:36,沪深ETF,146,159180.SZ,SZ,xtdata.get_stock_list_in_sector
2026-07-14,2026-07-14 23:28:36,沪深ETF,147,159181.SZ,SZ,xtdata.get_stock_list_in_sector
2026-07-14,2026-07-14 23:28:36,沪深ETF,148,159182.SZ,SZ,xtdata.get_stock_list_in_sector
2026-07-14,2026-07-14 23:28:36,沪深ETF,149,159183.SZ,SZ,xtdata.get_stock_list_in_sector
2026-07-14,2026-07-14 23:28:36,沪深ETF,150,159185.SZ,SZ,xtdata.get_stock_list_in_sector
2026-07-14,2026-07-14 23:28:36,沪深ETF,151,159186.SZ,SZ,xtdata.get_stock_list_in_sector
2026-07-14,2026-07-14 23:28:36,沪深ETF,152,159187.SZ,SZ,xtdata.get_stock_list_in_sector
2026-07-14,2026-07-14 23:28:36,沪深ETF,153,159188.SZ,SZ,xtdata.get_stock_list_in_sector
2026-07-14,2026-07-14 23:28:36,沪深ETF,154,159189.SZ,SZ,xtdata.get_stock_list_in_sector
2026-07-14,2026-07-14 23:28:36,沪深ETF,155,159190.SZ,SZ,xtdata.get_stock_list_in_sector
2026-07-14,2026-07-14 23:28:36,沪深ETF,156,159191.SZ,SZ,xtdata.get_stock_list_in_sector
2026-07-14,2026-07-14 23:28:36,沪深ETF,157,159192.SZ,SZ,xtdata.get_stock_list_in_sector
2026-07-14,2026-07-14 23:28:36,沪深ETF,158,159193.SZ,SZ,xtdata.get_stock_list_in_sector
2026-07-14,2026-07-14 23:28:36,沪深ETF,159,159195.SZ,SZ,xtdata.get_stock_list_in_sector
2026-07-14,2026-07-14 23:28:36,沪深ETF,160,159196.SZ,SZ,xtdata.get_stock_list_in_sector
2026-07-14,2026-07-14 23:28:36,沪深ETF,161,159197.SZ,SZ,xtdata.get_stock_list_in_sector
2026-07-14,2026-07-14 23:28:36,沪深ETF,162,159198.SZ,SZ,xtdata.get_stock_list_in_sector
2026-07-14,2026-07-14 23:28:36,沪深ETF,163,159199.SZ,SZ,xtdata.get_stock_list_in_sector
2026-07-14,2026-07-14 23:28:36,沪深ETF,164,159200.SZ,SZ,xtdata.get_stock_list_in_sector
2026-07-14,2026-07-14 23:28:36,沪深ETF,165,159201.SZ,SZ,xtdata.get_stock_list_in_sector
2026-07-14,2026-07-14 23:28:36,沪深ETF,166,159202.SZ,SZ,xtdata.get_stock_list_in_sector
2026-07-14,2026-07-14 23:28:36,沪深ETF,167,159203.SZ,SZ,xtdata.get_stock_list_in_sector
2026-07-14,2026-07-14 23:28:36,沪深ETF,168,159205.SZ,SZ,xtdata.get_stock_list_in_sector
2026-07-14,2026-07-14 23:28:36,沪深ETF,169,159206.SZ,SZ,xtdata.get_stock_list_in_sector
2026-07-14,2026-07-14 23:28:36,沪深ETF,170,159207.SZ,SZ,xtdata.get_stock_list_in_sector
2026-07-14,2026-07-14 23:28:36,沪深ETF,171,159208.SZ,SZ,xtdata.get_stock_list_in_sector
2026-07-14,2026-07-14 23:28:36,沪深ETF,172,159209.SZ,SZ,xtdata.get_stock_list_in_sector
2026-07-14,2026-07-14 23:28:36,沪深ETF,173,159210.SZ,SZ,xtdata.get_stock_list_in_sector
2026-07-14,2026-07-14 23:28:36,沪深ETF,174,159211.SZ,SZ,xtdata.get_stock_list_in_sector
2026-07-14,2026-07-14 23:28:36,沪深ETF,175,159212.SZ,SZ,xtdata.get_stock_list_in_sector
2026-07-14,2026-07-14 23:28:36,沪深ETF,176,159213.SZ,SZ,xtdata.get_stock_list_in_sector
2026-07-14,2026-07-14 23:28:36,沪深ETF,177,159215.SZ,SZ,xtdata.get_stock_list_in_sector
2026-07-14,2026-07-14 23:28:36,沪深ETF,178,159216.SZ,SZ,xtdata.get_stock_list_in_sector
2026-07-14,2026-07-14 23:28:36,沪深ETF,179,159217.SZ,SZ,xtdata.get_stock_list_in_sector
2026-07-14,2026-07-14 23:28:36,沪深ETF,180,159218.SZ,SZ,xtdata.get_stock_list_in_sector
2026-07-14,2026-07-14 23:28:36,沪深ETF,181,159219.SZ,SZ,xtdata.get_stock_list_in_sector
2026-07-14,2026-07-14 23:28:36,沪深ETF,182,159220.SZ,SZ,xtdata.get_stock_list_in_sector
2026-07-14,2026-07-14 23:28:36,沪深ETF,183,159221.SZ,SZ,xtdata.get_stock_list_in_sector
2026-07-14,2026-07-14 23:28:36,沪深ETF,184,159222.SZ,SZ,xtdata.get_stock_list_in_sector
2026-07-14,2026-07-14 23:28:36,沪深ETF,185,159223.SZ,SZ,xtdata.get_stock_list_in_sector
2026-07-14,2026-07-14 23:28:36,沪深ETF,186,159225.SZ,SZ,xtdata.get_stock_list_in_sector
2026-07-14,2026-07-14 23:28:36,沪深ETF,187,159226.SZ,SZ,xtdata.get_stock_list_in_sector
2026-07-14,2026-07-14 23:28:36,沪深ETF,188,159227.SZ,SZ,xtdata.get_stock_list_in_sector
2026-07-14,2026-07-14 23:28:36,沪深ETF,189,159228.SZ,SZ,xtdata.get_stock_list_in_sector
2026-07-14,2026-07-14 23:28:36,沪深ETF,190,159229.SZ,SZ,xtdata.get_stock_list_in_sector
2026-07-14,2026-07-14 23:28:36,沪深ETF,191,159230.SZ,SZ,xtdata.get_stock_list_in_sector
2026-07-14,2026-07-14 23:28:36,沪深ETF,192,159231.SZ,SZ,xtdata.get_stock_list_in_sector
2026-07-14,2026-07-14 23:28:36,沪深ETF,193,159232.SZ,SZ,xtdata.get_stock_list_in_sector
2026-07-14,2026-07-14 23:28:36,沪深ETF,194,159233.SZ,SZ,xtdata.get_stock_list_in_sector
2026-07-14,2026-07-14 23:28:36,沪深ETF,195,159235.SZ,SZ,xtdata.get_stock_list_in_sector
2026-07-14,2026-07-14 23:28:36,沪深ETF,196,159236.SZ,SZ,xtdata.get_stock_list_in_sector
2026-07-14,2026-07-14 23:28:36,沪深ETF,197,159237.SZ,SZ,xtdata.get_stock_list_in_sector
2026-07-14,2026-07-14 23:28:36,沪深ETF,198,159238.SZ,SZ,xtdata.get_stock_list_in_sector
2026-07-14,2026-07-14 23:28:36,沪深ETF,199,159239.SZ,SZ,xtdata.get_stock_list_in_sector
2026-07-14,2026-07-14 23:28:36,沪深ETF,200,159240.SZ,SZ,xtdata.get_stock_list_in_sector
2026-07-14,2026-07-14 23:28:36,沪深ETF,201,159241.SZ,SZ,xtdata.get_stock_list_in_sector
2026-07-14,2026-07-14 23:28:36,沪深ETF,202,159242.SZ,SZ,xtdata.get_stock_list_in_sector
2026-07-14,2026-07-14 23:28:36,沪深ETF,203,159243.SZ,SZ,xtdata.get_stock_list_in_sector
2026-07-14,2026-07-14 23:28:36,沪深ETF,204,159245.SZ,SZ,xtdata.get_stock_list_in_sector
2026-07-14,2026-07-14 23:28:36,沪深ETF,205,159246.SZ,SZ,xtdata.get_stock_list_in_sector
2026-07-14,2026-07-14 23:28:36,沪深ETF,206,159247.SZ,SZ,xtdata.get_stock_list_in_sector
2026-07-14,2026-07-14 23:28:36,沪深ETF,207,159248.SZ,SZ,xtdata.get_stock_list_in_sector
2026-07-14,2026-07-14 23:28:36,沪深ETF,208,159249.SZ,SZ,xtdata.get_stock_list_in_sector
2026-07-14,2026-07-14 23:28:36,沪深ETF,209,159251.SZ,SZ,xtdata.get_stock_list_in_sector
2026-07-14,2026-07-14 23:28:36,沪深ETF,210,159253.SZ,SZ,xtdata.get_stock_list_in_sector
2026-07-14,2026-07-14 23:28:36,沪深ETF,211,159255.SZ,SZ,xtdata.get_stock_list_in_sector
2026-07-14,2026-07-14 23:28:36,沪深ETF,212,159256.SZ,SZ,xtdata.get_stock_list_in_sector
2026-07-14,2026-07-14 23:28:36,沪深ETF,213,159257.SZ,SZ,xtdata.get_stock_list_in_sector
2026-07-14,2026-07-14 23:28:36,沪深ETF,214,159258.SZ,SZ,xtdata.get_stock_list_in_sector
2026-07-14,2026-07-14 23:28:36,沪深ETF,215,159259.SZ,SZ,xtdata.get_stock_list_in_sector
2026-07-14,2026-07-14 23:28:36,沪深ETF,216,159260.SZ,SZ,xtdata.get_stock_list_in_sector
2026-07-14,2026-07-14 23:28:36,沪深ETF,217,159261.SZ,SZ,xtdata.get_stock_list_in_sector
2026-07-14,2026-07-14 23:28:36,沪深ETF,218,159262.SZ,SZ,xtdata.get_stock_list_in_sector
2026-07-14,2026-07-14 23:28:36,沪深ETF,219,159263.SZ,SZ,xtdata.get_stock_list_in_sector
2026-07-14,2026-07-14 23:28:36,沪深ETF,220,159265.SZ,SZ,xtdata.get_stock_list_in_sector
2026-07-14,2026-07-14 23:28:36,沪深ETF,221,159266.SZ,SZ,xtdata.get_stock_list_in_sector
2026-07-14,2026-07-14 23:28:36,沪深ETF,222,159267.SZ,SZ,xtdata.get_stock_list_in_sector
2026-07-14,2026-07-14 23:28:36,沪深ETF,223,159268.SZ,SZ,xtdata.get_stock_list_in_sector
2026-07-14,2026-07-14 23:28:36,沪深ETF,224,159269.SZ,SZ,xtdata.get_stock_list_in_sector
2026-07-14,2026-07-14 23:28:36,沪深ETF,225,159270.SZ,SZ,xtdata.get_stock_list_in_sector
2026-07-14,2026-07-14 23:28:36,沪深ETF,226,159271.SZ,SZ,xtdata.get_stock_list_in_sector
2026-07-14,2026-07-14 23:28:36,沪深ETF,227,159272.SZ,SZ,xtdata.get_stock_list_in_sector
2026-07-14,2026-07-14 23:28:36,沪深ETF,228,159273.SZ,SZ,xtdata.get_stock_list_in_sector
2026-07-14,2026-07-14 23:28:36,沪深ETF,229,159275.SZ,SZ,xtdata.get_stock_list_in_sector
2026-07-14,2026-07-14 23:28:36,沪深ETF,230,159276.SZ,SZ,xtdata.get_stock_list_in_sector
2026-07-14,2026-07-14 23:28:36,沪深ETF,231,159277.SZ,SZ,xtdata.get_stock_list_in_sector
2026-07-14,2026-07-14 23:28:36,沪深ETF,232,159278.SZ,SZ,xtdata.get_stock_list_in_sector
2026-07-14,2026-07-14 23:28:36,沪深ETF,233,159279.SZ,SZ,xtdata.get_stock_list_in_sector
2026-07-14,2026-07-14 23:28:36,沪深ETF,234,159280.SZ,SZ,xtdata.get_stock_list_in_sector
2026-07-14,2026-07-14 23:28:36,沪深ETF,235,159281.SZ,SZ,xtdata.get_stock_list_in_sector
2026-07-14,2026-07-14 23:28:36,沪深ETF,236,159283.SZ,SZ,xtdata.get_stock_list_in_sector
2026-07-14,2026-07-14 23:28:36,沪深ETF,237,159285.SZ,SZ,xtdata.get_stock_list_in_sector
2026-07-14,2026-07-14 23:28:36,沪深ETF,238,159286.SZ,SZ,xtdata.get_stock_list_in_sector
2026-07-14,2026-07-14 23:28:36,沪深ETF,239,159287.SZ,SZ,xtdata.get_stock_list_in_sector
2026-07-14,2026-07-14 23:28:36,沪深ETF,240,159288.SZ,SZ,xtdata.get_stock_list_in_sector
2026-07-14,2026-07-14 23:28:36,沪深ETF,241,159289.SZ,SZ,xtdata.get_stock_list_in_sector
2026-07-14,2026-07-14 23:28:36,沪深ETF,242,159290.SZ,SZ,xtdata.get_stock_list_in_sector
2026-07-14,2026-07-14 23:28:36,沪深ETF,243,159291.SZ,SZ,xtdata.get_stock_list_in_sector
2026-07-14,2026-07-14 23:28:36,沪深ETF,244,159292.SZ,SZ,xtdata.get_stock_list_in_sector
2026-07-14,2026-07-14 23:28:36,沪深ETF,245,159293.SZ,SZ,xtdata.get_stock_list_in_sector
2026-07-14,2026-07-14 23:28:36,沪深ETF,246,159295.SZ,SZ,xtdata.get_stock_list_in_sector
2026-07-14,2026-07-14 23:28:36,沪深ETF,247,159296.SZ,SZ,xtdata.get_stock_list_in_sector
2026-07-14,2026-07-14 23:28:36,沪深ETF,248,159297.SZ,SZ,xtdata.get_stock_list_in_sector
2026-07-14,2026-07-14 23:28:36,沪深ETF,249,159298.SZ,SZ,xtdata.get_stock_list_in_sector
2026-07-14,2026-07-14 23:28:36,沪深ETF,250,159299.SZ,SZ,xtdata.get_stock_list_in_sector
2026-07-14,2026-07-14 23:28:36,沪深ETF,251,159300.SZ,SZ,xtdata.get_stock_list_in_sector
2026-07-14,2026-07-14 23:28:36,沪深ETF,252,159301.SZ,SZ,xtdata.get_stock_list_in_sector
2026-07-14,2026-07-14 23:28:36,沪深ETF,253,159302.SZ,SZ,xtdata.get_stock_list_in_sector
2026-07-14,2026-07-14 23:28:36,沪深ETF,254,159303.SZ,SZ,xtdata.get_stock_list_in_sector
2026-07-14,2026-07-14 23:28:36,沪深ETF,255,159305.SZ,SZ,xtdata.get_stock_list_in_sector
2026-07-14,2026-07-14 23:28:36,沪深ETF,256,159306.SZ,SZ,xtdata.get_stock_list_in_sector
2026-07-14,2026-07-14 23:28:36,沪深ETF,257,159307.SZ,SZ,xtdata.get_stock_list_in_sector
2026-07-14,2026-07-14 23:28:36,沪深ETF,258,159309.SZ,SZ,xtdata.get_stock_list_in_sector
2026-07-14,2026-07-14 23:28:36,沪深ETF,259,159310.SZ,SZ,xtdata.get_stock_list_in_sector
2026-07-14,2026-07-14 23:28:36,沪深ETF,260,159311.SZ,SZ,xtdata.get_stock_list_in_sector
2026-07-14,2026-07-14 23:28:36,沪深ETF,261,159312.SZ,SZ,xtdata.get_stock_list_in_sector
2026-07-14,2026-07-14 23:28:36,沪深ETF,262,159315.SZ,SZ,xtdata.get_stock_list_in_sector
2026-07-14,2026-07-14 23:28:36,沪深ETF,263,159316.SZ,SZ,xtdata.get_stock_list_in_sector
2026-07-14,2026-07-14 23:28:36,沪深ETF,264,159318.SZ,SZ,xtdata.get_stock_list_in_sector
2026-07-14,2026-07-14 23:28:36,沪深ETF,265,159320.SZ,SZ,xtdata.get_stock_list_in_sector
2026-07-14,2026-07-14 23:28:36,沪深ETF,266,159321.SZ,SZ,xtdata.get_stock_list_in_sector
2026-07-14,2026-07-14 23:28:36,沪深ETF,267,159322.SZ,SZ,xtdata.get_stock_list_in_sector
2026-07-14,2026-07-14 23:28:36,沪深ETF,268,159323.SZ,SZ,xtdata.get_stock_list_in_sector
2026-07-14,2026-07-14 23:28:36,沪深ETF,269,159325.SZ,SZ,xtdata.get_stock_list_in_sector
2026-07-14,2026-07-14 23:28:36,沪深ETF,270,159326.SZ,SZ,xtdata.get_stock_list_in_sector
2026-07-14,2026-07-14 23:28:36,沪深ETF,271,159327.SZ,SZ,xtdata.get_stock_list_in_sector
2026-07-14,2026-07-14 23:28:36,沪深ETF,272,159328.SZ,SZ,xtdata.get_stock_list_in_sector
2026-07-14,2026-07-14 23:28:36,沪深ETF,273,159329.SZ,SZ,xtdata.get_stock_list_in_sector
2026-07-14,2026-07-14 23:28:36,沪深ETF,274,159330.SZ,SZ,xtdata.get_stock_list_in_sector
2026-07-14,2026-07-14 23:28:36,沪深ETF,275,159331.SZ,SZ,xtdata.get_stock_list_in_sector
2026-07-14,2026-07-14 23:28:36,沪深ETF,276,159332.SZ,SZ,xtdata.get_stock_list_in_sector
2026-07-14,2026-07-14 23:28:36,沪深ETF,277,159333.SZ,SZ,xtdata.get_stock_list_in_sector
2026-07-14,2026-07-14 23:28:36,沪深ETF,278,159335.SZ,SZ,xtdata.get_stock_list_in_sector
2026-07-14,2026-07-14 23:28:36,沪深ETF,279,159336.SZ,SZ,xtdata.get_stock_list_in_sector
2026-07-14,2026-07-14 23:28:36,沪深ETF,280,159337.SZ,SZ,xtdata.get_stock_list_in_sector
2026-07-14,2026-07-14 23:28:36,沪深ETF,281,159338.SZ,SZ,xtdata.get_stock_list_in_sector
2026-07-14,2026-07-14 23:28:36,沪深ETF,282,159339.SZ,SZ,xtdata.get_stock_list_in_sector
2026-07-14,2026-07-14 23:28:36,沪深ETF,283,159350.SZ,SZ,xtdata.get_stock_list_in_sector
2026-07-14,2026-07-14 23:28:36,沪深ETF,284,159351.SZ,SZ,xtdata.get_stock_list_in_sector
2026-07-14,2026-07-14 23:28:36,沪深ETF,285,159352.SZ,SZ,xtdata.get_stock_list_in_sector
2026-07-14,2026-07-14 23:28:36,沪深ETF,286,159353.SZ,SZ,xtdata.get_stock_list_in_sector
2026-07-14,2026-07-14 23:28:36,沪深ETF,287,159355.SZ,SZ,xtdata.get_stock_list_in_sector
2026-07-14,2026-07-14 23:28:36,沪深ETF,288,159356.SZ,SZ,xtdata.get_stock_list_in_sector
2026-07-14,2026-07-14 23:28:36,沪深ETF,289,159357.SZ,SZ,xtdata.get_stock_list_in_sector
2026-07-14,2026-07-14 23:28:36,沪深ETF,290,159358.SZ,SZ,xtdata.get_stock_list_in_sector
2026-07-14,2026-07-14 23:28:36,沪深ETF,291,159359.SZ,SZ,xtdata.get_stock_list_in_sector
2026-07-14,2026-07-14 23:28:36,沪深ETF,292,159360.SZ,SZ,xtdata.get_stock_list_in_sector
2026-07-14,2026-07-14 23:28:36,沪深ETF,293,159361.SZ,SZ,xtdata.get_stock_list_in_sector
2026-07-14,2026-07-14 23:28:36,沪深ETF,294,159362.SZ,SZ,xtdata.get_stock_list_in_sector
2026-07-14,2026-07-14 23:28:36,沪深ETF,295,159363.SZ,SZ,xtdata.get_stock_list_in_sector
2026-07-14,2026-07-14 23:28:36,沪深ETF,296,159365.SZ,SZ,xtdata.get_stock_list_in_sector
2026-07-14,2026-07-14 23:28:36,沪深ETF,297,159366.SZ,SZ,xtdata.get_stock_list_in_sector
2026-07-14,2026-07-14 23:28:36,沪深ETF,298,159367.SZ,SZ,xtdata.get_stock_list_in_sector
2026-07-14,2026-07-14 23:28:36,沪深ETF,299,159368.SZ,SZ,xtdata.get_stock_list_in_sector
2026-07-14,2026-07-14 23:28:36,沪深ETF,300,159369.SZ,SZ,xtdata.get_stock_list_in_sector
2026-07-14,2026-07-14 23:28:36,沪深ETF,301,159370.SZ,SZ,xtdata.get_stock_list_in_sector
2026-07-14,2026-07-14 23:28:36,沪深ETF,302,159371.SZ,SZ,xtdata.get_stock_list_in_sector
2026-07-14,2026-07-14 23:28:36,沪深ETF,303,159372.SZ,SZ,xtdata.get_stock_list_in_sector
2026-07-14,2026-07-14 23:28:36,沪深ETF,304,159373.SZ,SZ,xtdata.get_stock_list_in_sector
2026-07-14,2026-07-14 23:28:36,沪深ETF,305,159375.SZ,SZ,xtdata.get_stock_list_in_sector
2026-07-14,2026-07-14 23:28:36,沪深ETF,306,159376.SZ,SZ,xtdata.get_stock_list_in_sector
2026-07-14,2026-07-14 23:28:36,沪深ETF,307,159377.SZ,SZ,xtdata.get_stock_list_in_sector
2026-07-14,2026-07-14 23:28:36,沪深ETF,308,159378.SZ,SZ,xtdata.get_stock_list_in_sector
2026-07-14,2026-07-14 23:28:36,沪深ETF,309,159379.SZ,SZ,xtdata.get_stock_list_in_sector
2026-07-14,2026-07-14 23:28:36,沪深ETF,310,159380.SZ,SZ,xtdata.get_stock_list_in_sector
2026-07-14,2026-07-14 23:28:36,沪深ETF,311,159381.SZ,SZ,xtdata.get_stock_list_in_sector
2026-07-14,2026-07-14 23:28:36,沪深ETF,312,159382.SZ,SZ,xtdata.get_stock_list_in_sector
2026-07-14,2026-07-14 23:28:36,沪深ETF,313,159383.SZ,SZ,xtdata.get_stock_list_in_sector
2026-07-14,2026-07-14 23:28:36,沪深ETF,314,159385.SZ,SZ,xtdata.get_stock_list_in_sector
2026-07-14,2026-07-14 23:28:36,沪深ETF,315,159386.SZ,SZ,xtdata.get_stock_list_in_sector
2026-07-14,2026-07-14 23:28:36,沪深ETF,316,159387.SZ,SZ,xtdata.get_stock_list_in_sector
2026-07-14,2026-07-14 23:28:36,沪深ETF,317,159388.SZ,SZ,xtdata.get_stock_list_in_sector
2026-07-14,2026-07-14 23:28:36,沪深ETF,318,159389.SZ,SZ,xtdata.get_stock_list_in_sector
2026-07-14,2026-07-14 23:28:36,沪深ETF,319,159390.SZ,SZ,xtdata.get_stock_list_in_sector
2026-07-14,2026-07-14 23:28:36,沪深ETF,320,159391.SZ,SZ,xtdata.get_stock_list_in_sector
2026-07-14,2026-07-14 23:28:36,沪深ETF,321,159392.SZ,SZ,xtdata.get_stock_list_in_sector
2026-07-14,2026-07-14 23:28:36,沪深ETF,322,159393.SZ,SZ,xtdata.get_stock_list_in_sector
2026-07-14,2026-07-14 23:28:36,沪深ETF,323,159395.SZ,SZ,xtdata.get_stock_list_in_sector
2026-07-14,2026-07-14 23:28:36,沪深ETF,324,159396.SZ,SZ,xtdata.get_stock_list_in_sector
2026-07-14,2026-07-14 23:28:36,沪深ETF,325,159397.SZ,SZ,xtdata.get_stock_list_in_sector
2026-07-14,2026-07-14 23:28:36,沪深ETF,326,159398.SZ,SZ,xtdata.get_stock_list_in_sector
2026-07-14,2026-07-14 23:28:36,沪深ETF,327,159399.SZ,SZ,xtdata.get_stock_list_in_sector
2026-07-14,2026-07-14 23:28:36,沪深ETF,328,159400.SZ,SZ,xtdata.get_stock_list_in_sector
2026-07-14,2026-07-14 23:28:36,沪深ETF,329,159500.SZ,SZ,xtdata.get_stock_list_in_sector
2026-07-14,2026-07-14 23:28:36,沪深ETF,330,159501.SZ,SZ,xtdata.get_stock_list_in_sector
2026-07-14,2026-07-14 23:28:36,沪深ETF,331,159502.SZ,SZ,xtdata.get_stock_list_in_sector
2026-07-14,2026-07-14 23:28:36,沪深ETF,332,159505.SZ,SZ,xtdata.get_stock_list_in_sector
2026-07-14,2026-07-14 23:28:36,沪深ETF,333,159506.SZ,SZ,xtdata.get_stock_list_in_sector
2026-07-14,2026-07-14 23:28:36,沪深ETF,334,159507.SZ,SZ,xtdata.get_stock_list_in_sector
2026-07-14,2026-07-14 23:28:36,沪深ETF,335,159508.SZ,SZ,xtdata.get_stock_list_in_sector
2026-07-14,2026-07-14 23:28:36,沪深ETF,336,159509.SZ,SZ,xtdata.get_stock_list_in_sector
2026-07-14,2026-07-14 23:28:36,沪深ETF,337,159510.SZ,SZ,xtdata.get_stock_list_in_sector
2026-07-14,2026-07-14 23:28:36,沪深ETF,338,159511.SZ,SZ,xtdata.get_stock_list_in_sector
2026-07-14,2026-07-14 23:28:36,沪深ETF,339,159512.SZ,SZ,xtdata.get_stock_list_in_sector
2026-07-14,2026-07-14 23:28:36,沪深ETF,340,159513.SZ,SZ,xtdata.get_stock_list_in_sector
2026-07-14,2026-07-14 23:28:36,沪深ETF,341,159515.SZ,SZ,xtdata.get_stock_list_in_sector
2026-07-14,2026-07-14 23:28:36,沪深ETF,342,159516.SZ,SZ,xtdata.get_stock_list_in_sector
2026-07-14,2026-07-14 23:28:36,沪深ETF,343,159517.SZ,SZ,xtdata.get_stock_list_in_sector
2026-07-14,2026-07-14 23:28:36,沪深ETF,344,159518.SZ,SZ,xtdata.get_stock_list_in_sector
2026-07-14,2026-07-14 23:28:36,沪深ETF,345,159519.SZ,SZ,xtdata.get_stock_list_in_sector
2026-07-14,2026-07-14 23:28:36,沪深ETF,346,159520.SZ,SZ,xtdata.get_stock_list_in_sector
2026-07-14,2026-07-14 23:28:36,沪深ETF,347,159521.SZ,SZ,xtdata.get_stock_list_in_sector
2026-07-14,2026-07-14 23:28:36,沪深ETF,348,159523.SZ,SZ,xtdata.get_stock_list_in_sector
2026-07-14,2026-07-14 23:28:36,沪深ETF,349,159525.SZ,SZ,xtdata.get_stock_list_in_sector
2026-07-14,2026-07-14 23:28:36,沪深ETF,350,159526.SZ,SZ,xtdata.get_stock_list_in_sector
2026-07-14,2026-07-14 23:28:36,沪深ETF,351,159527.SZ,SZ,xtdata.get_stock_list_in_sector
2026-07-14,2026-07-14 23:28:36,沪深ETF,352,159528.SZ,SZ,xtdata.get_stock_list_in_sector
2026-07-14,2026-07-14 23:28:36,沪深ETF,353,159529.SZ,SZ,xtdata.get_stock_list_in_sector
2026-07-14,2026-07-14 23:28:36,沪深ETF,354,159530.SZ,SZ,xtdata.get_stock_list_in_sector
2026-07-14,2026-07-14 23:28:36,沪深ETF,355,159531.SZ,SZ,xtdata.get_stock_list_in_sector
2026-07-14,2026-07-14 23:28:36,沪深ETF,356,159532.SZ,SZ,xtdata.get_stock_list_in_sector
2026-07-14,2026-07-14 23:28:36,沪深ETF,357,159533.SZ,SZ,xtdata.get_stock_list_in_sector
2026-07-14,2026-07-14 23:28:36,沪深ETF,358,159535.SZ,SZ,xtdata.get_stock_list_in_sector
2026-07-14,2026-07-14 23:28:36,沪深ETF,359,159536.SZ,SZ,xtdata.get_stock_list_in_sector
2026-07-14,2026-07-14 23:28:36,沪深ETF,360,159537.SZ,SZ,xtdata.get_stock_list_in_sector
2026-07-14,2026-07-14 23:28:36,沪深ETF,361,159538.SZ,SZ,xtdata.get_stock_list_in_sector
2026-07-14,2026-07-14 23:28:36,沪深ETF,362,159539.SZ,SZ,xtdata.get_stock_list_in_sector
2026-07-14,2026-07-14 23:28:36,沪深ETF,363,159540.SZ,SZ,xtdata.get_stock_list_in_sector
2026-07-14,2026-07-14 23:28:36,沪深ETF,364,159541.SZ,SZ,xtdata.get_stock_list_in_sector
2026-07-14,2026-07-14 23:28:36,沪深ETF,365,159542.SZ,SZ,xtdata.get_stock_list_in_sector
2026-07-14,2026-07-14 23:28:36,沪深ETF,366,159543.SZ,SZ,xtdata.get_stock_list_in_sector
2026-07-14,2026-07-14 23:28:36,沪深ETF,367,159545.SZ,SZ,xtdata.get_stock_list_in_sector
2026-07-14,2026-07-14 23:28:36,沪深ETF,368,159546.SZ,SZ,xtdata.get_stock_list_in_sector
2026-07-14,2026-07-14 23:28:36,沪深ETF,369,159547.SZ,SZ,xtdata.get_stock_list_in_sector
2026-07-14,2026-07-14 23:28:36,沪深ETF,370,159549.SZ,SZ,xtdata.get_stock_list_in_sector
2026-07-14,2026-07-14 23:28:36,沪深ETF,371,159550.SZ,SZ,xtdata.get_stock_list_in_sector
2026-07-14,2026-07-14 23:28:36,沪深ETF,372,159551.SZ,SZ,xtdata.get_stock_list_in_sector
2026-07-14,2026-07-14 23:28:36,沪深ETF,373,159552.SZ,SZ,xtdata.get_stock_list_in_sector
2026-07-14,2026-07-14 23:28:36,沪深ETF,374,159553.SZ,SZ,xtdata.get_stock_list_in_sector
2026-07-14,2026-07-14 23:28:36,沪深ETF,375,159555.SZ,SZ,xtdata.get_stock_list_in_sector
2026-07-14,2026-07-14 23:28:36,沪深ETF,376,159556.SZ,SZ,xtdata.get_stock_list_in_sector
2026-07-14,2026-07-14 23:28:36,沪深ETF,377,159557.SZ,SZ,xtdata.get_stock_list_in_sector
2026-07-14,2026-07-14 23:28:36,沪深ETF,378,159558.SZ,SZ,xtdata.get_stock_list_in_sector
2026-07-14,2026-07-14 23:28:36,沪深ETF,379,159559.SZ,SZ,xtdata.get_stock_list_in_sector
2026-07-14,2026-07-14 23:28:36,沪深ETF,380,159560.SZ,SZ,xtdata.get_stock_list_in_sector
2026-07-14,2026-07-14 23:28:36,沪深ETF,381,159561.SZ,SZ,xtdata.get_stock_list_in_sector
2026-07-14,2026-07-14 23:28:36,沪深ETF,382,159562.SZ,SZ,xtdata.get_stock_list_in_sector
2026-07-14,2026-07-14 23:28:36,沪深ETF,383,159563.SZ,SZ,xtdata.get_stock_list_in_sector
2026-07-14,2026-07-14 23:28:36,沪深ETF,384,159565.SZ,SZ,xtdata.get_stock_list_in_sector
2026-07-14,2026-07-14 23:28:36,沪深ETF,385,159566.SZ,SZ,xtdata.get_stock_list_in_sector
2026-07-14,2026-07-14 23:28:36,沪深ETF,386,159567.SZ,SZ,xtdata.get_stock_list_in_sector
2026-07-14,2026-07-14 23:28:36,沪深ETF,387,159568.SZ,SZ,xtdata.get_stock_list_in_sector
2026-07-14,2026-07-14 23:28:36,沪深ETF,388,159569.SZ,SZ,xtdata.get_stock_list_in_sector
2026-07-14,2026-07-14 23:28:36,沪深ETF,389,159570.SZ,SZ,xtdata.get_stock_list_in_sector
2026-07-14,2026-07-14 23:28:36,沪深ETF,390,159571.SZ,SZ,xtdata.get_stock_list_in_sector
2026-07-14,2026-07-14 23:28:36,沪深ETF,391,159572.SZ,SZ,xtdata.get_stock_list_in_sector
2026-07-14,2026-07-14 23:28:36,沪深ETF,392,159573.SZ,SZ,xtdata.get_stock_list_in_sector
2026-07-14,2026-07-14 23:28:36,沪深ETF,393,159575.SZ,SZ,xtdata.get_stock_list_in_sector
2026-07-14,2026-07-14 23:28:36,沪深ETF,394,159576.SZ,SZ,xtdata.get_stock_list_in_sector
2026-07-14,2026-07-14 23:28:36,沪深ETF,395,159577.SZ,SZ,xtdata.get_stock_list_in_sector
2026-07-14,2026-07-14 23:28:36,沪深ETF,396,159578.SZ,SZ,xtdata.get_stock_list_in_sector
2026-07-14,2026-07-14 23:28:36,沪深ETF,397,159581.SZ,SZ,xtdata.get_stock_list_in_sector
2026-07-14,2026-07-14 23:28:36,沪深ETF,398,159582.SZ,SZ,xtdata.get_stock_list_in_sector
2026-07-14,2026-07-14 23:28:36,沪深ETF,399,159583.SZ,SZ,xtdata.get_stock_list_in_sector
2026-07-14,2026-07-14 23:28:36,沪深ETF,400,159586.SZ,SZ,xtdata.get_stock_list_in_sector
2026-07-14,2026-07-14 23:28:36,沪深ETF,401,159587.SZ,SZ,xtdata.get_stock_list_in_sector
2026-07-14,2026-07-14 23:28:36,沪深ETF,402,159588.SZ,SZ,xtdata.get_stock_list_in_sector
2026-07-14,2026-07-14 23:28:36,沪深ETF,403,159589.SZ,SZ,xtdata.get_stock_list_in_sector
2026-07-14,2026-07-14 23:28:36,沪深ETF,404,159590.SZ,SZ,xtdata.get_stock_list_in_sector
2026-07-14,2026-07-14 23:28:36,沪深ETF,405,159591.SZ,SZ,xtdata.get_stock_list_in_sector
2026-07-14,2026-07-14 23:28:36,沪深ETF,406,159592.SZ,SZ,xtdata.get_stock_list_in_sector
2026-07-14,2026-07-14 23:28:36,沪深ETF,407,159593.SZ,SZ,xtdata.get_stock_list_in_sector
2026-07-14,2026-07-14 23:28:36,沪深ETF,408,159595.SZ,SZ,xtdata.get_stock_list_in_sector
2026-07-14,2026-07-14 23:28:36,沪深ETF,409,159596.SZ,SZ,xtdata.get_stock_list_in_sector
2026-07-14,2026-07-14 23:28:36,沪深ETF,410,159597.SZ,SZ,xtdata.get_stock_list_in_sector
2026-07-14,2026-07-14 23:28:36,沪深ETF,411,159599.SZ,SZ,xtdata.get_stock_list_in_sector
2026-07-14,2026-07-14 23:28:36,沪深ETF,412,159600.SZ,SZ,xtdata.get_stock_list_in_sector
2026-07-14,2026-07-14 23:28:36,沪深ETF,413,159601.SZ,SZ,xtdata.get_stock_list_in_sector
2026-07-14,2026-07-14 23:28:36,沪深ETF,414,159602.SZ,SZ,xtdata.get_stock_list_in_sector
2026-07-14,2026-07-14 23:28:36,沪深ETF,415,159603.SZ,SZ,xtdata.get_stock_list_in_sector
2026-07-14,2026-07-14 23:28:36,沪深ETF,416,159605.SZ,SZ,xtdata.get_stock_list_in_sector
2026-07-14,2026-07-14 23:28:36,沪深ETF,417,159606.SZ,SZ,xtdata.get_stock_list_in_sector
2026-07-14,2026-07-14 23:28:36,沪深ETF,418,159607.SZ,SZ,xtdata.get_stock_list_in_sector
2026-07-14,2026-07-14 23:28:36,沪深ETF,419,159608.SZ,SZ,xtdata.get_stock_list_in_sector
2026-07-14,2026-07-14 23:28:36,沪深ETF,420,159609.SZ,SZ,xtdata.get_stock_list_in_sector
2026-07-14,2026-07-14 23:28:36,沪深ETF,421,159610.SZ,SZ,xtdata.get_stock_list_in_sector
2026-07-14,2026-07-14 23:28:36,沪深ETF,422,159611.SZ,SZ,xtdata.get_stock_list_in_sector
2026-07-14,2026-07-14 23:28:36,沪深ETF,423,159612.SZ,SZ,xtdata.get_stock_list_in_sector
2026-07-14,2026-07-14 23:28:36,沪深ETF,424,159613.SZ,SZ,xtdata.get_stock_list_in_sector
2026-07-14,2026-07-14 23:28:36,沪深ETF,425,159615.SZ,SZ,xtdata.get_stock_list_in_sector
2026-07-14,2026-07-14 23:28:36,沪深ETF,426,159616.SZ,SZ,xtdata.get_stock_list_in_sector
2026-07-14,2026-07-14 23:28:36,沪深ETF,427,159617.SZ,SZ,xtdata.get_stock_list_in_sector
2026-07-14,2026-07-14 23:28:36,沪深ETF,428,159618.SZ,SZ,xtdata.get_stock_list_in_sector
2026-07-14,2026-07-14 23:28:36,沪深ETF,429,159619.SZ,SZ,xtdata.get_stock_list_in_sector
2026-07-14,2026-07-14 23:28:36,沪深ETF,430,159620.SZ,SZ,xtdata.get_stock_list_in_sector
2026-07-14,2026-07-14 23:28:36,沪深ETF,431,159621.SZ,SZ,xtdata.get_stock_list_in_sector
2026-07-14,2026-07-14 23:28:36,沪深ETF,432,159622.SZ,SZ,xtdata.get_stock_list_in_sector
2026-07-14,2026-07-14 23:28:36,沪深ETF,433,159623.SZ,SZ,xtdata.get_stock_list_in_sector
2026-07-14,2026-07-14 23:28:36,沪深ETF,434,159625.SZ,SZ,xtdata.get_stock_list_in_sector
2026-07-14,2026-07-14 23:28:36,沪深ETF,435,159627.SZ,SZ,xtdata.get_stock_list_in_sector
2026-07-14,2026-07-14 23:28:36,沪深ETF,436,159628.SZ,SZ,xtdata.get_stock_list_in_sector
2026-07-14,2026-07-14 23:28:36,沪深ETF,437,159629.SZ,SZ,xtdata.get_stock_list_in_sector
2026-07-14,2026-07-14 23:28:36,沪深ETF,438,159630.SZ,SZ,xtdata.get_stock_list_in_sector
2026-07-14,2026-07-14 23:28:36,沪深ETF,439,159631.SZ,SZ,xtdata.get_stock_list_in_sector
2026-07-14,2026-07-14 23:28:36,沪深ETF,440,159632.SZ,SZ,xtdata.get_stock_list_in_sector
2026-07-14,2026-07-14 23:28:36,沪深ETF,441,159633.SZ,SZ,xtdata.get_stock_list_in_sector
2026-07-14,2026-07-14 23:28:36,沪深ETF,442,159635.SZ,SZ,xtdata.get_stock_list_in_sector
2026-07-14,2026-07-14 23:28:36,沪深ETF,443,159636.SZ,SZ,xtdata.get_stock_list_in_sector
2026-07-14,2026-07-14 23:28:36,沪深ETF,444,159637.SZ,SZ,xtdata.get_stock_list_in_sector
2026-07-14,2026-07-14 23:28:36,沪深ETF,445,159638.SZ,SZ,xtdata.get_stock_list_in_sector
2026-07-14,2026-07-14 23:28:36,沪深ETF,446,159639.SZ,SZ,xtdata.get_stock_list_in_sector
2026-07-14,2026-07-14 23:28:36,沪深ETF,447,159640.SZ,SZ,xtdata.get_stock_list_in_sector
2026-07-14,2026-07-14 23:28:36,沪深ETF,448,159641.SZ,SZ,xtdata.get_stock_list_in_sector
2026-07-14,2026-07-14 23:28:36,沪深ETF,449,159642.SZ,SZ,xtdata.get_stock_list_in_sector
2026-07-14,2026-07-14 23:28:36,沪深ETF,450,159643.SZ,SZ,xtdata.get_stock_list_in_sector
2026-07-14,2026-07-14 23:28:36,沪深ETF,451,159645.SZ,SZ,xtdata.get_stock_list_in_sector
2026-07-14,2026-07-14 23:28:36,沪深ETF,452,159647.SZ,SZ,xtdata.get_stock_list_in_sector
2026-07-14,2026-07-14 23:28:36,沪深ETF,453,159649.SZ,SZ,xtdata.get_stock_list_in_sector
2026-07-14,2026-07-14 23:28:36,沪深ETF,454,159650.SZ,SZ,xtdata.get_stock_list_in_sector
2026-07-14,2026-07-14 23:28:36,沪深ETF,455,159651.SZ,SZ,xtdata.get_stock_list_in_sector
2026-07-14,2026-07-14 23:28:36,沪深ETF,456,159652.SZ,SZ,xtdata.get_stock_list_in_sector
2026-07-14,2026-07-14 23:28:36,沪深ETF,457,159653.SZ,SZ,xtdata.get_stock_list_in_sector
2026-07-14,2026-07-14 23:28:36,沪深ETF,458,159655.SZ,SZ,xtdata.get_stock_list_in_sector
2026-07-14,2026-07-14 23:28:36,沪深ETF,459,159656.SZ,SZ,xtdata.get_stock_list_in_sector
2026-07-14,2026-07-14 23:28:36,沪深ETF,460,159657.SZ,SZ,xtdata.get_stock_list_in_sector
2026-07-14,2026-07-14 23:28:36,沪深ETF,461,159658.SZ,SZ,xtdata.get_stock_list_in_sector
2026-07-14,2026-07-14 23:28:36,沪深ETF,462,159659.SZ,SZ,xtdata.get_stock_list_in_sector
2026-07-14,2026-07-14 23:28:36,沪深ETF,463,159660.SZ,SZ,xtdata.get_stock_list_in_sector
2026-07-14,2026-07-14 23:28:36,沪深ETF,464,159661.SZ,SZ,xtdata.get_stock_list_in_sector
2026-07-14,2026-07-14 23:28:36,沪深ETF,465,159662.SZ,SZ,xtdata.get_stock_list_in_sector
2026-07-14,2026-07-14 23:28:36,沪深ETF,466,159663.SZ,SZ,xtdata.get_stock_list_in_sector
2026-07-14,2026-07-14 23:28:36,沪深ETF,467,159665.SZ,SZ,xtdata.get_stock_list_in_sector
2026-07-14,2026-07-14 23:28:36,沪深ETF,468,159666.SZ,SZ,xtdata.get_stock_list_in_sector
2026-07-14,2026-07-14 23:28:36,沪深ETF,469,159667.SZ,SZ,xtdata.get_stock_list_in_sector
2026-07-14,2026-07-14 23:28:36,沪深ETF,470,159669.SZ,SZ,xtdata.get_stock_list_in_sector
2026-07-14,2026-07-14 23:28:36,沪深ETF,471,159670.SZ,SZ,xtdata.get_stock_list_in_sector
2026-07-14,2026-07-14 23:28:36,沪深ETF,472,159671.SZ,SZ,xtdata.get_stock_list_in_sector
2026-07-14,2026-07-14 23:28:36,沪深ETF,473,159672.SZ,SZ,xtdata.get_stock_list_in_sector
2026-07-14,2026-07-14 23:28:36,沪深ETF,474,159673.SZ,SZ,xtdata.get_stock_list_in_sector
2026-07-14,2026-07-14 23:28:36,沪深ETF,475,159675.SZ,SZ,xtdata.get_stock_list_in_sector
2026-07-14,2026-07-14 23:28:36,沪深ETF,476,159676.SZ,SZ,xtdata.get_stock_list_in_sector
2026-07-14,2026-07-14 23:28:36,沪深ETF,477,159677.SZ,SZ,xtdata.get_stock_list_in_sector
2026-07-14,2026-07-14 23:28:36,沪深ETF,478,159678.SZ,SZ,xtdata.get_stock_list_in_sector
2026-07-14,2026-07-14 23:28:36,沪深ETF,479,159679.SZ,SZ,xtdata.get_stock_list_in_sector
2026-07-14,2026-07-14 23:28:36,沪深ETF,480,159680.SZ,SZ,xtdata.get_stock_list_in_sector
2026-07-14,2026-07-14 23:28:36,沪深ETF,481,159681.SZ,SZ,xtdata.get_stock_list_in_sector
2026-07-14,2026-07-14 23:28:36,沪深ETF,482,159682.SZ,SZ,xtdata.get_stock_list_in_sector
2026-07-14,2026-07-14 23:28:36,沪深ETF,483,159685.SZ,SZ,xtdata.get_stock_list_in_sector
2026-07-14,2026-07-14 23:28:36,沪深ETF,484,159686.SZ,SZ,xtdata.get_stock_list_in_sector
2026-07-14,2026-07-14 23:28:36,沪深ETF,485,159687.SZ,SZ,xtdata.get_stock_list_in_sector
2026-07-14,2026-07-14 23:28:36,沪深ETF,486,159688.SZ,SZ,xtdata.get_stock_list_in_sector
2026-07-14,2026-07-14 23:28:36,沪深ETF,487,159689.SZ,SZ,xtdata.get_stock_list_in_sector
2026-07-14,2026-07-14 23:28:36,沪深ETF,488,159690.SZ,SZ,xtdata.get_stock_list_in_sector
2026-07-14,2026-07-14 23:28:36,沪深ETF,489,159691.SZ,SZ,xtdata.get_stock_list_in_sector
2026-07-14,2026-07-14 23:28:36,沪深ETF,490,159692.SZ,SZ,xtdata.get_stock_list_in_sector
2026-07-14,2026-07-14 23:28:36,沪深ETF,491,159695.SZ,SZ,xtdata.get_stock_list_in_sector
2026-07-14,2026-07-14 23:28:36,沪深ETF,492,159696.SZ,SZ,xtdata.get_stock_list_in_sector
2026-07-14,2026-07-14 23:28:36,沪深ETF,493,159697.SZ,SZ,xtdata.get_stock_list_in_sector
2026-07-14,2026-07-14 23:28:36,沪深ETF,494,159698.SZ,SZ,xtdata.get_stock_list_in_sector
2026-07-14,2026-07-14 23:28:36,沪深ETF,495,159699.SZ,SZ,xtdata.get_stock_list_in_sector
2026-07-14,2026-07-14 23:28:36,沪深ETF,496,159700.SZ,SZ,xtdata.get_stock_list_in_sector
2026-07-14,2026-07-14 23:28:36,沪深ETF,497,159701.SZ,SZ,xtdata.get_stock_list_in_sector
2026-07-14,2026-07-14 23:28:36,沪深ETF,498,159703.SZ,SZ,xtdata.get_stock_list_in_sector
2026-07-14,2026-07-14 23:28:36,沪深ETF,499,159706.SZ,SZ,xtdata.get_stock_list_in_sector
2026-07-14,2026-07-14 23:28:36,沪深ETF,500,159707.SZ,SZ,xtdata.get_stock_list_in_sector
2026-07-14,2026-07-14 23:28:36,沪深ETF,501,159708.SZ,SZ,xtdata.get_stock_list_in_sector
2026-07-14,2026-07-14 23:28:36,沪深ETF,502,159709.SZ,SZ,xtdata.get_stock_list_in_sector
2026-07-14,2026-07-14 23:28:36,沪深ETF,503,159711.SZ,SZ,xtdata.get_stock_list_in_sector
2026-07-14,2026-07-14 23:28:36,沪深ETF,504,159712.SZ,SZ,xtdata.get_stock_list_in_sector
2026-07-14,2026-07-14 23:28:36,沪深ETF,505,159713.SZ,SZ,xtdata.get_stock_list_in_sector
2026-07-14,2026-07-14 23:28:36,沪深ETF,506,159715.SZ,SZ,xtdata.get_stock_list_in_sector
2026-07-14,2026-07-14 23:28:36,沪深ETF,507,159716.SZ,SZ,xtdata.get_stock_list_in_sector
2026-07-14,2026-07-14 23:28:36,沪深ETF,508,159717.SZ,SZ,xtdata.get_stock_list_in_sector
2026-07-14,2026-07-14 23:28:36,沪深ETF,509,159718.SZ,SZ,xtdata.get_stock_list_in_sector
2026-07-14,2026-07-14 23:28:36,沪深ETF,510,159719.SZ,SZ,xtdata.get_stock_list_in_sector
2026-07-14,2026-07-14 23:28:36,沪深ETF,511,159720.SZ,SZ,xtdata.get_stock_list_in_sector
2026-07-14,2026-07-14 23:28:36,沪深ETF,512,159721.SZ,SZ,xtdata.get_stock_list_in_sector
2026-07-14,2026-07-14 23:28:36,沪深ETF,513,159723.SZ,SZ,xtdata.get_stock_list_in_sector
2026-07-14,2026-07-14 23:28:36,沪深ETF,514,159725.SZ,SZ,xtdata.get_stock_list_in_sector
2026-07-14,2026-07-14 23:28:36,沪深ETF,515,159726.SZ,SZ,xtdata.get_stock_list_in_sector
2026-07-14,2026-07-14 23:28:36,沪深ETF,516,159728.SZ,SZ,xtdata.get_stock_list_in_sector
2026-07-14,2026-07-14 23:28:36,沪深ETF,517,159729.SZ,SZ,xtdata.get_stock_list_in_sector
2026-07-14,2026-07-14 23:28:36,沪深ETF,518,159730.SZ,SZ,xtdata.get_stock_list_in_sector
2026-07-14,2026-07-14 23:28:36,沪深ETF,519,159731.SZ,SZ,xtdata.get_stock_list_in_sector
2026-07-14,2026-07-14 23:28:36,沪深ETF,520,159732.SZ,SZ,xtdata.get_stock_list_in_sector
2026-07-14,2026-07-14 23:28:36,沪深ETF,521,159735.SZ,SZ,xtdata.get_stock_list_in_sector
2026-07-14,2026-07-14 23:28:36,沪深ETF,522,159736.SZ,SZ,xtdata.get_stock_list_in_sector
2026-07-14,2026-07-14 23:28:36,沪深ETF,523,159738.SZ,SZ,xtdata.get_stock_list_in_sector
2026-07-14,2026-07-14 23:28:36,沪深ETF,524,159739.SZ,SZ,xtdata.get_stock_list_in_sector
2026-07-14,2026-07-14 23:28:36,沪深ETF,525,159740.SZ,SZ,xtdata.get_stock_list_in_sector
2026-07-14,2026-07-14 23:28:36,沪深ETF,526,159741.SZ,SZ,xtdata.get_stock_list_in_sector
2026-07-14,2026-07-14 23:28:36,沪深ETF,527,159742.SZ,SZ,xtdata.get_stock_list_in_sector
2026-07-14,2026-07-14 23:28:36,沪深ETF,528,159743.SZ,SZ,xtdata.get_stock_list_in_sector
2026-07-14,2026-07-14 23:28:36,沪深ETF,529,159745.SZ,SZ,xtdata.get_stock_list_in_sector
2026-07-14,2026-07-14 23:28:36,沪深ETF,530,159747.SZ,SZ,xtdata.get_stock_list_in_sector
2026-07-14,2026-07-14 23:28:36,沪深ETF,531,159748.SZ,SZ,xtdata.get_stock_list_in_sector
2026-07-14,2026-07-14 23:28:36,沪深ETF,532,159750.SZ,SZ,xtdata.get_stock_list_in_sector
2026-07-14,2026-07-14 23:28:36,沪深ETF,533,159751.SZ,SZ,xtdata.get_stock_list_in_sector
2026-07-14,2026-07-14 23:28:36,沪深ETF,534,159752.SZ,SZ,xtdata.get_stock_list_in_sector
2026-07-14,2026-07-14 23:28:36,沪深ETF,535,159755.SZ,SZ,xtdata.get_stock_list_in_sector
2026-07-14,2026-07-14 23:28:36,沪深ETF,536,159757.SZ,SZ,xtdata.get_stock_list_in_sector
2026-07-14,2026-07-14 23:28:36,沪深ETF,537,159758.SZ,SZ,xtdata.get_stock_list_in_sector
2026-07-14,2026-07-14 23:28:36,沪深ETF,538,159760.SZ,SZ,xtdata.get_stock_list_in_sector
2026-07-14,2026-07-14 23:28:36,沪深ETF,539,159761.SZ,SZ,xtdata.get_stock_list_in_sector
2026-07-14,2026-07-14 23:28:36,沪深ETF,540,159763.SZ,SZ,xtdata.get_stock_list_in_sector
2026-07-14,2026-07-14 23:28:36,沪深ETF,541,159766.SZ,SZ,xtdata.get_stock_list_in_sector
2026-07-14,2026-07-14 23:28:36,沪深ETF,542,159767.SZ,SZ,xtdata.get_stock_list_in_sector
2026-07-14,2026-07-14 23:28:36,沪深ETF,543,159768.SZ,SZ,xtdata.get_stock_list_in_sector
2026-07-14,2026-07-14 23:28:36,沪深ETF,544,159770.SZ,SZ,xtdata.get_stock_list_in_sector
2026-07-14,2026-07-14 23:28:36,沪深ETF,545,159773.SZ,SZ,xtdata.get_stock_list_in_sector
2026-07-14,2026-07-14 23:28:36,沪深ETF,546,159775.SZ,SZ,xtdata.get_stock_list_in_sector
2026-07-14,2026-07-14 23:28:36,沪深ETF,547,159776.SZ,SZ,xtdata.get_stock_list_in_sector
2026-07-14,2026-07-14 23:28:36,沪深ETF,548,159777.SZ,SZ,xtdata.get_stock_list_in_sector
2026-07-14,2026-07-14 23:28:36,沪深ETF,549,159778.SZ,SZ,xtdata.get_stock_list_in_sector
2026-07-14,2026-07-14 23:28:36,沪深ETF,550,159779.SZ,SZ,xtdata.get_stock_list_in_sector
2026-07-14,2026-07-14 23:28:36,沪深ETF,551,159780.SZ,SZ,xtdata.get_stock_list_in_sector
2026-07-14,2026-07-14 23:28:36,沪深ETF,552,159781.SZ,SZ,xtdata.get_stock_list_in_sector
2026-07-14,2026-07-14 23:28:36,沪深ETF,553,159782.SZ,SZ,xtdata.get_stock_list_in_sector
2026-07-14,2026-07-14 23:28:36,沪深ETF,554,159783.SZ,SZ,xtdata.get_stock_list_in_sector
2026-07-14,2026-07-14 23:28:36,沪深ETF,555,159786.SZ,SZ,xtdata.get_stock_list_in_sector
2026-07-14,2026-07-14 23:28:36,沪深ETF,556,159787.SZ,SZ,xtdata.get_stock_list_in_sector
2026-07-14,2026-07-14 23:28:36,沪深ETF,557,159788.SZ,SZ,xtdata.get_stock_list_in_sector
2026-07-14,2026-07-14 23:28:36,沪深ETF,558,159790.SZ,SZ,xtdata.get_stock_list_in_sector
2026-07-14,2026-07-14 23:28:36,沪深ETF,559,159791.SZ,SZ,xtdata.get_stock_list_in_sector
2026-07-14,2026-07-14 23:28:36,沪深ETF,560,159792.SZ,SZ,xtdata.get_stock_list_in_sector
2026-07-14,2026-07-14 23:28:36,沪深ETF,561,159793.SZ,SZ,xtdata.get_stock_list_in_sector
2026-07-14,2026-07-14 23:28:36,沪深ETF,562,159795.SZ,SZ,xtdata.get_stock_list_in_sector
2026-07-14,2026-07-14 23:28:36,沪深ETF,563,159796.SZ,SZ,xtdata.get_stock_list_in_sector
2026-07-14,2026-07-14 23:28:36,沪深ETF,564,159797.SZ,SZ,xtdata.get_stock_list_in_sector
2026-07-14,2026-07-14 23:28:36,沪深ETF,565,159798.SZ,SZ,xtdata.get_stock_list_in_sector
2026-07-14,2026-07-14 23:28:36,沪深ETF,566,159800.SZ,SZ,xtdata.get_stock_list_in_sector
2026-07-14,2026-07-14 23:28:36,沪深ETF,567,159801.SZ,SZ,xtdata.get_stock_list_in_sector
2026-07-14,2026-07-14 23:28:36,沪深ETF,568,159804.SZ,SZ,xtdata.get_stock_list_in_sector
2026-07-14,2026-07-14 23:28:36,沪深ETF,569,159805.SZ,SZ,xtdata.get_stock_list_in_sector
2026-07-14,2026-07-14 23:28:36,沪深ETF,570,159806.SZ,SZ,xtdata.get_stock_list_in_sector
2026-07-14,2026-07-14 23:28:36,沪深ETF,571,159807.SZ,SZ,xtdata.get_stock_list_in_sector
2026-07-14,2026-07-14 23:28:36,沪深ETF,572,159808.SZ,SZ,xtdata.get_stock_list_in_sector
2026-07-14,2026-07-14 23:28:36,沪深ETF,573,159810.SZ,SZ,xtdata.get_stock_list_in_sector
2026-07-14,2026-07-14 23:28:36,沪深ETF,574,159811.SZ,SZ,xtdata.get_stock_list_in_sector
2026-07-14,2026-07-14 23:28:36,沪深ETF,575,159812.SZ,SZ,xtdata.get_stock_list_in_sector
2026-07-14,2026-07-14 23:28:36,沪深ETF,576,159813.SZ,SZ,xtdata.get_stock_list_in_sector
2026-07-14,2026-07-14 23:28:36,沪深ETF,577,159814.SZ,SZ,xtdata.get_stock_list_in_sector
2026-07-14,2026-07-14 23:28:36,沪深ETF,578,159816.SZ,SZ,xtdata.get_stock_list_in_sector
2026-07-14,2026-07-14 23:28:36,沪深ETF,579,159819.SZ,SZ,xtdata.get_stock_list_in_sector
2026-07-14,2026-07-14 23:28:36,沪深ETF,580,159820.SZ,SZ,xtdata.get_stock_list_in_sector
2026-07-14,2026-07-14 23:28:36,沪深ETF,581,159821.SZ,SZ,xtdata.get_stock_list_in_sector
2026-07-14,2026-07-14 23:28:36,沪深ETF,582,159822.SZ,SZ,xtdata.get_stock_list_in_sector
2026-07-14,2026-07-14 23:28:36,沪深ETF,583,159824.SZ,SZ,xtdata.get_stock_list_in_sector
2026-07-14,2026-07-14 23:28:36,沪深ETF,584,159825.SZ,SZ,xtdata.get_stock_list_in_sector
2026-07-14,2026-07-14 23:28:36,沪深ETF,585,159827.SZ,SZ,xtdata.get_stock_list_in_sector
2026-07-14,2026-07-14 23:28:36,沪深ETF,586,159828.SZ,SZ,xtdata.get_stock_list_in_sector
2026-07-14,2026-07-14 23:28:36,沪深ETF,587,159830.SZ,SZ,xtdata.get_stock_list_in_sector
2026-07-14,2026-07-14 23:28:36,沪深ETF,588,159831.SZ,SZ,xtdata.get_stock_list_in_sector
2026-07-14,2026-07-14 23:28:36,沪深ETF,589,159834.SZ,SZ,xtdata.get_stock_list_in_sector
2026-07-14,2026-07-14 23:28:36,沪深ETF,590,159835.SZ,SZ,xtdata.get_stock_list_in_sector
2026-07-14,2026-07-14 23:28:36,沪深ETF,591,159836.SZ,SZ,xtdata.get_stock_list_in_sector
2026-07-14,2026-07-14 23:28:36,沪深ETF,592,159837.SZ,SZ,xtdata.get_stock_list_in_sector
2026-07-14,2026-07-14 23:28:36,沪深ETF,593,159838.SZ,SZ,xtdata.get_stock_list_in_sector
2026-07-14,2026-07-14 23:28:36,沪深ETF,594,159839.SZ,SZ,xtdata.get_stock_list_in_sector
2026-07-14,2026-07-14 23:28:36,沪深ETF,595,159840.SZ,SZ,xtdata.get_stock_list_in_sector
2026-07-14,2026-07-14 23:28:36,沪深ETF,596,159841.SZ,SZ,xtdata.get_stock_list_in_sector
2026-07-14,2026-07-14 23:28:36,沪深ETF,597,159842.SZ,SZ,xtdata.get_stock_list_in_sector
2026-07-14,2026-07-14 23:28:36,沪深ETF,598,159843.SZ,SZ,xtdata.get_stock_list_in_sector
2026-07-14,2026-07-14 23:28:36,沪深ETF,599,159845.SZ,SZ,xtdata.get_stock_list_in_sector
2026-07-14,2026-07-14 23:28:36,沪深ETF,600,159847.SZ,SZ,xtdata.get_stock_list_in_sector
2026-07-14,2026-07-14 23:28:36,沪深ETF,601,159848.SZ,SZ,xtdata.get_stock_list_in_sector
2026-07-14,2026-07-14 23:28:36,沪深ETF,602,159849.SZ,SZ,xtdata.get_stock_list_in_sector
2026-07-14,2026-07-14 23:28:36,沪深ETF,603,159850.SZ,SZ,xtdata.get_stock_list_in_sector
2026-07-14,2026-07-14 23:28:36,沪深ETF,604,159851.SZ,SZ,xtdata.get_stock_list_in_sector
2026-07-14,2026-07-14 23:28:36,沪深ETF,605,159852.SZ,SZ,xtdata.get_stock_list_in_sector
2026-07-14,2026-07-14 23:28:36,沪深ETF,606,159855.SZ,SZ,xtdata.get_stock_list_in_sector
2026-07-14,2026-07-14 23:28:36,沪深ETF,607,159856.SZ,SZ,xtdata.get_stock_list_in_sector
2026-07-14,2026-07-14 23:28:36,沪深ETF,608,159857.SZ,SZ,xtdata.get_stock_list_in_sector
2026-07-14,2026-07-14 23:28:36,沪深ETF,609,159858.SZ,SZ,xtdata.get_stock_list_in_sector
2026-07-14,2026-07-14 23:28:36,沪深ETF,610,159859.SZ,SZ,xtdata.get_stock_list_in_sector
2026-07-14,2026-07-14 23:28:36,沪深ETF,611,159861.SZ,SZ,xtdata.get_stock_list_in_sector
2026-07-14,2026-07-14 23:28:36,沪深ETF,612,159862.SZ,SZ,xtdata.get_stock_list_in_sector
2026-07-14,2026-07-14 23:28:36,沪深ETF,613,159863.SZ,SZ,xtdata.get_stock_list_in_sector
2026-07-14,2026-07-14 23:28:36,沪深ETF,614,159864.SZ,SZ,xtdata.get_stock_list_in_sector
2026-07-14,2026-07-14 23:28:36,沪深ETF,615,159865.SZ,SZ,xtdata.get_stock_list_in_sector
2026-07-14,2026-07-14 23:28:36,沪深ETF,616,159866.SZ,SZ,xtdata.get_stock_list_in_sector
2026-07-14,2026-07-14 23:28:36,沪深ETF,617,159867.SZ,SZ,xtdata.get_stock_list_in_sector
2026-07-14,2026-07-14 23:28:36,沪深ETF,618,159869.SZ,SZ,xtdata.get_stock_list_in_sector
2026-07-14,2026-07-14 23:28:36,沪深ETF,619,159870.SZ,SZ,xtdata.get_stock_list_in_sector
2026-07-14,2026-07-14 23:28:36,沪深ETF,620,159871.SZ,SZ,xtdata.get_stock_list_in_sector
2026-07-14,2026-07-14 23:28:36,沪深ETF,621,159872.SZ,SZ,xtdata.get_stock_list_in_sector
2026-07-14,2026-07-14 23:28:36,沪深ETF,622,159873.SZ,SZ,xtdata.get_stock_list_in_sector
2026-07-14,2026-07-14 23:28:36,沪深ETF,623,159875.SZ,SZ,xtdata.get_stock_list_in_sector
2026-07-14,2026-07-14 23:28:36,沪深ETF,624,159876.SZ,SZ,xtdata.get_stock_list_in_sector
2026-07-14,2026-07-14 23:28:36,沪深ETF,625,159877.SZ,SZ,xtdata.get_stock_list_in_sector
2026-07-14,2026-07-14 23:28:36,沪深ETF,626,159880.SZ,SZ,xtdata.get_stock_list_in_sector
2026-07-14,2026-07-14 23:28:36,沪深ETF,627,159881.SZ,SZ,xtdata.get_stock_list_in_sector
2026-07-14,2026-07-14 23:28:36,沪深ETF,628,159883.SZ,SZ,xtdata.get_stock_list_in_sector
2026-07-14,2026-07-14 23:28:36,沪深ETF,629,159885.SZ,SZ,xtdata.get_stock_list_in_sector
2026-07-14,2026-07-14 23:28:36,沪深ETF,630,159886.SZ,SZ,xtdata.get_stock_list_in_sector
2026-07-14,2026-07-14 23:28:36,沪深ETF,631,159887.SZ,SZ,xtdata.get_stock_list_in_sector
2026-07-14,2026-07-14 23:28:36,沪深ETF,632,159888.SZ,SZ,xtdata.get_stock_list_in_sector
2026-07-14,2026-07-14 23:28:36,沪深ETF,633,159889.SZ,SZ,xtdata.get_stock_list_in_sector
2026-07-14,2026-07-14 23:28:36,沪深ETF,634,159890.SZ,SZ,xtdata.get_stock_list_in_sector
2026-07-14,2026-07-14 23:28:36,沪深ETF,635,159891.SZ,SZ,xtdata.get_stock_list_in_sector
2026-07-14,2026-07-14 23:28:36,沪深ETF,636,159892.SZ,SZ,xtdata.get_stock_list_in_sector
2026-07-14,2026-07-14 23:28:36,沪深ETF,637,159895.SZ,SZ,xtdata.get_stock_list_in_sector
2026-07-14,2026-07-14 23:28:36,沪深ETF,638,159896.SZ,SZ,xtdata.get_stock_list_in_sector
2026-07-14,2026-07-14 23:28:36,沪深ETF,639,159898.SZ,SZ,xtdata.get_stock_list_in_sector
2026-07-14,2026-07-14 23:28:36,沪深ETF,640,159899.SZ,SZ,xtdata.get_stock_list_in_sector
2026-07-14,2026-07-14 23:28:36,沪深ETF,641,159901.SZ,SZ,xtdata.get_stock_list_in_sector
2026-07-14,2026-07-14 23:28:36,沪深ETF,642,159902.SZ,SZ,xtdata.get_stock_list_in_sector
2026-07-14,2026-07-14 23:28:36,沪深ETF,643,159903.SZ,SZ,xtdata.get_stock_list_in_sector
2026-07-14,2026-07-14 23:28:36,沪深ETF,644,159905.SZ,SZ,xtdata.get_stock_list_in_sector
2026-07-14,2026-07-14 23:28:36,沪深ETF,645,159906.SZ,SZ,xtdata.get_stock_list_in_sector
2026-07-14,2026-07-14 23:28:36,沪深ETF,646,159907.SZ,SZ,xtdata.get_stock_list_in_sector
2026-07-14,2026-07-14 23:28:36,沪深ETF,647,159908.SZ,SZ,xtdata.get_stock_list_in_sector
2026-07-14,2026-07-14 23:28:36,沪深ETF,648,159909.SZ,SZ,xtdata.get_stock_list_in_sector
2026-07-14,2026-07-14 23:28:36,沪深ETF,649,159910.SZ,SZ,xtdata.get_stock_list_in_sector
2026-07-14,2026-07-14 23:28:36,沪深ETF,650,159912.SZ,SZ,xtdata.get_stock_list_in_sector
2026-07-14,2026-07-14 23:28:36,沪深ETF,651,159913.SZ,SZ,xtdata.get_stock_list_in_sector
2026-07-14,2026-07-14 23:28:36,沪深ETF,652,159915.SZ,SZ,xtdata.get_stock_list_in_sector
2026-07-14,2026-07-14 23:28:36,沪深ETF,653,159916.SZ,SZ,xtdata.get_stock_list_in_sector
2026-07-14,2026-07-14 23:28:36,沪深ETF,654,159918.SZ,SZ,xtdata.get_stock_list_in_sector
2026-07-14,2026-07-14 23:28:36,沪深ETF,655,159919.SZ,SZ,xtdata.get_stock_list_in_sector
2026-07-14,2026-07-14 23:28:36,沪深ETF,656,159920.SZ,SZ,xtdata.get_stock_list_in_sector
2026-07-14,2026-07-14 23:28:36,沪深ETF,657,159922.SZ,SZ,xtdata.get_stock_list_in_sector
2026-07-14,2026-07-14 23:28:36,沪深ETF,658,159923.SZ,SZ,xtdata.get_stock_list_in_sector
2026-07-14,2026-07-14 23:28:36,沪深ETF,659,159925.SZ,SZ,xtdata.get_stock_list_in_sector
2026-07-14,2026-07-14 23:28:36,沪深ETF,660,159928.SZ,SZ,xtdata.get_stock_list_in_sector
2026-07-14,2026-07-14 23:28:36,沪深ETF,661,159929.SZ,SZ,xtdata.get_stock_list_in_sector
2026-07-14,2026-07-14 23:28:36,沪深ETF,662,159930.SZ,SZ,xtdata.get_stock_list_in_sector
2026-07-14,2026-07-14 23:28:36,沪深ETF,663,159931.SZ,SZ,xtdata.get_stock_list_in_sector
2026-07-14,2026-07-14 23:28:36,沪深ETF,664,159933.SZ,SZ,xtdata.get_stock_list_in_sector
2026-07-14,2026-07-14 23:28:36,沪深ETF,665,159934.SZ,SZ,xtdata.get_stock_list_in_sector
2026-07-14,2026-07-14 23:28:36,沪深ETF,666,159935.SZ,SZ,xtdata.get_stock_list_in_sector
2026-07-14,2026-07-14 23:28:36,沪深ETF,667,159936.SZ,SZ,xtdata.get_stock_list_in_sector
2026-07-14,2026-07-14 23:28:36,沪深ETF,668,159937.SZ,SZ,xtdata.get_stock_list_in_sector
2026-07-14,2026-07-14 23:28:36,沪深ETF,669,159938.SZ,SZ,xtdata.get_stock_list_in_sector
2026-07-14,2026-07-14 23:28:36,沪深ETF,670,159939.SZ,SZ,xtdata.get_stock_list_in_sector
2026-07-14,2026-07-14 23:28:36,沪深ETF,671,159940.SZ,SZ,xtdata.get_stock_list_in_sector
2026-07-14,2026-07-14 23:28:36,沪深ETF,672,159941.SZ,SZ,xtdata.get_stock_list_in_sector
2026-07-14,2026-07-14 23:28:36,沪深ETF,673,159943.SZ,SZ,xtdata.get_stock_list_in_sector
2026-07-14,2026-07-14 23:28:36,沪深ETF,674,159944.SZ,SZ,xtdata.get_stock_list_in_sector
2026-07-14,2026-07-14 23:28:36,沪深ETF,675,159945.SZ,SZ,xtdata.get_stock_list_in_sector
2026-07-14,2026-07-14 23:28:36,沪深ETF,676,159948.SZ,SZ,xtdata.get_stock_list_in_sector
2026-07-14,2026-07-14 23:28:36,沪深ETF,677,159949.SZ,SZ,xtdata.get_stock_list_in_sector
2026-07-14,2026-07-14 23:28:36,沪深ETF,678,159952.SZ,SZ,xtdata.get_stock_list_in_sector
2026-07-14,2026-07-14 23:28:36,沪深ETF,679,159954.SZ,SZ,xtdata.get_stock_list_in_sector
2026-07-14,2026-07-14 23:28:36,沪深ETF,680,159956.SZ,SZ,xtdata.get_stock_list_in_sector
2026-07-14,2026-07-14 23:28:36,沪深ETF,681,159957.SZ,SZ,xtdata.get_stock_list_in_sector
2026-07-14,2026-07-14 23:28:36,沪深ETF,682,159958.SZ,SZ,xtdata.get_stock_list_in_sector
2026-07-14,2026-07-14 23:28:36,沪深ETF,683,159959.SZ,SZ,xtdata.get_stock_list_in_sector
2026-07-14,2026-07-14 23:28:36,沪深ETF,684,159960.SZ,SZ,xtdata.get_stock_list_in_sector
2026-07-14,2026-07-14 23:28:36,沪深ETF,685,159961.SZ,SZ,xtdata.get_stock_list_in_sector
2026-07-14,2026-07-14 23:28:36,沪深ETF,686,159964.SZ,SZ,xtdata.get_stock_list_in_sector
2026-07-14,2026-07-14 23:28:36,沪深ETF,687,159965.SZ,SZ,xtdata.get_stock_list_in_sector
2026-07-14,2026-07-14 23:28:36,沪深ETF,688,159966.SZ,SZ,xtdata.get_stock_list_in_sector
2026-07-14,2026-07-14 23:28:36,沪深ETF,689,159967.SZ,SZ,xtdata.get_stock_list_in_sector
2026-07-14,2026-07-14 23:28:36,沪深ETF,690,159968.SZ,SZ,xtdata.get_stock_list_in_sector
2026-07-14,2026-07-14 23:28:36,沪深ETF,691,159970.SZ,SZ,xtdata.get_stock_list_in_sector
2026-07-14,2026-07-14 23:28:36,沪深ETF,692,159971.SZ,SZ,xtdata.get_stock_list_in_sector
2026-07-14,2026-07-14 23:28:36,沪深ETF,693,159972.SZ,SZ,xtdata.get_stock_list_in_sector
2026-07-14,2026-07-14 23:28:36,沪深ETF,694,159973.SZ,SZ,xtdata.get_stock_list_in_sector
2026-07-14,2026-07-14 23:28:36,沪深ETF,695,159974.SZ,SZ,xtdata.get_stock_list_in_sector
2026-07-14,2026-07-14 23:28:36,沪深ETF,696,159975.SZ,SZ,xtdata.get_stock_list_in_sector
2026-07-14,2026-07-14 23:28:36,沪深ETF,697,159976.SZ,SZ,xtdata.get_stock_list_in_sector
2026-07-14,2026-07-14 23:28:36,沪深ETF,698,159977.SZ,SZ,xtdata.get_stock_list_in_sector
2026-07-14,2026-07-14 23:28:36,沪深ETF,699,159980.SZ,SZ,xtdata.get_stock_list_in_sector
2026-07-14,2026-07-14 23:28:36,沪深ETF,700,159981.SZ,SZ,xtdata.get_stock_list_in_sector
2026-07-14,2026-07-14 23:28:36,沪深ETF,701,159982.SZ,SZ,xtdata.get_stock_list_in_sector
2026-07-14,2026-07-14 23:28:36,沪深ETF,702,159985.SZ,SZ,xtdata.get_stock_list_in_sector
2026-07-14,2026-07-14 23:28:36,沪深ETF,703,159991.SZ,SZ,xtdata.get_stock_list_in_sector
2026-07-14,2026-07-14 23:28:36,沪深ETF,704,159992.SZ,SZ,xtdata.get_stock_list_in_sector
2026-07-14,2026-07-14 23:28:36,沪深ETF,705,159993.SZ,SZ,xtdata.get_stock_list_in_sector
2026-07-14,2026-07-14 23:28:36,沪深ETF,706,159994.SZ,SZ,xtdata.get_stock_list_in_sector
2026-07-14,2026-07-14 23:28:36,沪深ETF,707,159995.SZ,SZ,xtdata.get_stock_list_in_sector
2026-07-14,2026-07-14 23:28:36,沪深ETF,708,159996.SZ,SZ,xtdata.get_stock_list_in_sector
2026-07-14,2026-07-14 23:28:36,沪深ETF,709,159997.SZ,SZ,xtdata.get_stock_list_in_sector
2026-07-14,2026-07-14 23:28:36,沪深ETF,710,159998.SZ,SZ,xtdata.get_stock_list_in_sector
2026-07-14,2026-07-14 23:28:36,沪深ETF,711,510010.SH,SH,xtdata.get_stock_list_in_sector
2026-07-14,2026-07-14 23:28:36,沪深ETF,712,510020.SH,SH,xtdata.get_stock_list_in_sector
2026-07-14,2026-07-14 23:28:36,沪深ETF,713,510030.SH,SH,xtdata.get_stock_list_in_sector
2026-07-14,2026-07-14 23:28:36,沪深ETF,714,510040.SH,SH,xtdata.get_stock_list_in_sector
2026-07-14,2026-07-14 23:28:36,沪深ETF,715,510050.SH,SH,xtdata.get_stock_list_in_sector
2026-07-14,2026-07-14 23:28:36,沪深ETF,716,510060.SH,SH,xtdata.get_stock_list_in_sector
2026-07-14,2026-07-14 23:28:36,沪深ETF,717,510090.SH,SH,xtdata.get_stock_list_in_sector
2026-07-14,2026-07-14 23:28:36,沪深ETF,718,510100.SH,SH,xtdata.get_stock_list_in_sector
2026-07-14,2026-07-14 23:28:36,沪深ETF,719,510130.SH,SH,xtdata.get_stock_list_in_sector
2026-07-14,2026-07-14 23:28:36,沪深ETF,720,510140.SH,SH,xtdata.get_stock_list_in_sector
2026-07-14,2026-07-14 23:28:36,沪深ETF,721,510143.SH,SH,xtdata.get_stock_list_in_sector
2026-07-14,2026-07-14 23:28:36,沪深ETF,722,510150.SH,SH,xtdata.get_stock_list_in_sector
2026-07-14,2026-07-14 23:28:36,沪深ETF,723,510160.SH,SH,xtdata.get_stock_list_in_sector
2026-07-14,2026-07-14 23:28:36,沪深ETF,724,510170.SH,SH,xtdata.get_stock_list_in_sector
2026-07-14,2026-07-14 23:28:36,沪深ETF,725,510180.SH,SH,xtdata.get_stock_list_in_sector
2026-07-14,2026-07-14 23:28:36,沪深ETF,726,510190.SH,SH,xtdata.get_stock_list_in_sector
2026-07-14,2026-07-14 23:28:36,沪深ETF,727,510200.SH,SH,xtdata.get_stock_list_in_sector
2026-07-14,2026-07-14 23:28:36,沪深ETF,728,510210.SH,SH,xtdata.get_stock_list_in_sector
2026-07-14,2026-07-14 23:28:36,沪深ETF,729,510230.SH,SH,xtdata.get_stock_list_in_sector
2026-07-14,2026-07-14 23:28:36,沪深ETF,730,510270.SH,SH,xtdata.get_stock_list_in_sector
2026-07-14,2026-07-14 23:28:36,沪深ETF,731,510290.SH,SH,xtdata.get_stock_list_in_sector
2026-07-14,2026-07-14 23:28:36,沪深ETF,732,510300.SH,SH,xtdata.get_stock_list_in_sector
2026-07-14,2026-07-14 23:28:36,沪深ETF,733,510310.SH,SH,xtdata.get_stock_list_in_sector
2026-07-14,2026-07-14 23:28:36,沪深ETF,734,510320.SH,SH,xtdata.get_stock_list_in_sector
2026-07-14,2026-07-14 23:28:36,沪深ETF,735,510330.SH,SH,xtdata.get_stock_list_in_sector
2026-07-14,2026-07-14 23:28:36,沪深ETF,736,510350.SH,SH,xtdata.get_stock_list_in_sector
2026-07-14,2026-07-14 23:28:36,沪深ETF,737,510360.SH,SH,xtdata.get_stock_list_in_sector
2026-07-14,2026-07-14 23:28:36,沪深ETF,738,510370.SH,SH,xtdata.get_stock_list_in_sector
2026-07-14,2026-07-14 23:28:36,沪深ETF,739,510380.SH,SH,xtdata.get_stock_list_in_sector
2026-07-14,2026-07-14 23:28:36,沪深ETF,740,510390.SH,SH,xtdata.get_stock_list_in_sector
2026-07-14,2026-07-14 23:28:36,沪深ETF,741,510410.SH,SH,xtdata.get_stock_list_in_sector
2026-07-14,2026-07-14 23:28:36,沪深ETF,742,510500.SH,SH,xtdata.get_stock_list_in_sector
2026-07-14,2026-07-14 23:28:36,沪深ETF,743,510510.SH,SH,xtdata.get_stock_list_in_sector
2026-07-14,2026-07-14 23:28:36,沪深ETF,744,510530.SH,SH,xtdata.get_stock_list_in_sector
2026-07-14,2026-07-14 23:28:36,沪深ETF,745,510550.SH,SH,xtdata.get_stock_list_in_sector
2026-07-14,2026-07-14 23:28:36,沪深ETF,746,510560.SH,SH,xtdata.get_stock_list_in_sector
2026-07-14,2026-07-14 23:28:36,沪深ETF,747,510570.SH,SH,xtdata.get_stock_list_in_sector
2026-07-14,2026-07-14 23:28:36,沪深ETF,748,510580.SH,SH,xtdata.get_stock_list_in_sector
2026-07-14,2026-07-14 23:28:36,沪深ETF,749,510590.SH,SH,xtdata.get_stock_list_in_sector
2026-07-14,2026-07-14 23:28:36,沪深ETF,750,510600.SH,SH,xtdata.get_stock_list_in_sector
2026-07-14,2026-07-14 23:28:36,沪深ETF,751,510630.SH,SH,xtdata.get_stock_list_in_sector
2026-07-14,2026-07-14 23:28:36,沪深ETF,752,510650.SH,SH,xtdata.get_stock_list_in_sector
2026-07-14,2026-07-14 23:28:36,沪深ETF,753,510660.SH,SH,xtdata.get_stock_list_in_sector
2026-07-14,2026-07-14 23:28:36,沪深ETF,754,510670.SH,SH,xtdata.get_stock_list_in_sector
2026-07-14,2026-07-14 23:28:36,沪深ETF,755,510680.SH,SH,xtdata.get_stock_list_in_sector
2026-07-14,2026-07-14 23:28:36,沪深ETF,756,510710.SH,SH,xtdata.get_stock_list_in_sector
2026-07-14,2026-07-14 23:28:36,沪深ETF,757,510720.SH,SH,xtdata.get_stock_list_in_sector
2026-07-14,2026-07-14 23:28:36,沪深ETF,758,510760.SH,SH,xtdata.get_stock_list_in_sector
2026-07-14,2026-07-14 23:28:36,沪深ETF,759,510770.SH,SH,xtdata.get_stock_list_in_sector
2026-07-14,2026-07-14 23:28:36,沪深ETF,760,510800.SH,SH,xtdata.get_stock_list_in_sector
2026-07-14,2026-07-14 23:28:36,沪深ETF,761,510810.SH,SH,xtdata.get_stock_list_in_sector
2026-07-14,2026-07-14 23:28:36,沪深ETF,762,510850.SH,SH,xtdata.get_stock_list_in_sector
2026-07-14,2026-07-14 23:28:36,沪深ETF,763,510880.SH,SH,xtdata.get_stock_list_in_sector
2026-07-14,2026-07-14 23:28:36,沪深ETF,764,510900.SH,SH,xtdata.get_stock_list_in_sector
2026-07-14,2026-07-14 23:28:36,沪深ETF,765,510910.SH,SH,xtdata.get_stock_list_in_sector
2026-07-14,2026-07-14 23:28:36,沪深ETF,766,510950.SH,SH,xtdata.get_stock_list_in_sector
2026-07-14,2026-07-14 23:28:36,沪深ETF,767,510980.SH,SH,xtdata.get_stock_list_in_sector
2026-07-14,2026-07-14 23:28:36,沪深ETF,768,510990.SH,SH,xtdata.get_stock_list_in_sector
2026-07-14,2026-07-14 23:28:36,沪深ETF,769,511010.SH,SH,xtdata.get_stock_list_in_sector
2026-07-14,2026-07-14 23:28:36,沪深ETF,770,511020.SH,SH,xtdata.get_stock_list_in_sector
2026-07-14,2026-07-14 23:28:36,沪深ETF,771,511030.SH,SH,xtdata.get_stock_list_in_sector
2026-07-14,2026-07-14 23:28:36,沪深ETF,772,511060.SH,SH,xtdata.get_stock_list_in_sector
2026-07-14,2026-07-14 23:28:36,沪深ETF,773,511070.SH,SH,xtdata.get_stock_list_in_sector
2026-07-14,2026-07-14 23:28:36,沪深ETF,774,511090.SH,SH,xtdata.get_stock_list_in_sector
2026-07-14,2026-07-14 23:28:36,沪深ETF,775,511100.SH,SH,xtdata.get_stock_list_in_sector
2026-07-14,2026-07-14 23:28:36,沪深ETF,776,511110.SH,SH,xtdata.get_stock_list_in_sector
2026-07-14,2026-07-14 23:28:36,沪深ETF,777,511120.SH,SH,xtdata.get_stock_list_in_sector
2026-07-14,2026-07-14 23:28:36,沪深ETF,778,511130.SH,SH,xtdata.get_stock_list_in_sector
2026-07-14,2026-07-14 23:28:36,沪深ETF,779,511150.SH,SH,xtdata.get_stock_list_in_sector
2026-07-14,2026-07-14 23:28:36,沪深ETF,780,511160.SH,SH,xtdata.get_stock_list_in_sector
2026-07-14,2026-07-14 23:28:36,沪深ETF,781,511180.SH,SH,xtdata.get_stock_list_in_sector
2026-07-14,2026-07-14 23:28:36,沪深ETF,782,511190.SH,SH,xtdata.get_stock_list_in_sector
2026-07-14,2026-07-14 23:28:36,沪深ETF,783,511200.SH,SH,xtdata.get_stock_list_in_sector
2026-07-14,2026-07-14 23:28:36,沪深ETF,784,511220.SH,SH,xtdata.get_stock_list_in_sector
2026-07-14,2026-07-14 23:28:36,沪深ETF,785,511260.SH,SH,xtdata.get_stock_list_in_sector
2026-07-14,2026-07-14 23:28:36,沪深ETF,786,511270.SH,SH,xtdata.get_stock_list_in_sector
2026-07-14,2026-07-14 23:28:36,沪深ETF,787,511360.SH,SH,xtdata.get_stock_list_in_sector
2026-07-14,2026-07-14 23:28:36,沪深ETF,788,511380.SH,SH,xtdata.get_stock_list_in_sector
2026-07-14,2026-07-14 23:28:36,沪深ETF,789,511520.SH,SH,xtdata.get_stock_list_in_sector
2026-07-14,2026-07-14 23:28:36,沪深ETF,790,511580.SH,SH,xtdata.get_stock_list_in_sector
2026-07-14,2026-07-14 23:28:36,沪深ETF,791,511600.SH,SH,xtdata.get_stock_list_in_sector
2026-07-14,2026-07-14 23:28:36,沪深ETF,792,511620.SH,SH,xtdata.get_stock_list_in_sector
2026-07-14,2026-07-14 23:28:36,沪深ETF,793,511650.SH,SH,xtdata.get_stock_list_in_sector
2026-07-14,2026-07-14 23:28:36,沪深ETF,794,511660.SH,SH,xtdata.get_stock_list_in_sector
2026-07-14,2026-07-14 23:28:36,沪深ETF,795,511670.SH,SH,xtdata.get_stock_list_in_sector
2026-07-14,2026-07-14 23:28:36,沪深ETF,796,511690.SH,SH,xtdata.get_stock_list_in_sector
2026-07-14,2026-07-14 23:28:36,沪深ETF,797,511700.SH,SH,xtdata.get_stock_list_in_sector
2026-07-14,2026-07-14 23:28:36,沪深ETF,798,511770.SH,SH,xtdata.get_stock_list_in_sector
2026-07-14,2026-07-14 23:28:36,沪深ETF,799,511800.SH,SH,xtdata.get_stock_list_in_sector
2026-07-14,2026-07-14 23:28:36,沪深ETF,800,511810.SH,SH,xtdata.get_stock_list_in_sector
2026-07-14,2026-07-14 23:28:36,沪深ETF,801,511820.SH,SH,xtdata.get_stock_list_in_sector
2026-07-14,2026-07-14 23:28:36,沪深ETF,802,511830.SH,SH,xtdata.get_stock_list_in_sector
2026-07-14,2026-07-14 23:28:36,沪深ETF,803,511850.SH,SH,xtdata.get_stock_list_in_sector
2026-07-14,2026-07-14 23:28:36,沪深ETF,804,511860.SH,SH,xtdata.get_stock_list_in_sector
2026-07-14,2026-07-14 23:28:36,沪深ETF,805,511880.SH,SH,xtdata.get_stock_list_in_sector
2026-07-14,2026-07-14 23:28:36,沪深ETF,806,511900.SH,SH,xtdata.get_stock_list_in_sector
2026-07-14,2026-07-14 23:28:36,沪深ETF,807,511910.SH,SH,xtdata.get_stock_list_in_sector
2026-07-14,2026-07-14 23:28:36,沪深ETF,808,511920.SH,SH,xtdata.get_stock_list_in_sector
2026-07-14,2026-07-14 23:28:36,沪深ETF,809,511930.SH,SH,xtdata.get_stock_list_in_sector
2026-07-14,2026-07-14 23:28:36,沪深ETF,810,511950.SH,SH,xtdata.get_stock_list_in_sector
2026-07-14,2026-07-14 23:28:36,沪深ETF,811,511960.SH,SH,xtdata.get_stock_list_in_sector
2026-07-14,2026-07-14 23:28:36,沪深ETF,812,511970.SH,SH,xtdata.get_stock_list_in_sector
2026-07-14,2026-07-14 23:28:36,沪深ETF,813,511980.SH,SH,xtdata.get_stock_list_in_sector
2026-07-14,2026-07-14 23:28:36,沪深ETF,814,511990.SH,SH,xtdata.get_stock_list_in_sector
2026-07-14,2026-07-14 23:28:36,沪深ETF,815,512000.SH,SH,xtdata.get_stock_list_in_sector
2026-07-14,2026-07-14 23:28:36,沪深ETF,816,512010.SH,SH,xtdata.get_stock_list_in_sector
2026-07-14,2026-07-14 23:28:36,沪深ETF,817,512020.SH,SH,xtdata.get_stock_list_in_sector
2026-07-14,2026-07-14 23:28:36,沪深ETF,818,512030.SH,SH,xtdata.get_stock_list_in_sector
2026-07-14,2026-07-14 23:28:36,沪深ETF,819,512040.SH,SH,xtdata.get_stock_list_in_sector
2026-07-14,2026-07-14 23:28:36,沪深ETF,820,512050.SH,SH,xtdata.get_stock_list_in_sector
2026-07-14,2026-07-14 23:28:36,沪深ETF,821,512060.SH,SH,xtdata.get_stock_list_in_sector
2026-07-14,2026-07-14 23:28:36,沪深ETF,822,512070.SH,SH,xtdata.get_stock_list_in_sector
2026-07-14,2026-07-14 23:28:36,沪深ETF,823,512080.SH,SH,xtdata.get_stock_list_in_sector
2026-07-14,2026-07-14 23:28:36,沪深ETF,824,512090.SH,SH,xtdata.get_stock_list_in_sector
2026-07-14,2026-07-14 23:28:36,沪深ETF,825,512100.SH,SH,xtdata.get_stock_list_in_sector
2026-07-14,2026-07-14 23:28:36,沪深ETF,826,512120.SH,SH,xtdata.get_stock_list_in_sector
2026-07-14,2026-07-14 23:28:36,沪深ETF,827,512130.SH,SH,xtdata.get_stock_list_in_sector
2026-07-14,2026-07-14 23:28:36,沪深ETF,828,512140.SH,SH,xtdata.get_stock_list_in_sector
2026-07-14,2026-07-14 23:28:36,沪深ETF,829,512150.SH,SH,xtdata.get_stock_list_in_sector
2026-07-14,2026-07-14 23:28:36,沪深ETF,830,512160.SH,SH,xtdata.get_stock_list_in_sector
2026-07-14,2026-07-14 23:28:36,沪深ETF,831,512170.SH,SH,xtdata.get_stock_list_in_sector
2026-07-14,2026-07-14 23:28:36,沪深ETF,832,512180.SH,SH,xtdata.get_stock_list_in_sector
2026-07-14,2026-07-14 23:28:36,沪深ETF,833,512190.SH,SH,xtdata.get_stock_list_in_sector
2026-07-14,2026-07-14 23:28:36,沪深ETF,834,512200.SH,SH,xtdata.get_stock_list_in_sector
2026-07-14,2026-07-14 23:28:36,沪深ETF,835,512220.SH,SH,xtdata.get_stock_list_in_sector
2026-07-14,2026-07-14 23:28:36,沪深ETF,836,512240.SH,SH,xtdata.get_stock_list_in_sector
2026-07-14,2026-07-14 23:28:36,沪深ETF,837,512250.SH,SH,xtdata.get_stock_list_in_sector
2026-07-14,2026-07-14 23:28:36,沪深ETF,838,512260.SH,SH,xtdata.get_stock_list_in_sector
2026-07-14,2026-07-14 23:28:36,沪深ETF,839,512290.SH,SH,xtdata.get_stock_list_in_sector
2026-07-14,2026-07-14 23:28:36,沪深ETF,840,512330.SH,SH,xtdata.get_stock_list_in_sector
2026-07-14,2026-07-14 23:28:36,沪深ETF,841,512360.SH,SH,xtdata.get_stock_list_in_sector
2026-07-14,2026-07-14 23:28:36,沪深ETF,842,512370.SH,SH,xtdata.get_stock_list_in_sector
2026-07-14,2026-07-14 23:28:36,沪深ETF,843,512380.SH,SH,xtdata.get_stock_list_in_sector
2026-07-14,2026-07-14 23:28:36,沪深ETF,844,512390.SH,SH,xtdata.get_stock_list_in_sector
2026-07-14,2026-07-14 23:28:36,沪深ETF,845,512400.SH,SH,xtdata.get_stock_list_in_sector
2026-07-14,2026-07-14 23:28:36,沪深ETF,846,512410.SH,SH,xtdata.get_stock_list_in_sector
2026-07-14,2026-07-14 23:28:36,沪深ETF,847,512413.SH,SH,xtdata.get_stock_list_in_sector
2026-07-14,2026-07-14 23:28:36,沪深ETF,848,512423.SH,SH,xtdata.get_stock_list_in_sector
2026-07-14,2026-07-14 23:28:36,沪深ETF,849,512424.SH,SH,xtdata.get_stock_list_in_sector
2026-07-14,2026-07-14 23:28:36,沪深ETF,850,512430.SH,SH,xtdata.get_stock_list_in_sector
2026-07-14,2026-07-14 23:28:36,沪深ETF,851,512450.SH,SH,xtdata.get_stock_list_in_sector
2026-07-14,2026-07-14 23:28:36,沪深ETF,852,512460.SH,SH,xtdata.get_stock_list_in_sector
2026-07-14,2026-07-14 23:28:36,沪深ETF,853,512480.SH,SH,xtdata.get_stock_list_in_sector
2026-07-14,2026-07-14 23:28:36,沪深ETF,854,512500.SH,SH,xtdata.get_stock_list_in_sector
2026-07-14,2026-07-14 23:28:36,沪深ETF,855,512510.SH,SH,xtdata.get_stock_list_in_sector
2026-07-14,2026-07-14 23:28:36,沪深ETF,856,512520.SH,SH,xtdata.get_stock_list_in_sector
2026-07-14,2026-07-14 23:28:36,沪深ETF,857,512530.SH,SH,xtdata.get_stock_list_in_sector
2026-07-14,2026-07-14 23:28:36,沪深ETF,858,512550.SH,SH,xtdata.get_stock_list_in_sector
2026-07-14,2026-07-14 23:28:36,沪深ETF,859,512560.SH,SH,xtdata.get_stock_list_in_sector
2026-07-14,2026-07-14 23:28:36,沪深ETF,860,512570.SH,SH,xtdata.get_stock_list_in_sector
2026-07-14,2026-07-14 23:28:36,沪深ETF,861,512580.SH,SH,xtdata.get_stock_list_in_sector
2026-07-14,2026-07-14 23:28:36,沪深ETF,862,512600.SH,SH,xtdata.get_stock_list_in_sector
2026-07-14,2026-07-14 23:28:36,沪深ETF,863,512620.SH,SH,xtdata.get_stock_list_in_sector
2026-07-14,2026-07-14 23:28:36,沪深ETF,864,512630.SH,SH,xtdata.get_stock_list_in_sector
2026-07-14,2026-07-14 23:28:36,沪深ETF,865,512640.SH,SH,xtdata.get_stock_list_in_sector
2026-07-14,2026-07-14 23:28:36,沪深ETF,866,512650.SH,SH,xtdata.get_stock_list_in_sector
2026-07-14,2026-07-14 23:28:36,沪深ETF,867,512660.SH,SH,xtdata.get_stock_list_in_sector
2026-07-14,2026-07-14 23:28:36,沪深ETF,868,512670.SH,SH,xtdata.get_stock_list_in_sector
2026-07-14,2026-07-14 23:28:36,沪深ETF,869,512680.SH,SH,xtdata.get_stock_list_in_sector
2026-07-14,2026-07-14 23:28:36,沪深ETF,870,512690.SH,SH,xtdata.get_stock_list_in_sector
2026-07-14,2026-07-14 23:28:36,沪深ETF,871,512700.SH,SH,xtdata.get_stock_list_in_sector
2026-07-14,2026-07-14 23:28:36,沪深ETF,872,512710.SH,SH,xtdata.get_stock_list_in_sector
2026-07-14,2026-07-14 23:28:36,沪深ETF,873,512720.SH,SH,xtdata.get_stock_list_in_sector
2026-07-14,2026-07-14 23:28:36,沪深ETF,874,512730.SH,SH,xtdata.get_stock_list_in_sector
2026-07-14,2026-07-14 23:28:36,沪深ETF,875,512750.SH,SH,xtdata.get_stock_list_in_sector
2026-07-14,2026-07-14 23:28:36,沪深ETF,876,512760.SH,SH,xtdata.get_stock_list_in_sector
2026-07-14,2026-07-14 23:28:36,沪深ETF,877,512770.SH,SH,xtdata.get_stock_list_in_sector
2026-07-14,2026-07-14 23:28:36,沪深ETF,878,512800.SH,SH,xtdata.get_stock_list_in_sector
2026-07-14,2026-07-14 23:28:36,沪深ETF,879,512810.SH,SH,xtdata.get_stock_list_in_sector
2026-07-14,2026-07-14 23:28:36,沪深ETF,880,512820.SH,SH,xtdata.get_stock_list_in_sector
2026-07-14,2026-07-14 23:28:36,沪深ETF,881,512870.SH,SH,xtdata.get_stock_list_in_sector
2026-07-14,2026-07-14 23:28:36,沪深ETF,882,512880.SH,SH,xtdata.get_stock_list_in_sector
2026-07-14,2026-07-14 23:28:36,沪深ETF,883,512890.SH,SH,xtdata.get_stock_list_in_sector
2026-07-14,2026-07-14 23:28:36,沪深ETF,884,512900.SH,SH,xtdata.get_stock_list_in_sector
2026-07-14,2026-07-14 23:28:36,沪深ETF,885,512910.SH,SH,xtdata.get_stock_list_in_sector
2026-07-14,2026-07-14 23:28:36,沪深ETF,886,512930.SH,SH,xtdata.get_stock_list_in_sector
2026-07-14,2026-07-14 23:28:36,沪深ETF,887,512940.SH,SH,xtdata.get_stock_list_in_sector
2026-07-14,2026-07-14 23:28:36,沪深ETF,888,512950.SH,SH,xtdata.get_stock_list_in_sector
2026-07-14,2026-07-14 23:28:36,沪深ETF,889,512960.SH,SH,xtdata.get_stock_list_in_sector
2026-07-14,2026-07-14 23:28:36,沪深ETF,890,512970.SH,SH,xtdata.get_stock_list_in_sector
2026-07-14,2026-07-14 23:28:36,沪深ETF,891,512980.SH,SH,xtdata.get_stock_list_in_sector
2026-07-14,2026-07-14 23:28:36,沪深ETF,892,512990.SH,SH,xtdata.get_stock_list_in_sector
2026-07-14,2026-07-14 23:28:36,沪深ETF,893,513000.SH,SH,xtdata.get_stock_list_in_sector
2026-07-14,2026-07-14 23:28:36,沪深ETF,894,513010.SH,SH,xtdata.get_stock_list_in_sector
2026-07-14,2026-07-14 23:28:36,沪深ETF,895,513020.SH,SH,xtdata.get_stock_list_in_sector
2026-07-14,2026-07-14 23:28:36,沪深ETF,896,513030.SH,SH,xtdata.get_stock_list_in_sector
2026-07-14,2026-07-14 23:28:36,沪深ETF,897,513040.SH,SH,xtdata.get_stock_list_in_sector
2026-07-14,2026-07-14 23:28:36,沪深ETF,898,513050.SH,SH,xtdata.get_stock_list_in_sector
2026-07-14,2026-07-14 23:28:36,沪深ETF,899,513060.SH,SH,xtdata.get_stock_list_in_sector
2026-07-14,2026-07-14 23:28:36,沪深ETF,900,513070.SH,SH,xtdata.get_stock_list_in_sector
2026-07-14,2026-07-14 23:28:36,沪深ETF,901,513080.SH,SH,xtdata.get_stock_list_in_sector
2026-07-14,2026-07-14 23:28:36,沪深ETF,902,513090.SH,SH,xtdata.get_stock_list_in_sector
2026-07-14,2026-07-14 23:28:36,沪深ETF,903,513100.SH,SH,xtdata.get_stock_list_in_sector
2026-07-14,2026-07-14 23:28:36,沪深ETF,904,513110.SH,SH,xtdata.get_stock_list_in_sector
2026-07-14,2026-07-14 23:28:36,沪深ETF,905,513120.SH,SH,xtdata.get_stock_list_in_sector
2026-07-14,2026-07-14 23:28:36,沪深ETF,906,513130.SH,SH,xtdata.get_stock_list_in_sector
2026-07-14,2026-07-14 23:28:36,沪深ETF,907,513140.SH,SH,xtdata.get_stock_list_in_sector
2026-07-14,2026-07-14 23:28:36,沪深ETF,908,513150.SH,SH,xtdata.get_stock_list_in_sector
2026-07-14,2026-07-14 23:28:36,沪深ETF,909,513160.SH,SH,xtdata.get_stock_list_in_sector
2026-07-14,2026-07-14 23:28:36,沪深ETF,910,513170.SH,SH,xtdata.get_stock_list_in_sector
2026-07-14,2026-07-14 23:28:36,沪深ETF,911,513180.SH,SH,xtdata.get_stock_list_in_sector
2026-07-14,2026-07-14 23:28:36,沪深ETF,912,513190.SH,SH,xtdata.get_stock_list_in_sector
2026-07-14,2026-07-14 23:28:36,沪深ETF,913,513200.SH,SH,xtdata.get_stock_list_in_sector
2026-07-14,2026-07-14 23:28:36,沪深ETF,914,513210.SH,SH,xtdata.get_stock_list_in_sector
2026-07-14,2026-07-14 23:28:36,沪深ETF,915,513220.SH,SH,xtdata.get_stock_list_in_sector
2026-07-14,2026-07-14 23:28:36,沪深ETF,916,513230.SH,SH,xtdata.get_stock_list_in_sector
2026-07-14,2026-07-14 23:28:36,沪深ETF,917,513240.SH,SH,xtdata.get_stock_list_in_sector
2026-07-14,2026-07-14 23:28:36,沪深ETF,918,513260.SH,SH,xtdata.get_stock_list_in_sector
2026-07-14,2026-07-14 23:28:36,沪深ETF,919,513280.SH,SH,xtdata.get_stock_list_in_sector
2026-07-14,2026-07-14 23:28:36,沪深ETF,920,513290.SH,SH,xtdata.get_stock_list_in_sector
2026-07-14,2026-07-14 23:28:36,沪深ETF,921,513300.SH,SH,xtdata.get_stock_list_in_sector
2026-07-14,2026-07-14 23:28:36,沪深ETF,922,513310.SH,SH,xtdata.get_stock_list_in_sector
2026-07-14,2026-07-14 23:28:36,沪深ETF,923,513320.SH,SH,xtdata.get_stock_list_in_sector
2026-07-14,2026-07-14 23:28:36,沪深ETF,924,513330.SH,SH,xtdata.get_stock_list_in_sector
2026-07-14,2026-07-14 23:28:36,沪深ETF,925,513350.SH,SH,xtdata.get_stock_list_in_sector
2026-07-14,2026-07-14 23:28:36,沪深ETF,926,513360.SH,SH,xtdata.get_stock_list_in_sector
2026-07-14,2026-07-14 23:28:36,沪深ETF,927,513380.SH,SH,xtdata.get_stock_list_in_sector
2026-07-14,2026-07-14 23:28:36,沪深ETF,928,513390.SH,SH,xtdata.get_stock_list_in_sector
2026-07-14,2026-07-14 23:28:36,沪深ETF,929,513400.SH,SH,xtdata.get_stock_list_in_sector
2026-07-14,2026-07-14 23:28:36,沪深ETF,930,513500.SH,SH,xtdata.get_stock_list_in_sector
2026-07-14,2026-07-14 23:28:36,沪深ETF,931,513520.SH,SH,xtdata.get_stock_list_in_sector
2026-07-14,2026-07-14 23:28:36,沪深ETF,932,513530.SH,SH,xtdata.get_stock_list_in_sector
2026-07-14,2026-07-14 23:28:36,沪深ETF,933,513550.SH,SH,xtdata.get_stock_list_in_sector
2026-07-14,2026-07-14 23:28:36,沪深ETF,934,513560.SH,SH,xtdata.get_stock_list_in_sector
2026-07-14,2026-07-14 23:28:36,沪深ETF,935,513580.SH,SH,xtdata.get_stock_list_in_sector
2026-07-14,2026-07-14 23:28:36,沪深ETF,936,513590.SH,SH,xtdata.get_stock_list_in_sector
2026-07-14,2026-07-14 23:28:36,沪深ETF,937,513600.SH,SH,xtdata.get_stock_list_in_sector
2026-07-14,2026-07-14 23:28:36,沪深ETF,938,513620.SH,SH,xtdata.get_stock_list_in_sector
2026-07-14,2026-07-14 23:28:36,沪深ETF,939,513630.SH,SH,xtdata.get_stock_list_in_sector
2026-07-14,2026-07-14 23:28:36,沪深ETF,940,513650.SH,SH,xtdata.get_stock_list_in_sector
2026-07-14,2026-07-14 23:28:36,沪深ETF,941,513660.SH,SH,xtdata.get_stock_list_in_sector
2026-07-14,2026-07-14 23:28:36,沪深ETF,942,513690.SH,SH,xtdata.get_stock_list_in_sector
2026-07-14,2026-07-14 23:28:36,沪深ETF,943,513700.SH,SH,xtdata.get_stock_list_in_sector
2026-07-14,2026-07-14 23:28:36,沪深ETF,944,513720.SH,SH,xtdata.get_stock_list_in_sector
2026-07-14,2026-07-14 23:28:36,沪深ETF,945,513730.SH,SH,xtdata.get_stock_list_in_sector
2026-07-14,2026-07-14 23:28:36,沪深ETF,946,513750.SH,SH,xtdata.get_stock_list_in_sector
2026-07-14,2026-07-14 23:28:36,沪深ETF,947,513770.SH,SH,xtdata.get_stock_list_in_sector
2026-07-14,2026-07-14 23:28:36,沪深ETF,948,513780.SH,SH,xtdata.get_stock_list_in_sector
2026-07-14,2026-07-14 23:28:36,沪深ETF,949,513800.SH,SH,xtdata.get_stock_list_in_sector
2026-07-14,2026-07-14 23:28:36,沪深ETF,950,513810.SH,SH,xtdata.get_stock_list_in_sector
2026-07-14,2026-07-14 23:28:36,沪深ETF,951,513820.SH,SH,xtdata.get_stock_list_in_sector
2026-07-14,2026-07-14 23:28:36,沪深ETF,952,513830.SH,SH,xtdata.get_stock_list_in_sector
2026-07-14,2026-07-14 23:28:36,沪深ETF,953,513850.SH,SH,xtdata.get_stock_list_in_sector
2026-07-14,2026-07-14 23:28:36,沪深ETF,954,513860.SH,SH,xtdata.get_stock_list_in_sector
2026-07-14,2026-07-14 23:28:36,沪深ETF,955,513870.SH,SH,xtdata.get_stock_list_in_sector
2026-07-14,2026-07-14 23:28:36,沪深ETF,956,513880.SH,SH,xtdata.get_stock_list_in_sector
2026-07-14,2026-07-14 23:28:36,沪深ETF,957,513890.SH,SH,xtdata.get_stock_list_in_sector
2026-07-14,2026-07-14 23:28:36,沪深ETF,958,513900.SH,SH,xtdata.get_stock_list_in_sector
2026-07-14,2026-07-14 23:28:36,沪深ETF,959,513910.SH,SH,xtdata.get_stock_list_in_sector
2026-07-14,2026-07-14 23:28:36,沪深ETF,960,513920.SH,SH,xtdata.get_stock_list_in_sector
2026-07-14,2026-07-14 23:28:36,沪深ETF,961,513930.SH,SH,xtdata.get_stock_list_in_sector
2026-07-14,2026-07-14 23:28:36,沪深ETF,962,513950.SH,SH,xtdata.get_stock_list_in_sector
2026-07-14,2026-07-14 23:28:36,沪深ETF,963,513970.SH,SH,xtdata.get_stock_list_in_sector
2026-07-14,2026-07-14 23:28:36,沪深ETF,964,513980.SH,SH,xtdata.get_stock_list_in_sector
2026-07-14,2026-07-14 23:28:36,沪深ETF,965,513990.SH,SH,xtdata.get_stock_list_in_sector
2026-07-14,2026-07-14 23:28:36,沪深ETF,966,515000.SH,SH,xtdata.get_stock_list_in_sector
2026-07-14,2026-07-14 23:28:36,沪深ETF,967,515010.SH,SH,xtdata.get_stock_list_in_sector
2026-07-14,2026-07-14 23:28:36,沪深ETF,968,515020.SH,SH,xtdata.get_stock_list_in_sector
2026-07-14,2026-07-14 23:28:36,沪深ETF,969,515030.SH,SH,xtdata.get_stock_list_in_sector
2026-07-14,2026-07-14 23:28:36,沪深ETF,970,515043.SH,SH,xtdata.get_stock_list_in_sector
2026-07-14,2026-07-14 23:28:36,沪深ETF,971,515050.SH,SH,xtdata.get_stock_list_in_sector
2026-07-14,2026-07-14 23:28:36,沪深ETF,972,515060.SH,SH,xtdata.get_stock_list_in_sector
2026-07-14,2026-07-14 23:28:36,沪深ETF,973,515070.SH,SH,xtdata.get_stock_list_in_sector
2026-07-14,2026-07-14 23:28:36,沪深ETF,974,515080.SH,SH,xtdata.get_stock_list_in_sector
2026-07-14,2026-07-14 23:28:36,沪深ETF,975,515090.SH,SH,xtdata.get_stock_list_in_sector
2026-07-14,2026-07-14 23:28:36,沪深ETF,976,515100.SH,SH,xtdata.get_stock_list_in_sector
2026-07-14,2026-07-14 23:28:36,沪深ETF,977,515110.SH,SH,xtdata.get_stock_list_in_sector
2026-07-14,2026-07-14 23:28:36,沪深ETF,978,515120.SH,SH,xtdata.get_stock_list_in_sector
2026-07-14,2026-07-14 23:28:36,沪深ETF,979,515130.SH,SH,xtdata.get_stock_list_in_sector
2026-07-14,2026-07-14 23:28:36,沪深ETF,980,515150.SH,SH,xtdata.get_stock_list_in_sector
2026-07-14,2026-07-14 23:28:36,沪深ETF,981,515160.SH,SH,xtdata.get_stock_list_in_sector
2026-07-14,2026-07-14 23:28:36,沪深ETF,982,515170.SH,SH,xtdata.get_stock_list_in_sector
2026-07-14,2026-07-14 23:28:36,沪深ETF,983,515180.SH,SH,xtdata.get_stock_list_in_sector
2026-07-14,2026-07-14 23:28:36,沪深ETF,984,515190.SH,SH,xtdata.get_stock_list_in_sector
2026-07-14,2026-07-14 23:28:36,沪深ETF,985,515200.SH,SH,xtdata.get_stock_list_in_sector
2026-07-14,2026-07-14 23:28:36,沪深ETF,986,515210.SH,SH,xtdata.get_stock_list_in_sector
2026-07-14,2026-07-14 23:28:36,沪深ETF,987,515220.SH,SH,xtdata.get_stock_list_in_sector
2026-07-14,2026-07-14 23:28:36,沪深ETF,988,515230.SH,SH,xtdata.get_stock_list_in_sector
2026-07-14,2026-07-14 23:28:36,沪深ETF,989,515250.SH,SH,xtdata.get_stock_list_in_sector
2026-07-14,2026-07-14 23:28:36,沪深ETF,990,515260.SH,SH,xtdata.get_stock_list_in_sector
2026-07-14,2026-07-14 23:28:36,沪深ETF,991,515290.SH,SH,xtdata.get_stock_list_in_sector
2026-07-14,2026-07-14 23:28:36,沪深ETF,992,515300.SH,SH,xtdata.get_stock_list_in_sector
2026-07-14,2026-07-14 23:28:36,沪深ETF,993,515310.SH,SH,xtdata.get_stock_list_in_sector
2026-07-14,2026-07-14 23:28:36,沪深ETF,994,515320.SH,SH,xtdata.get_stock_list_in_sector
2026-07-14,2026-07-14 23:28:36,沪深ETF,995,515330.SH,SH,xtdata.get_stock_list_in_sector
2026-07-14,2026-07-14 23:28:36,沪深ETF,996,515350.SH,SH,xtdata.get_stock_list_in_sector
2026-07-14,2026-07-14 23:28:36,沪深ETF,997,515360.SH,SH,xtdata.get_stock_list_in_sector
2026-07-14,2026-07-14 23:28:36,沪深ETF,998,515370.SH,SH,xtdata.get_stock_list_in_sector
2026-07-14,2026-07-14 23:28:36,沪深ETF,999,515380.SH,SH,xtdata.get_stock_list_in_sector
2026-07-14,2026-07-14 23:28:36,沪深ETF,1000,515390.SH,SH,xtdata.get_stock_list_in_sector
2026-07-14,2026-07-14 23:28:36,沪深ETF,1001,515400.SH,SH,xtdata.get_stock_list_in_sector
2026-07-14,2026-07-14 23:28:36,沪深ETF,1002,515450.SH,SH,xtdata.get_stock_list_in_sector
2026-07-14,2026-07-14 23:28:36,沪深ETF,1003,515460.SH,SH,xtdata.get_stock_list_in_sector
2026-07-14,2026-07-14 23:28:36,沪深ETF,1004,515480.SH,SH,xtdata.get_stock_list_in_sector
2026-07-14,2026-07-14 23:28:36,沪深ETF,1005,515483.SH,SH,xtdata.get_stock_list_in_sector
2026-07-14,2026-07-14 23:28:36,沪深ETF,1006,515530.SH,SH,xtdata.get_stock_list_in_sector
2026-07-14,2026-07-14 23:28:36,沪深ETF,1007,515550.SH,SH,xtdata.get_stock_list_in_sector
2026-07-14,2026-07-14 23:28:36,沪深ETF,1008,515560.SH,SH,xtdata.get_stock_list_in_sector
2026-07-14,2026-07-14 23:28:36,沪深ETF,1009,515580.SH,SH,xtdata.get_stock_list_in_sector
2026-07-14,2026-07-14 23:28:36,沪深ETF,1010,515590.SH,SH,xtdata.get_stock_list_in_sector
2026-07-14,2026-07-14 23:28:36,沪深ETF,1011,515600.SH,SH,xtdata.get_stock_list_in_sector
2026-07-14,2026-07-14 23:28:36,沪深ETF,1012,515630.SH,SH,xtdata.get_stock_list_in_sector
2026-07-14,2026-07-14 23:28:36,沪深ETF,1013,515640.SH,SH,xtdata.get_stock_list_in_sector
2026-07-14,2026-07-14 23:28:36,沪深ETF,1014,515650.SH,SH,xtdata.get_stock_list_in_sector
2026-07-14,2026-07-14 23:28:36,沪深ETF,1015,515660.SH,SH,xtdata.get_stock_list_in_sector
2026-07-14,2026-07-14 23:28:36,沪深ETF,1016,515680.SH,SH,xtdata.get_stock_list_in_sector
2026-07-14,2026-07-14 23:28:36,沪深ETF,1017,515700.SH,SH,xtdata.get_stock_list_in_sector
2026-07-14,2026-07-14 23:28:36,沪深ETF,1018,515710.SH,SH,xtdata.get_stock_list_in_sector
2026-07-14,2026-07-14 23:28:36,沪深ETF,1019,515720.SH,SH,xtdata.get_stock_list_in_sector
2026-07-14,2026-07-14 23:28:36,沪深ETF,1020,515730.SH,SH,xtdata.get_stock_list_in_sector
2026-07-14,2026-07-14 23:28:36,沪深ETF,1021,515750.SH,SH,xtdata.get_stock_list_in_sector
2026-07-14,2026-07-14 23:28:36,沪深ETF,1022,515760.SH,SH,xtdata.get_stock_list_in_sector
2026-07-14,2026-07-14 23:28:36,沪深ETF,1023,515770.SH,SH,xtdata.get_stock_list_in_sector
2026-07-14,2026-07-14 23:28:36,沪深ETF,1024,515790.SH,SH,xtdata.get_stock_list_in_sector
2026-07-14,2026-07-14 23:28:36,沪深ETF,1025,515800.SH,SH,xtdata.get_stock_list_in_sector
2026-07-14,2026-07-14 23:28:36,沪深ETF,1026,515810.SH,SH,xtdata.get_stock_list_in_sector
2026-07-14,2026-07-14 23:28:36,沪深ETF,1027,515843.SH,SH,xtdata.get_stock_list_in_sector
2026-07-14,2026-07-14 23:28:36,沪深ETF,1028,515844.SH,SH,xtdata.get_stock_list_in_sector
2026-07-14,2026-07-14 23:28:36,沪深ETF,1029,515850.SH,SH,xtdata.get_stock_list_in_sector
2026-07-14,2026-07-14 23:28:36,沪深ETF,1030,515860.SH,SH,xtdata.get_stock_list_in_sector
2026-07-14,2026-07-14 23:28:36,沪深ETF,1031,515880.SH,SH,xtdata.get_stock_list_in_sector
2026-07-14,2026-07-14 23:28:36,沪深ETF,1032,515890.SH,SH,xtdata.get_stock_list_in_sector
2026-07-14,2026-07-14 23:28:36,沪深ETF,1033,515900.SH,SH,xtdata.get_stock_list_in_sector
2026-07-14,2026-07-14 23:28:36,沪深ETF,1034,515910.SH,SH,xtdata.get_stock_list_in_sector
2026-07-14,2026-07-14 23:28:36,沪深ETF,1035,515920.SH,SH,xtdata.get_stock_list_in_sector
2026-07-14,2026-07-14 23:28:36,沪深ETF,1036,515950.SH,SH,xtdata.get_stock_list_in_sector
2026-07-14,2026-07-14 23:28:36,沪深ETF,1037,515960.SH,SH,xtdata.get_stock_list_in_sector
2026-07-14,2026-07-14 23:28:36,沪深ETF,1038,515970.SH,SH,xtdata.get_stock_list_in_sector
2026-07-14,2026-07-14 23:28:36,沪深ETF,1039,515980.SH,SH,xtdata.get_stock_list_in_sector
2026-07-14,2026-07-14 23:28:36,沪深ETF,1040,515990.SH,SH,xtdata.get_stock_list_in_sector
2026-07-14,2026-07-14 23:28:36,沪深ETF,1041,516000.SH,SH,xtdata.get_stock_list_in_sector
2026-07-14,2026-07-14 23:28:36,沪深ETF,1042,516010.SH,SH,xtdata.get_stock_list_in_sector
2026-07-14,2026-07-14 23:28:36,沪深ETF,1043,516020.SH,SH,xtdata.get_stock_list_in_sector
2026-07-14,2026-07-14 23:28:36,沪深ETF,1044,516050.SH,SH,xtdata.get_stock_list_in_sector
2026-07-14,2026-07-14 23:28:36,沪深ETF,1045,516060.SH,SH,xtdata.get_stock_list_in_sector
2026-07-14,2026-07-14 23:28:36,沪深ETF,1046,516070.SH,SH,xtdata.get_stock_list_in_sector
2026-07-14,2026-07-14 23:28:36,沪深ETF,1047,516080.SH,SH,xtdata.get_stock_list_in_sector
2026-07-14,2026-07-14 23:28:36,沪深ETF,1048,516090.SH,SH,xtdata.get_stock_list_in_sector
2026-07-14,2026-07-14 23:28:36,沪深ETF,1049,516100.SH,SH,xtdata.get_stock_list_in_sector
2026-07-14,2026-07-14 23:28:36,沪深ETF,1050,516110.SH,SH,xtdata.get_stock_list_in_sector
2026-07-14,2026-07-14 23:28:36,沪深ETF,1051,516120.SH,SH,xtdata.get_stock_list_in_sector
2026-07-14,2026-07-14 23:28:36,沪深ETF,1052,516130.SH,SH,xtdata.get_stock_list_in_sector
2026-07-14,2026-07-14 23:28:36,沪深ETF,1053,516150.SH,SH,xtdata.get_stock_list_in_sector
2026-07-14,2026-07-14 23:28:36,沪深ETF,1054,516160.SH,SH,xtdata.get_stock_list_in_sector
2026-07-14,2026-07-14 23:28:36,沪深ETF,1055,516180.SH,SH,xtdata.get_stock_list_in_sector
2026-07-14,2026-07-14 23:28:36,沪深ETF,1056,516190.SH,SH,xtdata.get_stock_list_in_sector
2026-07-14,2026-07-14 23:28:36,沪深ETF,1057,516200.SH,SH,xtdata.get_stock_list_in_sector
2026-07-14,2026-07-14 23:28:36,沪深ETF,1058,516210.SH,SH,xtdata.get_stock_list_in_sector
2026-07-14,2026-07-14 23:28:36,沪深ETF,1059,516220.SH,SH,xtdata.get_stock_list_in_sector
2026-07-14,2026-07-14 23:28:36,沪深ETF,1060,516230.SH,SH,xtdata.get_stock_list_in_sector
2026-07-14,2026-07-14 23:28:36,沪深ETF,1061,516250.SH,SH,xtdata.get_stock_list_in_sector
2026-07-14,2026-07-14 23:28:36,沪深ETF,1062,516260.SH,SH,xtdata.get_stock_list_in_sector
2026-07-14,2026-07-14 23:28:36,沪深ETF,1063,516270.SH,SH,xtdata.get_stock_list_in_sector
2026-07-14,2026-07-14 23:28:36,沪深ETF,1064,516290.SH,SH,xtdata.get_stock_list_in_sector
2026-07-14,2026-07-14 23:28:36,沪深ETF,1065,516300.SH,SH,xtdata.get_stock_list_in_sector
2026-07-14,2026-07-14 23:28:36,沪深ETF,1066,516310.SH,SH,xtdata.get_stock_list_in_sector
2026-07-14,2026-07-14 23:28:36,沪深ETF,1067,516320.SH,SH,xtdata.get_stock_list_in_sector
2026-07-14,2026-07-14 23:28:36,沪深ETF,1068,516330.SH,SH,xtdata.get_stock_list_in_sector
2026-07-14,2026-07-14 23:28:36,沪深ETF,1069,516350.SH,SH,xtdata.get_stock_list_in_sector
2026-07-14,2026-07-14 23:28:36,沪深ETF,1070,516360.SH,SH,xtdata.get_stock_list_in_sector
2026-07-14,2026-07-14 23:28:36,沪深ETF,1071,516370.SH,SH,xtdata.get_stock_list_in_sector
2026-07-14,2026-07-14 23:28:36,沪深ETF,1072,516380.SH,SH,xtdata.get_stock_list_in_sector
2026-07-14,2026-07-14 23:28:36,沪深ETF,1073,516390.SH,SH,xtdata.get_stock_list_in_sector
2026-07-14,2026-07-14 23:28:36,沪深ETF,1074,516440.SH,SH,xtdata.get_stock_list_in_sector
2026-07-14,2026-07-14 23:28:36,沪深ETF,1075,516443.SH,SH,xtdata.get_stock_list_in_sector
2026-07-14,2026-07-14 23:28:36,沪深ETF,1076,516460.SH,SH,xtdata.get_stock_list_in_sector
2026-07-14,2026-07-14 23:28:36,沪深ETF,1077,516500.SH,SH,xtdata.get_stock_list_in_sector
2026-07-14,2026-07-14 23:28:36,沪深ETF,1078,516510.SH,SH,xtdata.get_stock_list_in_sector
2026-07-14,2026-07-14 23:28:36,沪深ETF,1079,516520.SH,SH,xtdata.get_stock_list_in_sector
2026-07-14,2026-07-14 23:28:36,沪深ETF,1080,516530.SH,SH,xtdata.get_stock_list_in_sector
2026-07-14,2026-07-14 23:28:36,沪深ETF,1081,516550.SH,SH,xtdata.get_stock_list_in_sector
2026-07-14,2026-07-14 23:28:36,沪深ETF,1082,516560.SH,SH,xtdata.get_stock_list_in_sector
2026-07-14,2026-07-14 23:28:36,沪深ETF,1083,516570.SH,SH,xtdata.get_stock_list_in_sector
2026-07-14,2026-07-14 23:28:36,沪深ETF,1084,516580.SH,SH,xtdata.get_stock_list_in_sector
2026-07-14,2026-07-14 23:28:36,沪深ETF,1085,516590.SH,SH,xtdata.get_stock_list_in_sector
2026-07-14,2026-07-14 23:28:36,沪深ETF,1086,516600.SH,SH,xtdata.get_stock_list_in_sector
2026-07-14,2026-07-14 23:28:36,沪深ETF,1087,516610.SH,SH,xtdata.get_stock_list_in_sector
2026-07-14,2026-07-14 23:28:36,沪深ETF,1088,516620.SH,SH,xtdata.get_stock_list_in_sector
2026-07-14,2026-07-14 23:28:36,沪深ETF,1089,516630.SH,SH,xtdata.get_stock_list_in_sector
2026-07-14,2026-07-14 23:28:36,沪深ETF,1090,516640.SH,SH,xtdata.get_stock_list_in_sector
2026-07-14,2026-07-14 23:28:36,沪深ETF,1091,516650.SH,SH,xtdata.get_stock_list_in_sector
2026-07-14,2026-07-14 23:28:36,沪深ETF,1092,516660.SH,SH,xtdata.get_stock_list_in_sector
2026-07-14,2026-07-14 23:28:36,沪深ETF,1093,516670.SH,SH,xtdata.get_stock_list_in_sector
2026-07-14,2026-07-14 23:28:36,沪深ETF,1094,516700.SH,SH,xtdata.get_stock_list_in_sector
2026-07-14,2026-07-14 23:28:36,沪深ETF,1095,516710.SH,SH,xtdata.get_stock_list_in_sector
2026-07-14,2026-07-14 23:28:36,沪深ETF,1096,516720.SH,SH,xtdata.get_stock_list_in_sector
2026-07-14,2026-07-14 23:28:36,沪深ETF,1097,516730.SH,SH,xtdata.get_stock_list_in_sector
2026-07-14,2026-07-14 23:28:36,沪深ETF,1098,516750.SH,SH,xtdata.get_stock_list_in_sector
2026-07-14,2026-07-14 23:28:36,沪深ETF,1099,516760.SH,SH,xtdata.get_stock_list_in_sector
2026-07-14,2026-07-14 23:28:36,沪深ETF,1100,516770.SH,SH,xtdata.get_stock_list_in_sector
2026-07-14,2026-07-14 23:28:36,沪深ETF,1101,516780.SH,SH,xtdata.get_stock_list_in_sector
2026-07-14,2026-07-14 23:28:36,沪深ETF,1102,516790.SH,SH,xtdata.get_stock_list_in_sector
2026-07-14,2026-07-14 23:28:36,沪深ETF,1103,516800.SH,SH,xtdata.get_stock_list_in_sector
2026-07-14,2026-07-14 23:28:36,沪深ETF,1104,516810.SH,SH,xtdata.get_stock_list_in_sector
2026-07-14,2026-07-14 23:28:36,沪深ETF,1105,516820.SH,SH,xtdata.get_stock_list_in_sector
2026-07-14,2026-07-14 23:28:36,沪深ETF,1106,516830.SH,SH,xtdata.get_stock_list_in_sector
2026-07-14,2026-07-14 23:28:36,沪深ETF,1107,516840.SH,SH,xtdata.get_stock_list_in_sector
2026-07-14,2026-07-14 23:28:36,沪深ETF,1108,516850.SH,SH,xtdata.get_stock_list_in_sector
2026-07-14,2026-07-14 23:28:36,沪深ETF,1109,516860.SH,SH,xtdata.get_stock_list_in_sector
2026-07-14,2026-07-14 23:28:36,沪深ETF,1110,516880.SH,SH,xtdata.get_stock_list_in_sector
2026-07-14,2026-07-14 23:28:36,沪深ETF,1111,516890.SH,SH,xtdata.get_stock_list_in_sector
2026-07-14,2026-07-14 23:28:36,沪深ETF,1112,516900.SH,SH,xtdata.get_stock_list_in_sector
2026-07-14,2026-07-14 23:28:36,沪深ETF,1113,516910.SH,SH,xtdata.get_stock_list_in_sector
2026-07-14,2026-07-14 23:28:36,沪深ETF,1114,516920.SH,SH,xtdata.get_stock_list_in_sector
2026-07-14,2026-07-14 23:28:36,沪深ETF,1115,516930.SH,SH,xtdata.get_stock_list_in_sector
2026-07-14,2026-07-14 23:28:36,沪深ETF,1116,516950.SH,SH,xtdata.get_stock_list_in_sector
2026-07-14,2026-07-14 23:28:36,沪深ETF,1117,516960.SH,SH,xtdata.get_stock_list_in_sector
2026-07-14,2026-07-14 23:28:36,沪深ETF,1118,516970.SH,SH,xtdata.get_stock_list_in_sector
2026-07-14,2026-07-14 23:28:36,沪深ETF,1119,516980.SH,SH,xtdata.get_stock_list_in_sector
2026-07-14,2026-07-14 23:28:36,沪深ETF,1120,517000.SH,SH,xtdata.get_stock_list_in_sector
2026-07-14,2026-07-14 23:28:36,沪深ETF,1121,517010.SH,SH,xtdata.get_stock_list_in_sector
2026-07-14,2026-07-14 23:28:36,沪深ETF,1122,517030.SH,SH,xtdata.get_stock_list_in_sector
2026-07-14,2026-07-14 23:28:36,沪深ETF,1123,517050.SH,SH,xtdata.get_stock_list_in_sector
2026-07-14,2026-07-14 23:28:36,沪深ETF,1124,517080.SH,SH,xtdata.get_stock_list_in_sector
2026-07-14,2026-07-14 23:28:36,沪深ETF,1125,517090.SH,SH,xtdata.get_stock_list_in_sector
2026-07-14,2026-07-14 23:28:36,沪深ETF,1126,517100.SH,SH,xtdata.get_stock_list_in_sector
2026-07-14,2026-07-14 23:28:36,沪深ETF,1127,517110.SH,SH,xtdata.get_stock_list_in_sector
2026-07-14,2026-07-14 23:28:36,沪深ETF,1128,517120.SH,SH,xtdata.get_stock_list_in_sector
2026-07-14,2026-07-14 23:28:36,沪深ETF,1129,517130.SH,SH,xtdata.get_stock_list_in_sector
2026-07-14,2026-07-14 23:28:36,沪深ETF,1130,517160.SH,SH,xtdata.get_stock_list_in_sector
2026-07-14,2026-07-14 23:28:36,沪深ETF,1131,517170.SH,SH,xtdata.get_stock_list_in_sector
2026-07-14,2026-07-14 23:28:36,沪深ETF,1132,517180.SH,SH,xtdata.get_stock_list_in_sector
2026-07-14,2026-07-14 23:28:36,沪深ETF,1133,517200.SH,SH,xtdata.get_stock_list_in_sector
2026-07-14,2026-07-14 23:28:36,沪深ETF,1134,517300.SH,SH,xtdata.get_stock_list_in_sector
2026-07-14,2026-07-14 23:28:36,沪深ETF,1135,517330.SH,SH,xtdata.get_stock_list_in_sector
2026-07-14,2026-07-14 23:28:36,沪深ETF,1136,517350.SH,SH,xtdata.get_stock_list_in_sector
2026-07-14,2026-07-14 23:28:36,沪深ETF,1137,517360.SH,SH,xtdata.get_stock_list_in_sector
2026-07-14,2026-07-14 23:28:36,沪深ETF,1138,517380.SH,SH,xtdata.get_stock_list_in_sector
2026-07-14,2026-07-14 23:28:36,沪深ETF,1139,517390.SH,SH,xtdata.get_stock_list_in_sector
2026-07-14,2026-07-14 23:28:36,沪深ETF,1140,517400.SH,SH,xtdata.get_stock_list_in_sector
2026-07-14,2026-07-14 23:28:36,沪深ETF,1141,517520.SH,SH,xtdata.get_stock_list_in_sector
2026-07-14,2026-07-14 23:28:36,沪深ETF,1142,517550.SH,SH,xtdata.get_stock_list_in_sector
2026-07-14,2026-07-14 23:28:36,沪深ETF,1143,517660.SH,SH,xtdata.get_stock_list_in_sector
2026-07-14,2026-07-14 23:28:36,沪深ETF,1144,517770.SH,SH,xtdata.get_stock_list_in_sector
2026-07-14,2026-07-14 23:28:36,沪深ETF,1145,517800.SH,SH,xtdata.get_stock_list_in_sector
2026-07-14,2026-07-14 23:28:36,沪深ETF,1146,517850.SH,SH,xtdata.get_stock_list_in_sector
2026-07-14,2026-07-14 23:28:36,沪深ETF,1147,517880.SH,SH,xtdata.get_stock_list_in_sector
2026-07-14,2026-07-14 23:28:36,沪深ETF,1148,517900.SH,SH,xtdata.get_stock_list_in_sector
2026-07-14,2026-07-14 23:28:36,沪深ETF,1149,517950.SH,SH,xtdata.get_stock_list_in_sector
2026-07-14,2026-07-14 23:28:36,沪深ETF,1150,517990.SH,SH,xtdata.get_stock_list_in_sector
2026-07-14,2026-07-14 23:28:36,沪深ETF,1151,518600.SH,SH,xtdata.get_stock_list_in_sector
2026-07-14,2026-07-14 23:28:36,沪深ETF,1152,518660.SH,SH,xtdata.get_stock_list_in_sector
2026-07-14,2026-07-14 23:28:36,沪深ETF,1153,518680.SH,SH,xtdata.get_stock_list_in_sector
2026-07-14,2026-07-14 23:28:36,沪深ETF,1154,518800.SH,SH,xtdata.get_stock_list_in_sector
2026-07-14,2026-07-14 23:28:36,沪深ETF,1155,518850.SH,SH,xtdata.get_stock_list_in_sector
2026-07-14,2026-07-14 23:28:36,沪深ETF,1156,518860.SH,SH,xtdata.get_stock_list_in_sector
2026-07-14,2026-07-14 23:28:36,沪深ETF,1157,518880.SH,SH,xtdata.get_stock_list_in_sector
2026-07-14,2026-07-14 23:28:36,沪深ETF,1158,518890.SH,SH,xtdata.get_stock_list_in_sector
2026-07-14,2026-07-14 23:28:36,沪深ETF,1159,520500.SH,SH,xtdata.get_stock_list_in_sector
2026-07-14,2026-07-14 23:28:36,沪深ETF,1160,520510.SH,SH,xtdata.get_stock_list_in_sector
2026-07-14,2026-07-14 23:28:36,沪深ETF,1161,520520.SH,SH,xtdata.get_stock_list_in_sector
2026-07-14,2026-07-14 23:28:36,沪深ETF,1162,520530.SH,SH,xtdata.get_stock_list_in_sector
2026-07-14,2026-07-14 23:28:36,沪深ETF,1163,520550.SH,SH,xtdata.get_stock_list_in_sector
2026-07-14,2026-07-14 23:28:36,沪深ETF,1164,520560.SH,SH,xtdata.get_stock_list_in_sector
2026-07-14,2026-07-14 23:28:36,沪深ETF,1165,520570.SH,SH,xtdata.get_stock_list_in_sector
2026-07-14,2026-07-14 23:28:36,沪深ETF,1166,520580.SH,SH,xtdata.get_stock_list_in_sector
2026-07-14,2026-07-14 23:28:36,沪深ETF,1167,520590.SH,SH,xtdata.get_stock_list_in_sector
2026-07-14,2026-07-14 23:28:36,沪深ETF,1168,520600.SH,SH,xtdata.get_stock_list_in_sector
2026-07-14,2026-07-14 23:28:36,沪深ETF,1169,520610.SH,SH,xtdata.get_stock_list_in_sector
2026-07-14,2026-07-14 23:28:36,沪深ETF,1170,520620.SH,SH,xtdata.get_stock_list_in_sector
2026-07-14,2026-07-14 23:28:36,沪深ETF,1171,520630.SH,SH,xtdata.get_stock_list_in_sector
2026-07-14,2026-07-14 23:28:36,沪深ETF,1172,520650.SH,SH,xtdata.get_stock_list_in_sector
2026-07-14,2026-07-14 23:28:36,沪深ETF,1173,520660.SH,SH,xtdata.get_stock_list_in_sector
2026-07-14,2026-07-14 23:28:36,沪深ETF,1174,520670.SH,SH,xtdata.get_stock_list_in_sector
2026-07-14,2026-07-14 23:28:36,沪深ETF,1175,520680.SH,SH,xtdata.get_stock_list_in_sector
2026-07-14,2026-07-14 23:28:36,沪深ETF,1176,520690.SH,SH,xtdata.get_stock_list_in_sector
2026-07-14,2026-07-14 23:28:36,沪深ETF,1177,520700.SH,SH,xtdata.get_stock_list_in_sector
2026-07-14,2026-07-14 23:28:36,沪深ETF,1178,520710.SH,SH,xtdata.get_stock_list_in_sector
2026-07-14,2026-07-14 23:28:36,沪深ETF,1179,520720.SH,SH,xtdata.get_stock_list_in_sector
2026-07-14,2026-07-14 23:28:36,沪深ETF,1180,520730.SH,SH,xtdata.get_stock_list_in_sector
2026-07-14,2026-07-14 23:28:36,沪深ETF,1181,520743.SH,SH,xtdata.get_stock_list_in_sector
2026-07-14,2026-07-14 23:28:36,沪深ETF,1182,520744.SH,SH,xtdata.get_stock_list_in_sector
2026-07-14,2026-07-14 23:28:36,沪深ETF,1183,520750.SH,SH,xtdata.get_stock_list_in_sector
2026-07-14,2026-07-14 23:28:36,沪深ETF,1184,520753.SH,SH,xtdata.get_stock_list_in_sector
2026-07-14,2026-07-14 23:28:36,沪深ETF,1185,520760.SH,SH,xtdata.get_stock_list_in_sector
2026-07-14,2026-07-14 23:28:36,沪深ETF,1186,520770.SH,SH,xtdata.get_stock_list_in_sector
2026-07-14,2026-07-14 23:28:36,沪深ETF,1187,520780.SH,SH,xtdata.get_stock_list_in_sector
2026-07-14,2026-07-14 23:28:36,沪深ETF,1188,520790.SH,SH,xtdata.get_stock_list_in_sector
2026-07-14,2026-07-14 23:28:36,沪深ETF,1189,520810.SH,SH,xtdata.get_stock_list_in_sector
2026-07-14,2026-07-14 23:28:36,沪深ETF,1190,520820.SH,SH,xtdata.get_stock_list_in_sector
2026-07-14,2026-07-14 23:28:36,沪深ETF,1191,520830.SH,SH,xtdata.get_stock_list_in_sector
2026-07-14,2026-07-14 23:28:36,沪深ETF,1192,520840.SH,SH,xtdata.get_stock_list_in_sector
2026-07-14,2026-07-14 23:28:36,沪深ETF,1193,520850.SH,SH,xtdata.get_stock_list_in_sector
2026-07-14,2026-07-14 23:28:36,沪深ETF,1194,520860.SH,SH,xtdata.get_stock_list_in_sector
2026-07-14,2026-07-14 23:28:36,沪深ETF,1195,520870.SH,SH,xtdata.get_stock_list_in_sector
2026-07-14,2026-07-14 23:28:36,沪深ETF,1196,520880.SH,SH,xtdata.get_stock_list_in_sector
2026-07-14,2026-07-14 23:28:36,沪深ETF,1197,520890.SH,SH,xtdata.get_stock_list_in_sector
2026-07-14,2026-07-14 23:28:36,沪深ETF,1198,520900.SH,SH,xtdata.get_stock_list_in_sector
2026-07-14,2026-07-14 23:28:36,沪深ETF,1199,520910.SH,SH,xtdata.get_stock_list_in_sector
2026-07-14,2026-07-14 23:28:36,沪深ETF,1200,520920.SH,SH,xtdata.get_stock_list_in_sector
2026-07-14,2026-07-14 23:28:36,沪深ETF,1201,520930.SH,SH,xtdata.get_stock_list_in_sector
2026-07-14,2026-07-14 23:28:36,沪深ETF,1202,520940.SH,SH,xtdata.get_stock_list_in_sector
2026-07-14,2026-07-14 23:28:36,沪深ETF,1203,520950.SH,SH,xtdata.get_stock_list_in_sector
2026-07-14,2026-07-14 23:28:36,沪深ETF,1204,520960.SH,SH,xtdata.get_stock_list_in_sector
2026-07-14,2026-07-14 23:28:36,沪深ETF,1205,520970.SH,SH,xtdata.get_stock_list_in_sector
2026-07-14,2026-07-14 23:28:36,沪深ETF,1206,520980.SH,SH,xtdata.get_stock_list_in_sector
2026-07-14,2026-07-14 23:28:36,沪深ETF,1207,520990.SH,SH,xtdata.get_stock_list_in_sector
2026-07-14,2026-07-14 23:28:36,沪深ETF,1208,530000.SH,SH,xtdata.get_stock_list_in_sector
2026-07-14,2026-07-14 23:28:36,沪深ETF,1209,530050.SH,SH,xtdata.get_stock_list_in_sector
2026-07-14,2026-07-14 23:28:36,沪深ETF,1210,530060.SH,SH,xtdata.get_stock_list_in_sector
2026-07-14,2026-07-14 23:28:36,沪深ETF,1211,530080.SH,SH,xtdata.get_stock_list_in_sector
2026-07-14,2026-07-14 23:28:36,沪深ETF,1212,530100.SH,SH,xtdata.get_stock_list_in_sector
2026-07-14,2026-07-14 23:28:36,沪深ETF,1213,530180.SH,SH,xtdata.get_stock_list_in_sector
2026-07-14,2026-07-14 23:28:36,沪深ETF,1214,530280.SH,SH,xtdata.get_stock_list_in_sector
2026-07-14,2026-07-14 23:28:36,沪深ETF,1215,530300.SH,SH,xtdata.get_stock_list_in_sector
2026-07-14,2026-07-14 23:28:36,沪深ETF,1216,530380.SH,SH,xtdata.get_stock_list_in_sector
2026-07-14,2026-07-14 23:28:36,沪深ETF,1217,530530.SH,SH,xtdata.get_stock_list_in_sector
2026-07-14,2026-07-14 23:28:36,沪深ETF,1218,530580.SH,SH,xtdata.get_stock_list_in_sector
2026-07-14,2026-07-14 23:28:36,沪深ETF,1219,530680.SH,SH,xtdata.get_stock_list_in_sector
2026-07-14,2026-07-14 23:28:36,沪深ETF,1220,530800.SH,SH,xtdata.get_stock_list_in_sector
2026-07-14,2026-07-14 23:28:36,沪深ETF,1221,530880.SH,SH,xtdata.get_stock_list_in_sector
2026-07-14,2026-07-14 23:28:36,沪深ETF,1222,551000.SH,SH,xtdata.get_stock_list_in_sector
2026-07-14,2026-07-14 23:28:36,沪深ETF,1223,551030.SH,SH,xtdata.get_stock_list_in_sector
2026-07-14,2026-07-14 23:28:36,沪深ETF,1224,551060.SH,SH,xtdata.get_stock_list_in_sector
2026-07-14,2026-07-14 23:28:36,沪深ETF,1225,551300.SH,SH,xtdata.get_stock_list_in_sector
2026-07-14,2026-07-14 23:28:36,沪深ETF,1226,551500.SH,SH,xtdata.get_stock_list_in_sector
2026-07-14,2026-07-14 23:28:36,沪深ETF,1227,551510.SH,SH,xtdata.get_stock_list_in_sector
2026-07-14,2026-07-14 23:28:36,沪深ETF,1228,551520.SH,SH,xtdata.get_stock_list_in_sector
2026-07-14,2026-07-14 23:28:36,沪深ETF,1229,551550.SH,SH,xtdata.get_stock_list_in_sector
2026-07-14,2026-07-14 23:28:36,沪深ETF,1230,551560.SH,SH,xtdata.get_stock_list_in_sector
2026-07-14,2026-07-14 23:28:36,沪深ETF,1231,551580.SH,SH,xtdata.get_stock_list_in_sector
2026-07-14,2026-07-14 23:28:36,沪深ETF,1232,551800.SH,SH,xtdata.get_stock_list_in_sector
2026-07-14,2026-07-14 23:28:36,沪深ETF,1233,551900.SH,SH,xtdata.get_stock_list_in_sector
2026-07-14,2026-07-14 23:28:36,沪深ETF,1234,560000.SH,SH,xtdata.get_stock_list_in_sector
2026-07-14,2026-07-14 23:28:36,沪深ETF,1235,560010.SH,SH,xtdata.get_stock_list_in_sector
2026-07-14,2026-07-14 23:28:36,沪深ETF,1236,560020.SH,SH,xtdata.get_stock_list_in_sector
2026-07-14,2026-07-14 23:28:36,沪深ETF,1237,560030.SH,SH,xtdata.get_stock_list_in_sector
2026-07-14,2026-07-14 23:28:36,沪深ETF,1238,560050.SH,SH,xtdata.get_stock_list_in_sector
2026-07-14,2026-07-14 23:28:36,沪深ETF,1239,560060.SH,SH,xtdata.get_stock_list_in_sector
2026-07-14,2026-07-14 23:28:36,沪深ETF,1240,560070.SH,SH,xtdata.get_stock_list_in_sector
2026-07-14,2026-07-14 23:28:36,沪深ETF,1241,560080.SH,SH,xtdata.get_stock_list_in_sector
2026-07-14,2026-07-14 23:28:36,沪深ETF,1242,560090.SH,SH,xtdata.get_stock_list_in_sector
2026-07-14,2026-07-14 23:28:36,沪深ETF,1243,560100.SH,SH,xtdata.get_stock_list_in_sector
2026-07-14,2026-07-14 23:28:36,沪深ETF,1244,560110.SH,SH,xtdata.get_stock_list_in_sector
2026-07-14,2026-07-14 23:28:36,沪深ETF,1245,560120.SH,SH,xtdata.get_stock_list_in_sector
2026-07-14,2026-07-14 23:28:36,沪深ETF,1246,560130.SH,SH,xtdata.get_stock_list_in_sector
2026-07-14,2026-07-14 23:28:36,沪深ETF,1247,560150.SH,SH,xtdata.get_stock_list_in_sector
2026-07-14,2026-07-14 23:28:36,沪深ETF,1248,560160.SH,SH,xtdata.get_stock_list_in_sector
2026-07-14,2026-07-14 23:28:36,沪深ETF,1249,560170.SH,SH,xtdata.get_stock_list_in_sector
2026-07-14,2026-07-14 23:28:36,沪深ETF,1250,560180.SH,SH,xtdata.get_stock_list_in_sector
2026-07-14,2026-07-14 23:28:36,沪深ETF,1251,560190.SH,SH,xtdata.get_stock_list_in_sector
2026-07-14,2026-07-14 23:28:36,沪深ETF,1252,560210.SH,SH,xtdata.get_stock_list_in_sector
2026-07-14,2026-07-14 23:28:36,沪深ETF,1253,560220.SH,SH,xtdata.get_stock_list_in_sector
2026-07-14,2026-07-14 23:28:36,沪深ETF,1254,560230.SH,SH,xtdata.get_stock_list_in_sector
2026-07-14,2026-07-14 23:28:36,沪深ETF,1255,560250.SH,SH,xtdata.get_stock_list_in_sector
2026-07-14,2026-07-14 23:28:36,沪深ETF,1256,560260.SH,SH,xtdata.get_stock_list_in_sector
2026-07-14,2026-07-14 23:28:36,沪深ETF,1257,560270.SH,SH,xtdata.get_stock_list_in_sector
2026-07-14,2026-07-14 23:28:36,沪深ETF,1258,560280.SH,SH,xtdata.get_stock_list_in_sector
2026-07-14,2026-07-14 23:28:36,沪深ETF,1259,560290.SH,SH,xtdata.get_stock_list_in_sector
2026-07-14,2026-07-14 23:28:36,沪深ETF,1260,560300.SH,SH,xtdata.get_stock_list_in_sector
2026-07-14,2026-07-14 23:28:36,沪深ETF,1261,560310.SH,SH,xtdata.get_stock_list_in_sector
2026-07-14,2026-07-14 23:28:36,沪深ETF,1262,560320.SH,SH,xtdata.get_stock_list_in_sector
2026-07-14,2026-07-14 23:28:36,沪深ETF,1263,560330.SH,SH,xtdata.get_stock_list_in_sector
2026-07-14,2026-07-14 23:28:36,沪深ETF,1264,560350.SH,SH,xtdata.get_stock_list_in_sector
2026-07-14,2026-07-14 23:28:36,沪深ETF,1265,560360.SH,SH,xtdata.get_stock_list_in_sector
2026-07-14,2026-07-14 23:28:36,沪深ETF,1266,560370.SH,SH,xtdata.get_stock_list_in_sector
2026-07-14,2026-07-14 23:28:36,沪深ETF,1267,560380.SH,SH,xtdata.get_stock_list_in_sector
2026-07-14,2026-07-14 23:28:36,沪深ETF,1268,560390.SH,SH,xtdata.get_stock_list_in_sector
2026-07-14,2026-07-14 23:28:36,沪深ETF,1269,560400.SH,SH,xtdata.get_stock_list_in_sector
2026-07-14,2026-07-14 23:28:36,沪深ETF,1270,560410.SH,SH,xtdata.get_stock_list_in_sector
2026-07-14,2026-07-14 23:28:36,沪深ETF,1271,560420.SH,SH,xtdata.get_stock_list_in_sector
2026-07-14,2026-07-14 23:28:36,沪深ETF,1272,560450.SH,SH,xtdata.get_stock_list_in_sector
2026-07-14,2026-07-14 23:28:36,沪深ETF,1273,560460.SH,SH,xtdata.get_stock_list_in_sector
2026-07-14,2026-07-14 23:28:36,沪深ETF,1274,560470.SH,SH,xtdata.get_stock_list_in_sector
2026-07-14,2026-07-14 23:28:36,沪深ETF,1275,560480.SH,SH,xtdata.get_stock_list_in_sector
2026-07-14,2026-07-14 23:28:36,沪深ETF,1276,560490.SH,SH,xtdata.get_stock_list_in_sector
2026-07-14,2026-07-14 23:28:36,沪深ETF,1277,560500.SH,SH,xtdata.get_stock_list_in_sector
2026-07-14,2026-07-14 23:28:36,沪深ETF,1278,560510.SH,SH,xtdata.get_stock_list_in_sector
2026-07-14,2026-07-14 23:28:36,沪深ETF,1279,560520.SH,SH,xtdata.get_stock_list_in_sector
2026-07-14,2026-07-14 23:28:36,沪深ETF,1280,560530.SH,SH,xtdata.get_stock_list_in_sector
2026-07-14,2026-07-14 23:28:36,沪深ETF,1281,560550.SH,SH,xtdata.get_stock_list_in_sector
2026-07-14,2026-07-14 23:28:36,沪深ETF,1282,560560.SH,SH,xtdata.get_stock_list_in_sector
2026-07-14,2026-07-14 23:28:36,沪深ETF,1283,560570.SH,SH,xtdata.get_stock_list_in_sector
2026-07-14,2026-07-14 23:28:36,沪深ETF,1284,560580.SH,SH,xtdata.get_stock_list_in_sector
2026-07-14,2026-07-14 23:28:36,沪深ETF,1285,560590.SH,SH,xtdata.get_stock_list_in_sector
2026-07-14,2026-07-14 23:28:36,沪深ETF,1286,560610.SH,SH,xtdata.get_stock_list_in_sector
2026-07-14,2026-07-14 23:28:36,沪深ETF,1287,560620.SH,SH,xtdata.get_stock_list_in_sector
2026-07-14,2026-07-14 23:28:36,沪深ETF,1288,560630.SH,SH,xtdata.get_stock_list_in_sector
2026-07-14,2026-07-14 23:28:36,沪深ETF,1289,560650.SH,SH,xtdata.get_stock_list_in_sector
2026-07-14,2026-07-14 23:28:36,沪深ETF,1290,560660.SH,SH,xtdata.get_stock_list_in_sector
2026-07-14,2026-07-14 23:28:36,沪深ETF,1291,560670.SH,SH,xtdata.get_stock_list_in_sector
2026-07-14,2026-07-14 23:28:36,沪深ETF,1292,560680.SH,SH,xtdata.get_stock_list_in_sector
2026-07-14,2026-07-14 23:28:36,沪深ETF,1293,560690.SH,SH,xtdata.get_stock_list_in_sector
2026-07-14,2026-07-14 23:28:36,沪深ETF,1294,560700.SH,SH,xtdata.get_stock_list_in_sector
2026-07-14,2026-07-14 23:28:36,沪深ETF,1295,560710.SH,SH,xtdata.get_stock_list_in_sector
2026-07-14,2026-07-14 23:28:36,沪深ETF,1296,560720.SH,SH,xtdata.get_stock_list_in_sector
2026-07-14,2026-07-14 23:28:36,沪深ETF,1297,560733.SH,SH,xtdata.get_stock_list_in_sector
2026-07-14,2026-07-14 23:28:36,沪深ETF,1298,560750.SH,SH,xtdata.get_stock_list_in_sector
2026-07-14,2026-07-14 23:28:36,沪深ETF,1299,560770.SH,SH,xtdata.get_stock_list_in_sector
2026-07-14,2026-07-14 23:28:36,沪深ETF,1300,560780.SH,SH,xtdata.get_stock_list_in_sector
2026-07-14,2026-07-14 23:28:36,沪深ETF,1301,560790.SH,SH,xtdata.get_stock_list_in_sector
2026-07-14,2026-07-14 23:28:36,沪深ETF,1302,560800.SH,SH,xtdata.get_stock_list_in_sector
2026-07-14,2026-07-14 23:28:36,沪深ETF,1303,560810.SH,SH,xtdata.get_stock_list_in_sector
2026-07-14,2026-07-14 23:28:36,沪深ETF,1304,560820.SH,SH,xtdata.get_stock_list_in_sector
2026-07-14,2026-07-14 23:28:36,沪深ETF,1305,560830.SH,SH,xtdata.get_stock_list_in_sector
2026-07-14,2026-07-14 23:28:36,沪深ETF,1306,560850.SH,SH,xtdata.get_stock_list_in_sector
2026-07-14,2026-07-14 23:28:36,沪深ETF,1307,560860.SH,SH,xtdata.get_stock_list_in_sector
2026-07-14,2026-07-14 23:28:36,沪深ETF,1308,560870.SH,SH,xtdata.get_stock_list_in_sector
2026-07-14,2026-07-14 23:28:36,沪深ETF,1309,560880.SH,SH,xtdata.get_stock_list_in_sector
2026-07-14,2026-07-14 23:28:36,沪深ETF,1310,560900.SH,SH,xtdata.get_stock_list_in_sector
2026-07-14,2026-07-14 23:28:36,沪深ETF,1311,560910.SH,SH,xtdata.get_stock_list_in_sector
2026-07-14,2026-07-14 23:28:36,沪深ETF,1312,560920.SH,SH,xtdata.get_stock_list_in_sector
2026-07-14,2026-07-14 23:28:36,沪深ETF,1313,560923.SH,SH,xtdata.get_stock_list_in_sector
2026-07-14,2026-07-14 23:28:36,沪深ETF,1314,560930.SH,SH,xtdata.get_stock_list_in_sector
2026-07-14,2026-07-14 23:28:36,沪深ETF,1315,560950.SH,SH,xtdata.get_stock_list_in_sector
2026-07-14,2026-07-14 23:28:36,沪深ETF,1316,560970.SH,SH,xtdata.get_stock_list_in_sector
2026-07-14,2026-07-14 23:28:36,沪深ETF,1317,560980.SH,SH,xtdata.get_stock_list_in_sector
2026-07-14,2026-07-14 23:28:36,沪深ETF,1318,560990.SH,SH,xtdata.get_stock_list_in_sector
2026-07-14,2026-07-14 23:28:36,沪深ETF,1319,561000.SH,SH,xtdata.get_stock_list_in_sector
2026-07-14,2026-07-14 23:28:36,沪深ETF,1320,561010.SH,SH,xtdata.get_stock_list_in_sector
2026-07-14,2026-07-14 23:28:36,沪深ETF,1321,561023.SH,SH,xtdata.get_stock_list_in_sector
2026-07-14,2026-07-14 23:28:36,沪深ETF,1322,561024.SH,SH,xtdata.get_stock_list_in_sector
2026-07-14,2026-07-14 23:28:36,沪深ETF,1323,561030.SH,SH,xtdata.get_stock_list_in_sector
2026-07-14,2026-07-14 23:28:36,沪深ETF,1324,561050.SH,SH,xtdata.get_stock_list_in_sector
2026-07-14,2026-07-14 23:28:36,沪深ETF,1325,561060.SH,SH,xtdata.get_stock_list_in_sector
2026-07-14,2026-07-14 23:28:36,沪深ETF,1326,561080.SH,SH,xtdata.get_stock_list_in_sector
2026-07-14,2026-07-14 23:28:36,沪深ETF,1327,561090.SH,SH,xtdata.get_stock_list_in_sector
2026-07-14,2026-07-14 23:28:36,沪深ETF,1328,561100.SH,SH,xtdata.get_stock_list_in_sector
2026-07-14,2026-07-14 23:28:36,沪深ETF,1329,561120.SH,SH,xtdata.get_stock_list_in_sector
2026-07-14,2026-07-14 23:28:36,沪深ETF,1330,561130.SH,SH,xtdata.get_stock_list_in_sector
2026-07-14,2026-07-14 23:28:36,沪深ETF,1331,561160.SH,SH,xtdata.get_stock_list_in_sector
2026-07-14,2026-07-14 23:28:36,沪深ETF,1332,561170.SH,SH,xtdata.get_stock_list_in_sector
2026-07-14,2026-07-14 23:28:36,沪深ETF,1333,561180.SH,SH,xtdata.get_stock_list_in_sector
2026-07-14,2026-07-14 23:28:36,沪深ETF,1334,561190.SH,SH,xtdata.get_stock_list_in_sector
2026-07-14,2026-07-14 23:28:36,沪深ETF,1335,561200.SH,SH,xtdata.get_stock_list_in_sector
2026-07-14,2026-07-14 23:28:36,沪深ETF,1336,561220.SH,SH,xtdata.get_stock_list_in_sector
2026-07-14,2026-07-14 23:28:36,沪深ETF,1337,561230.SH,SH,xtdata.get_stock_list_in_sector
2026-07-14,2026-07-14 23:28:36,沪深ETF,1338,561253.SH,SH,xtdata.get_stock_list_in_sector
2026-07-14,2026-07-14 23:28:36,沪深ETF,1339,561260.SH,SH,xtdata.get_stock_list_in_sector
2026-07-14,2026-07-14 23:28:36,沪深ETF,1340,561280.SH,SH,xtdata.get_stock_list_in_sector
2026-07-14,2026-07-14 23:28:36,沪深ETF,1341,561300.SH,SH,xtdata.get_stock_list_in_sector
2026-07-14,2026-07-14 23:28:36,沪深ETF,1342,561310.SH,SH,xtdata.get_stock_list_in_sector
2026-07-14,2026-07-14 23:28:36,沪深ETF,1343,561320.SH,SH,xtdata.get_stock_list_in_sector
2026-07-14,2026-07-14 23:28:36,沪深ETF,1344,561330.SH,SH,xtdata.get_stock_list_in_sector
2026-07-14,2026-07-14 23:28:36,沪深ETF,1345,561350.SH,SH,xtdata.get_stock_list_in_sector
2026-07-14,2026-07-14 23:28:36,沪深ETF,1346,561360.SH,SH,xtdata.get_stock_list_in_sector
2026-07-14,2026-07-14 23:28:36,沪深ETF,1347,561370.SH,SH,xtdata.get_stock_list_in_sector
2026-07-14,2026-07-14 23:28:36,沪深ETF,1348,561380.SH,SH,xtdata.get_stock_list_in_sector
2026-07-14,2026-07-14 23:28:36,沪深ETF,1349,561393.SH,SH,xtdata.get_stock_list_in_sector
2026-07-14,2026-07-14 23:28:36,沪深ETF,1350,561394.SH,SH,xtdata.get_stock_list_in_sector
2026-07-14,2026-07-14 23:28:36,沪深ETF,1351,561403.SH,SH,xtdata.get_stock_list_in_sector
2026-07-14,2026-07-14 23:28:36,沪深ETF,1352,561404.SH,SH,xtdata.get_stock_list_in_sector
2026-07-14,2026-07-14 23:28:36,沪深ETF,1353,561413.SH,SH,xtdata.get_stock_list_in_sector
2026-07-14,2026-07-14 23:28:36,沪深ETF,1354,561414.SH,SH,xtdata.get_stock_list_in_sector
2026-07-14,2026-07-14 23:28:36,沪深ETF,1355,561420.SH,SH,xtdata.get_stock_list_in_sector
2026-07-14,2026-07-14 23:28:36,沪深ETF,1356,561423.SH,SH,xtdata.get_stock_list_in_sector
2026-07-14,2026-07-14 23:28:36,沪深ETF,1357,561430.SH,SH,xtdata.get_stock_list_in_sector
2026-07-14,2026-07-14 23:28:36,沪深ETF,1358,561433.SH,SH,xtdata.get_stock_list_in_sector
2026-07-14,2026-07-14 23:28:36,沪深ETF,1359,561453.SH,SH,xtdata.get_stock_list_in_sector
2026-07-14,2026-07-14 23:28:36,沪深ETF,1360,561454.SH,SH,xtdata.get_stock_list_in_sector
2026-07-14,2026-07-14 23:28:36,沪深ETF,1361,561460.SH,SH,xtdata.get_stock_list_in_sector
2026-07-14,2026-07-14 23:28:36,沪深ETF,1362,561463.SH,SH,xtdata.get_stock_list_in_sector
2026-07-14,2026-07-14 23:28:36,沪深ETF,1363,561470.SH,SH,xtdata.get_stock_list_in_sector
2026-07-14,2026-07-14 23:28:36,沪深ETF,1364,561473.SH,SH,xtdata.get_stock_list_in_sector
2026-07-14,2026-07-14 23:28:36,沪深ETF,1365,561493.SH,SH,xtdata.get_stock_list_in_sector
2026-07-14,2026-07-14 23:28:36,沪深ETF,1366,561494.SH,SH,xtdata.get_stock_list_in_sector
2026-07-14,2026-07-14 23:28:36,沪深ETF,1367,561500.SH,SH,xtdata.get_stock_list_in_sector
2026-07-14,2026-07-14 23:28:36,沪深ETF,1368,561510.SH,SH,xtdata.get_stock_list_in_sector
2026-07-14,2026-07-14 23:28:36,沪深ETF,1369,561550.SH,SH,xtdata.get_stock_list_in_sector
2026-07-14,2026-07-14 23:28:36,沪深ETF,1370,561560.SH,SH,xtdata.get_stock_list_in_sector
2026-07-14,2026-07-14 23:28:36,沪深ETF,1371,561570.SH,SH,xtdata.get_stock_list_in_sector
2026-07-14,2026-07-14 23:28:36,沪深ETF,1372,561580.SH,SH,xtdata.get_stock_list_in_sector
2026-07-14,2026-07-14 23:28:36,沪深ETF,1373,561590.SH,SH,xtdata.get_stock_list_in_sector
2026-07-14,2026-07-14 23:28:36,沪深ETF,1374,561600.SH,SH,xtdata.get_stock_list_in_sector
2026-07-14,2026-07-14 23:28:36,沪深ETF,1375,561623.SH,SH,xtdata.get_stock_list_in_sector
2026-07-14,2026-07-14 23:28:36,沪深ETF,1376,561624.SH,SH,xtdata.get_stock_list_in_sector
2026-07-14,2026-07-14 23:28:36,沪深ETF,1377,561633.SH,SH,xtdata.get_stock_list_in_sector
2026-07-14,2026-07-14 23:28:36,沪深ETF,1378,561634.SH,SH,xtdata.get_stock_list_in_sector
2026-07-14,2026-07-14 23:28:36,沪深ETF,1379,561660.SH,SH,xtdata.get_stock_list_in_sector
2026-07-14,2026-07-14 23:28:36,沪深ETF,1380,561680.SH,SH,xtdata.get_stock_list_in_sector
2026-07-14,2026-07-14 23:28:36,沪深ETF,1381,561700.SH,SH,xtdata.get_stock_list_in_sector
2026-07-14,2026-07-14 23:28:36,沪深ETF,1382,561750.SH,SH,xtdata.get_stock_list_in_sector
2026-07-14,2026-07-14 23:28:36,沪深ETF,1383,561760.SH,SH,xtdata.get_stock_list_in_sector
2026-07-14,2026-07-14 23:28:36,沪深ETF,1384,561770.SH,SH,xtdata.get_stock_list_in_sector
2026-07-14,2026-07-14 23:28:36,沪深ETF,1385,561780.SH,SH,xtdata.get_stock_list_in_sector
2026-07-14,2026-07-14 23:28:36,沪深ETF,1386,561790.SH,SH,xtdata.get_stock_list_in_sector
2026-07-14,2026-07-14 23:28:36,沪深ETF,1387,561800.SH,SH,xtdata.get_stock_list_in_sector
2026-07-14,2026-07-14 23:28:36,沪深ETF,1388,561813.SH,SH,xtdata.get_stock_list_in_sector
2026-07-14,2026-07-14 23:28:36,沪深ETF,1389,561814.SH,SH,xtdata.get_stock_list_in_sector
2026-07-14,2026-07-14 23:28:36,沪深ETF,1390,561870.SH,SH,xtdata.get_stock_list_in_sector
2026-07-14,2026-07-14 23:28:36,沪深ETF,1391,561880.SH,SH,xtdata.get_stock_list_in_sector
2026-07-14,2026-07-14 23:28:36,沪深ETF,1392,561893.SH,SH,xtdata.get_stock_list_in_sector
2026-07-14,2026-07-14 23:28:36,沪深ETF,1393,561894.SH,SH,xtdata.get_stock_list_in_sector
2026-07-14,2026-07-14 23:28:36,沪深ETF,1394,561900.SH,SH,xtdata.get_stock_list_in_sector
2026-07-14,2026-07-14 23:28:36,沪深ETF,1395,561910.SH,SH,xtdata.get_stock_list_in_sector
2026-07-14,2026-07-14 23:28:36,沪深ETF,1396,561920.SH,SH,xtdata.get_stock_list_in_sector
2026-07-14,2026-07-14 23:28:36,沪深ETF,1397,561930.SH,SH,xtdata.get_stock_list_in_sector
2026-07-14,2026-07-14 23:28:36,沪深ETF,1398,561950.SH,SH,xtdata.get_stock_list_in_sector
2026-07-14,2026-07-14 23:28:36,沪深ETF,1399,561960.SH,SH,xtdata.get_stock_list_in_sector
2026-07-14,2026-07-14 23:28:36,沪深ETF,1400,561980.SH,SH,xtdata.get_stock_list_in_sector
2026-07-14,2026-07-14 23:28:36,沪深ETF,1401,561990.SH,SH,xtdata.get_stock_list_in_sector
2026-07-14,2026-07-14 23:28:36,沪深ETF,1402,562000.SH,SH,xtdata.get_stock_list_in_sector
2026-07-14,2026-07-14 23:28:36,沪深ETF,1403,562010.SH,SH,xtdata.get_stock_list_in_sector
2026-07-14,2026-07-14 23:28:36,沪深ETF,1404,562030.SH,SH,xtdata.get_stock_list_in_sector
2026-07-14,2026-07-14 23:28:36,沪深ETF,1405,562050.SH,SH,xtdata.get_stock_list_in_sector
2026-07-14,2026-07-14 23:28:36,沪深ETF,1406,562060.SH,SH,xtdata.get_stock_list_in_sector
2026-07-14,2026-07-14 23:28:36,沪深ETF,1407,562070.SH,SH,xtdata.get_stock_list_in_sector
2026-07-14,2026-07-14 23:28:36,沪深ETF,1408,562080.SH,SH,xtdata.get_stock_list_in_sector
2026-07-14,2026-07-14 23:28:36,沪深ETF,1409,562300.SH,SH,xtdata.get_stock_list_in_sector
2026-07-14,2026-07-14 23:28:36,沪深ETF,1410,562310.SH,SH,xtdata.get_stock_list_in_sector
2026-07-14,2026-07-14 23:28:36,沪深ETF,1411,562320.SH,SH,xtdata.get_stock_list_in_sector
2026-07-14,2026-07-14 23:28:36,沪深ETF,1412,562330.SH,SH,xtdata.get_stock_list_in_sector
2026-07-14,2026-07-14 23:28:36,沪深ETF,1413,562340.SH,SH,xtdata.get_stock_list_in_sector
2026-07-14,2026-07-14 23:28:36,沪深ETF,1414,562350.SH,SH,xtdata.get_stock_list_in_sector
2026-07-14,2026-07-14 23:28:36,沪深ETF,1415,562360.SH,SH,xtdata.get_stock_list_in_sector
2026-07-14,2026-07-14 23:28:36,沪深ETF,1416,562380.SH,SH,xtdata.get_stock_list_in_sector
2026-07-14,2026-07-14 23:28:36,沪深ETF,1417,562390.SH,SH,xtdata.get_stock_list_in_sector
2026-07-14,2026-07-14 23:28:36,沪深ETF,1418,562500.SH,SH,xtdata.get_stock_list_in_sector
2026-07-14,2026-07-14 23:28:36,沪深ETF,1419,562510.SH,SH,xtdata.get_stock_list_in_sector
2026-07-14,2026-07-14 23:28:36,沪深ETF,1420,562520.SH,SH,xtdata.get_stock_list_in_sector
2026-07-14,2026-07-14 23:28:36,沪深ETF,1421,562530.SH,SH,xtdata.get_stock_list_in_sector
2026-07-14,2026-07-14 23:28:36,沪深ETF,1422,562550.SH,SH,xtdata.get_stock_list_in_sector
2026-07-14,2026-07-14 23:28:36,沪深ETF,1423,562560.SH,SH,xtdata.get_stock_list_in_sector
2026-07-14,2026-07-14 23:28:36,沪深ETF,1424,562570.SH,SH,xtdata.get_stock_list_in_sector
2026-07-14,2026-07-14 23:28:36,沪深ETF,1425,562580.SH,SH,xtdata.get_stock_list_in_sector
2026-07-14,2026-07-14 23:28:36,沪深ETF,1426,562590.SH,SH,xtdata.get_stock_list_in_sector
2026-07-14,2026-07-14 23:28:36,沪深ETF,1427,562600.SH,SH,xtdata.get_stock_list_in_sector
2026-07-14,2026-07-14 23:28:36,沪深ETF,1428,562660.SH,SH,xtdata.get_stock_list_in_sector
2026-07-14,2026-07-14 23:28:36,沪深ETF,1429,562700.SH,SH,xtdata.get_stock_list_in_sector
2026-07-14,2026-07-14 23:28:36,沪深ETF,1430,562800.SH,SH,xtdata.get_stock_list_in_sector
2026-07-14,2026-07-14 23:28:36,沪深ETF,1431,562810.SH,SH,xtdata.get_stock_list_in_sector
2026-07-14,2026-07-14 23:28:36,沪深ETF,1432,562820.SH,SH,xtdata.get_stock_list_in_sector
2026-07-14,2026-07-14 23:28:36,沪深ETF,1433,562850.SH,SH,xtdata.get_stock_list_in_sector
2026-07-14,2026-07-14 23:28:36,沪深ETF,1434,562860.SH,SH,xtdata.get_stock_list_in_sector
2026-07-14,2026-07-14 23:28:36,沪深ETF,1435,562870.SH,SH,xtdata.get_stock_list_in_sector
2026-07-14,2026-07-14 23:28:36,沪深ETF,1436,562880.SH,SH,xtdata.get_stock_list_in_sector
2026-07-14,2026-07-14 23:28:36,沪深ETF,1437,562890.SH,SH,xtdata.get_stock_list_in_sector
2026-07-14,2026-07-14 23:28:36,沪深ETF,1438,562900.SH,SH,xtdata.get_stock_list_in_sector
2026-07-14,2026-07-14 23:28:36,沪深ETF,1439,562910.SH,SH,xtdata.get_stock_list_in_sector
2026-07-14,2026-07-14 23:28:36,沪深ETF,1440,562920.SH,SH,xtdata.get_stock_list_in_sector
2026-07-14,2026-07-14 23:28:36,沪深ETF,1441,562930.SH,SH,xtdata.get_stock_list_in_sector
2026-07-14,2026-07-14 23:28:36,沪深ETF,1442,562950.SH,SH,xtdata.get_stock_list_in_sector
2026-07-14,2026-07-14 23:28:36,沪深ETF,1443,562960.SH,SH,xtdata.get_stock_list_in_sector
2026-07-14,2026-07-14 23:28:36,沪深ETF,1444,562970.SH,SH,xtdata.get_stock_list_in_sector
2026-07-14,2026-07-14 23:28:36,沪深ETF,1445,562990.SH,SH,xtdata.get_stock_list_in_sector
2026-07-14,2026-07-14 23:28:36,沪深ETF,1446,563000.SH,SH,xtdata.get_stock_list_in_sector
2026-07-14,2026-07-14 23:28:36,沪深ETF,1447,563010.SH,SH,xtdata.get_stock_list_in_sector
2026-07-14,2026-07-14 23:28:36,沪深ETF,1448,563020.SH,SH,xtdata.get_stock_list_in_sector
2026-07-14,2026-07-14 23:28:36,沪深ETF,1449,563030.SH,SH,xtdata.get_stock_list_in_sector
2026-07-14,2026-07-14 23:28:36,沪深ETF,1450,563050.SH,SH,xtdata.get_stock_list_in_sector
2026-07-14,2026-07-14 23:28:36,沪深ETF,1451,563060.SH,SH,xtdata.get_stock_list_in_sector
2026-07-14,2026-07-14 23:28:36,沪深ETF,1452,563080.SH,SH,xtdata.get_stock_list_in_sector
2026-07-14,2026-07-14 23:28:36,沪深ETF,1453,563090.SH,SH,xtdata.get_stock_list_in_sector
2026-07-14,2026-07-14 23:28:36,沪深ETF,1454,563150.SH,SH,xtdata.get_stock_list_in_sector
2026-07-14,2026-07-14 23:28:36,沪深ETF,1455,563180.SH,SH,xtdata.get_stock_list_in_sector
2026-07-14,2026-07-14 23:28:36,沪深ETF,1456,563200.SH,SH,xtdata.get_stock_list_in_sector
2026-07-14,2026-07-14 23:28:36,沪深ETF,1457,563210.SH,SH,xtdata.get_stock_list_in_sector
2026-07-14,2026-07-14 23:28:36,沪深ETF,1458,563220.SH,SH,xtdata.get_stock_list_in_sector
2026-07-14,2026-07-14 23:28:36,沪深ETF,1459,563230.SH,SH,xtdata.get_stock_list_in_sector
2026-07-14,2026-07-14 23:28:36,沪深ETF,1460,563280.SH,SH,xtdata.get_stock_list_in_sector
2026-07-14,2026-07-14 23:28:36,沪深ETF,1461,563300.SH,SH,xtdata.get_stock_list_in_sector
2026-07-14,2026-07-14 23:28:36,沪深ETF,1462,563320.SH,SH,xtdata.get_stock_list_in_sector
2026-07-14,2026-07-14 23:28:36,沪深ETF,1463,563330.SH,SH,xtdata.get_stock_list_in_sector
2026-07-14,2026-07-14 23:28:36,沪深ETF,1464,563350.SH,SH,xtdata.get_stock_list_in_sector
2026-07-14,2026-07-14 23:28:36,沪深ETF,1465,563360.SH,SH,xtdata.get_stock_list_in_sector
2026-07-14,2026-07-14 23:28:36,沪深ETF,1466,563380.SH,SH,xtdata.get_stock_list_in_sector
2026-07-14,2026-07-14 23:28:36,沪深ETF,1467,563390.SH,SH,xtdata.get_stock_list_in_sector
2026-07-14,2026-07-14 23:28:36,沪深ETF,1468,563500.SH,SH,xtdata.get_stock_list_in_sector
2026-07-14,2026-07-14 23:28:36,沪深ETF,1469,563510.SH,SH,xtdata.get_stock_list_in_sector
2026-07-14,2026-07-14 23:28:36,沪深ETF,1470,563520.SH,SH,xtdata.get_stock_list_in_sector
2026-07-14,2026-07-14 23:28:36,沪深ETF,1471,563530.SH,SH,xtdata.get_stock_list_in_sector
2026-07-14,2026-07-14 23:28:36,沪深ETF,1472,563550.SH,SH,xtdata.get_stock_list_in_sector
2026-07-14,2026-07-14 23:28:36,沪深ETF,1473,563560.SH,SH,xtdata.get_stock_list_in_sector
2026-07-14,2026-07-14 23:28:36,沪深ETF,1474,563570.SH,SH,xtdata.get_stock_list_in_sector
2026-07-14,2026-07-14 23:28:36,沪深ETF,1475,563580.SH,SH,xtdata.get_stock_list_in_sector
2026-07-14,2026-07-14 23:28:36,沪深ETF,1476,563590.SH,SH,xtdata.get_stock_list_in_sector
2026-07-14,2026-07-14 23:28:36,沪深ETF,1477,563600.SH,SH,xtdata.get_stock_list_in_sector
2026-07-14,2026-07-14 23:28:36,沪深ETF,1478,563620.SH,SH,xtdata.get_stock_list_in_sector
2026-07-14,2026-07-14 23:28:36,沪深ETF,1479,563630.SH,SH,xtdata.get_stock_list_in_sector
2026-07-14,2026-07-14 23:28:36,沪深ETF,1480,563650.SH,SH,xtdata.get_stock_list_in_sector
2026-07-14,2026-07-14 23:28:36,沪深ETF,1481,563660.SH,SH,xtdata.get_stock_list_in_sector
2026-07-14,2026-07-14 23:28:36,沪深ETF,1482,563670.SH,SH,xtdata.get_stock_list_in_sector
2026-07-14,2026-07-14 23:28:36,沪深ETF,1483,563680.SH,SH,xtdata.get_stock_list_in_sector
2026-07-14,2026-07-14 23:28:36,沪深ETF,1484,563690.SH,SH,xtdata.get_stock_list_in_sector
2026-07-14,2026-07-14 23:28:36,沪深ETF,1485,563700.SH,SH,xtdata.get_stock_list_in_sector
2026-07-14,2026-07-14 23:28:36,沪深ETF,1486,563750.SH,SH,xtdata.get_stock_list_in_sector
2026-07-14,2026-07-14 23:28:36,沪深ETF,1487,563760.SH,SH,xtdata.get_stock_list_in_sector
2026-07-14,2026-07-14 23:28:36,沪深ETF,1488,563770.SH,SH,xtdata.get_stock_list_in_sector
2026-07-14,2026-07-14 23:28:36,沪深ETF,1489,563780.SH,SH,xtdata.get_stock_list_in_sector
2026-07-14,2026-07-14 23:28:36,沪深ETF,1490,563790.SH,SH,xtdata.get_stock_list_in_sector
2026-07-14,2026-07-14 23:28:36,沪深ETF,1491,563800.SH,SH,xtdata.get_stock_list_in_sector
2026-07-14,2026-07-14 23:28:36,沪深ETF,1492,563830.SH,SH,xtdata.get_stock_list_in_sector
2026-07-14,2026-07-14 23:28:36,沪深ETF,1493,563850.SH,SH,xtdata.get_stock_list_in_sector
2026-07-14,2026-07-14 23:28:36,沪深ETF,1494,563860.SH,SH,xtdata.get_stock_list_in_sector
2026-07-14,2026-07-14 23:28:36,沪深ETF,1495,563870.SH,SH,xtdata.get_stock_list_in_sector
2026-07-14,2026-07-14 23:28:36,沪深ETF,1496,563880.SH,SH,xtdata.get_stock_list_in_sector
2026-07-14,2026-07-14 23:28:36,沪深ETF,1497,563890.SH,SH,xtdata.get_stock_list_in_sector
2026-07-14,2026-07-14 23:28:36,沪深ETF,1498,563900.SH,SH,xtdata.get_stock_list_in_sector
2026-07-14,2026-07-14 23:28:36,沪深ETF,1499,563930.SH,SH,xtdata.get_stock_list_in_sector
2026-07-14,2026-07-14 23:28:36,沪深ETF,1500,563960.SH,SH,xtdata.get_stock_list_in_sector
2026-07-14,2026-07-14 23:28:36,沪深ETF,1501,563980.SH,SH,xtdata.get_stock_list_in_sector
2026-07-14,2026-07-14 23:28:36,沪深ETF,1502,563990.SH,SH,xtdata.get_stock_list_in_sector
2026-07-14,2026-07-14 23:28:36,沪深ETF,1503,588000.SH,SH,xtdata.get_stock_list_in_sector
2026-07-14,2026-07-14 23:28:36,沪深ETF,1504,588010.SH,SH,xtdata.get_stock_list_in_sector
2026-07-14,2026-07-14 23:28:36,沪深ETF,1505,588020.SH,SH,xtdata.get_stock_list_in_sector
2026-07-14,2026-07-14 23:28:36,沪深ETF,1506,588030.SH,SH,xtdata.get_stock_list_in_sector
2026-07-14,2026-07-14 23:28:36,沪深ETF,1507,588040.SH,SH,xtdata.get_stock_list_in_sector
2026-07-14,2026-07-14 23:28:36,沪深ETF,1508,588050.SH,SH,xtdata.get_stock_list_in_sector
2026-07-14,2026-07-14 23:28:36,沪深ETF,1509,588060.SH,SH,xtdata.get_stock_list_in_sector
2026-07-14,2026-07-14 23:28:36,沪深ETF,1510,588070.SH,SH,xtdata.get_stock_list_in_sector
2026-07-14,2026-07-14 23:28:36,沪深ETF,1511,588080.SH,SH,xtdata.get_stock_list_in_sector
2026-07-14,2026-07-14 23:28:36,沪深ETF,1512,588090.SH,SH,xtdata.get_stock_list_in_sector
2026-07-14,2026-07-14 23:28:36,沪深ETF,1513,588100.SH,SH,xtdata.get_stock_list_in_sector
2026-07-14,2026-07-14 23:28:36,沪深ETF,1514,588110.SH,SH,xtdata.get_stock_list_in_sector
2026-07-14,2026-07-14 23:28:36,沪深ETF,1515,588120.SH,SH,xtdata.get_stock_list_in_sector
2026-07-14,2026-07-14 23:28:36,沪深ETF,1516,588130.SH,SH,xtdata.get_stock_list_in_sector
2026-07-14,2026-07-14 23:28:36,沪深ETF,1517,588140.SH,SH,xtdata.get_stock_list_in_sector
2026-07-14,2026-07-14 23:28:36,沪深ETF,1518,588150.SH,SH,xtdata.get_stock_list_in_sector
2026-07-14,2026-07-14 23:28:36,沪深ETF,1519,588160.SH,SH,xtdata.get_stock_list_in_sector
2026-07-14,2026-07-14 23:28:36,沪深ETF,1520,588170.SH,SH,xtdata.get_stock_list_in_sector
2026-07-14,2026-07-14 23:28:36,沪深ETF,1521,588180.SH,SH,xtdata.get_stock_list_in_sector
2026-07-14,2026-07-14 23:28:36,沪深ETF,1522,588190.SH,SH,xtdata.get_stock_list_in_sector
2026-07-14,2026-07-14 23:28:36,沪深ETF,1523,588200.SH,SH,xtdata.get_stock_list_in_sector
2026-07-14,2026-07-14 23:28:36,沪深ETF,1524,588210.SH,SH,xtdata.get_stock_list_in_sector
2026-07-14,2026-07-14 23:28:36,沪深ETF,1525,588220.SH,SH,xtdata.get_stock_list_in_sector
2026-07-14,2026-07-14 23:28:36,沪深ETF,1526,588230.SH,SH,xtdata.get_stock_list_in_sector
2026-07-14,2026-07-14 23:28:36,沪深ETF,1527,588240.SH,SH,xtdata.get_stock_list_in_sector
2026-07-14,2026-07-14 23:28:36,沪深ETF,1528,588250.SH,SH,xtdata.get_stock_list_in_sector
2026-07-14,2026-07-14 23:28:36,沪深ETF,1529,588260.SH,SH,xtdata.get_stock_list_in_sector
2026-07-14,2026-07-14 23:28:36,沪深ETF,1530,588270.SH,SH,xtdata.get_stock_list_in_sector
2026-07-14,2026-07-14 23:28:36,沪深ETF,1531,588280.SH,SH,xtdata.get_stock_list_in_sector
2026-07-14,2026-07-14 23:28:36,沪深ETF,1532,588290.SH,SH,xtdata.get_stock_list_in_sector
2026-07-14,2026-07-14 23:28:36,沪深ETF,1533,588300.SH,SH,xtdata.get_stock_list_in_sector
2026-07-14,2026-07-14 23:28:36,沪深ETF,1534,588310.SH,SH,xtdata.get_stock_list_in_sector
2026-07-14,2026-07-14 23:28:36,沪深ETF,1535,588320.SH,SH,xtdata.get_stock_list_in_sector
2026-07-14,2026-07-14 23:28:36,沪深ETF,1536,588330.SH,SH,xtdata.get_stock_list_in_sector
2026-07-14,2026-07-14 23:28:36,沪深ETF,1537,588350.SH,SH,xtdata.get_stock_list_in_sector
2026-07-14,2026-07-14 23:28:36,沪深ETF,1538,588360.SH,SH,xtdata.get_stock_list_in_sector
2026-07-14,2026-07-14 23:28:36,沪深ETF,1539,588370.SH,SH,xtdata.get_stock_list_in_sector
2026-07-14,2026-07-14 23:28:36,沪深ETF,1540,588380.SH,SH,xtdata.get_stock_list_in_sector
2026-07-14,2026-07-14 23:28:36,沪深ETF,1541,588390.SH,SH,xtdata.get_stock_list_in_sector
2026-07-14,2026-07-14 23:28:36,沪深ETF,1542,588400.SH,SH,xtdata.get_stock_list_in_sector
2026-07-14,2026-07-14 23:28:36,沪深ETF,1543,588410.SH,SH,xtdata.get_stock_list_in_sector
2026-07-14,2026-07-14 23:28:36,沪深ETF,1544,588420.SH,SH,xtdata.get_stock_list_in_sector
2026-07-14,2026-07-14 23:28:36,沪深ETF,1545,588430.SH,SH,xtdata.get_stock_list_in_sector
2026-07-14,2026-07-14 23:28:36,沪深ETF,1546,588450.SH,SH,xtdata.get_stock_list_in_sector
2026-07-14,2026-07-14 23:28:36,沪深ETF,1547,588460.SH,SH,xtdata.get_stock_list_in_sector
2026-07-14,2026-07-14 23:28:36,沪深ETF,1548,588470.SH,SH,xtdata.get_stock_list_in_sector
2026-07-14,2026-07-14 23:28:36,沪深ETF,1549,588480.SH,SH,xtdata.get_stock_list_in_sector
2026-07-14,2026-07-14 23:28:36,沪深ETF,1550,588500.SH,SH,xtdata.get_stock_list_in_sector
2026-07-14,2026-07-14 23:28:36,沪深ETF,1551,588510.SH,SH,xtdata.get_stock_list_in_sector
2026-07-14,2026-07-14 23:28:36,沪深ETF,1552,588520.SH,SH,xtdata.get_stock_list_in_sector
2026-07-14,2026-07-14 23:28:36,沪深ETF,1553,588533.SH,SH,xtdata.get_stock_list_in_sector
2026-07-14,2026-07-14 23:28:36,沪深ETF,1554,588534.SH,SH,xtdata.get_stock_list_in_sector
2026-07-14,2026-07-14 23:28:36,沪深ETF,1555,588550.SH,SH,xtdata.get_stock_list_in_sector
2026-07-14,2026-07-14 23:28:36,沪深ETF,1556,588660.SH,SH,xtdata.get_stock_list_in_sector
2026-07-14,2026-07-14 23:28:36,沪深ETF,1557,588670.SH,SH,xtdata.get_stock_list_in_sector
2026-07-14,2026-07-14 23:28:36,沪深ETF,1558,588680.SH,SH,xtdata.get_stock_list_in_sector
2026-07-14,2026-07-14 23:28:36,沪深ETF,1559,588690.SH,SH,xtdata.get_stock_list_in_sector
2026-07-14,2026-07-14 23:28:36,沪深ETF,1560,588700.SH,SH,xtdata.get_stock_list_in_sector
2026-07-14,2026-07-14 23:28:36,沪深ETF,1561,588710.SH,SH,xtdata.get_stock_list_in_sector
2026-07-14,2026-07-14 23:28:36,沪深ETF,1562,588720.SH,SH,xtdata.get_stock_list_in_sector
2026-07-14,2026-07-14 23:28:36,沪深ETF,1563,588730.SH,SH,xtdata.get_stock_list_in_sector
2026-07-14,2026-07-14 23:28:36,沪深ETF,1564,588750.SH,SH,xtdata.get_stock_list_in_sector
2026-07-14,2026-07-14 23:28:36,沪深ETF,1565,588760.SH,SH,xtdata.get_stock_list_in_sector
2026-07-14,2026-07-14 23:28:36,沪深ETF,1566,588770.SH,SH,xtdata.get_stock_list_in_sector
2026-07-14,2026-07-14 23:28:36,沪深ETF,1567,588780.SH,SH,xtdata.get_stock_list_in_sector
2026-07-14,2026-07-14 23:28:36,沪深ETF,1568,588790.SH,SH,xtdata.get_stock_list_in_sector
2026-07-14,2026-07-14 23:28:36,沪深ETF,1569,588800.SH,SH,xtdata.get_stock_list_in_sector
2026-07-14,2026-07-14 23:28:36,沪深ETF,1570,588810.SH,SH,xtdata.get_stock_list_in_sector
2026-07-14,2026-07-14 23:28:36,沪深ETF,1571,588820.SH,SH,xtdata.get_stock_list_in_sector
2026-07-14,2026-07-14 23:28:36,沪深ETF,1572,588830.SH,SH,xtdata.get_stock_list_in_sector
2026-07-14,2026-07-14 23:28:36,沪深ETF,1573,588840.SH,SH,xtdata.get_stock_list_in_sector
2026-07-14,2026-07-14 23:28:36,沪深ETF,1574,588850.SH,SH,xtdata.get_stock_list_in_sector
2026-07-14,2026-07-14 23:28:36,沪深ETF,1575,588860.SH,SH,xtdata.get_stock_list_in_sector
2026-07-14,2026-07-14 23:28:36,沪深ETF,1576,588870.SH,SH,xtdata.get_stock_list_in_sector
2026-07-14,2026-07-14 23:28:36,沪深ETF,1577,588880.SH,SH,xtdata.get_stock_list_in_sector
2026-07-14,2026-07-14 23:28:36,沪深ETF,1578,588890.SH,SH,xtdata.get_stock_list_in_sector
2026-07-14,2026-07-14 23:28:36,沪深ETF,1579,588900.SH,SH,xtdata.get_stock_list_in_sector
2026-07-14,2026-07-14 23:28:36,沪深ETF,1580,588910.SH,SH,xtdata.get_stock_list_in_sector
2026-07-14,2026-07-14 23:28:36,沪深ETF,1581,588920.SH,SH,xtdata.get_stock_list_in_sector
2026-07-14,2026-07-14 23:28:36,沪深ETF,1582,588930.SH,SH,xtdata.get_stock_list_in_sector
2026-07-14,2026-07-14 23:28:36,沪深ETF,1583,588940.SH,SH,xtdata.get_stock_list_in_sector
2026-07-14,2026-07-14 23:28:36,沪深ETF,1584,588950.SH,SH,xtdata.get_stock_list_in_sector
2026-07-14,2026-07-14 23:28:36,沪深ETF,1585,588960.SH,SH,xtdata.get_stock_list_in_sector
2026-07-14,2026-07-14 23:28:36,沪深ETF,1586,588980.SH,SH,xtdata.get_stock_list_in_sector
2026-07-14,2026-07-14 23:28:36,沪深ETF,1587,588990.SH,SH,xtdata.get_stock_list_in_sector
2026-07-14,2026-07-14 23:28:36,沪深ETF,1588,589000.SH,SH,xtdata.get_stock_list_in_sector
2026-07-14,2026-07-14 23:28:36,沪深ETF,1589,589010.SH,SH,xtdata.get_stock_list_in_sector
2026-07-14,2026-07-14 23:28:36,沪深ETF,1590,589020.SH,SH,xtdata.get_stock_list_in_sector
2026-07-14,2026-07-14 23:28:36,沪深ETF,1591,589030.SH,SH,xtdata.get_stock_list_in_sector
2026-07-14,2026-07-14 23:28:36,沪深ETF,1592,589050.SH,SH,xtdata.get_stock_list_in_sector
2026-07-14,2026-07-14 23:28:36,沪深ETF,1593,589060.SH,SH,xtdata.get_stock_list_in_sector
2026-07-14,2026-07-14 23:28:36,沪深ETF,1594,589070.SH,SH,xtdata.get_stock_list_in_sector
2026-07-14,2026-07-14 23:28:36,沪深ETF,1595,589080.SH,SH,xtdata.get_stock_list_in_sector
2026-07-14,2026-07-14 23:28:36,沪深ETF,1596,589090.SH,SH,xtdata.get_stock_list_in_sector
2026-07-14,2026-07-14 23:28:36,沪深ETF,1597,589100.SH,SH,xtdata.get_stock_list_in_sector
2026-07-14,2026-07-14 23:28:36,沪深ETF,1598,589110.SH,SH,xtdata.get_stock_list_in_sector
2026-07-14,2026-07-14 23:28:36,沪深ETF,1599,589120.SH,SH,xtdata.get_stock_list_in_sector
2026-07-14,2026-07-14 23:28:36,沪深ETF,1600,589130.SH,SH,xtdata.get_stock_list_in_sector
2026-07-14,2026-07-14 23:28:36,沪深ETF,1601,589150.SH,SH,xtdata.get_stock_list_in_sector
2026-07-14,2026-07-14 23:28:36,沪深ETF,1602,589160.SH,SH,xtdata.get_stock_list_in_sector
2026-07-14,2026-07-14 23:28:36,沪深ETF,1603,589170.SH,SH,xtdata.get_stock_list_in_sector
2026-07-14,2026-07-14 23:28:36,沪深ETF,1604,589180.SH,SH,xtdata.get_stock_list_in_sector
2026-07-14,2026-07-14 23:28:36,沪深ETF,1605,589190.SH,SH,xtdata.get_stock_list_in_sector
2026-07-14,2026-07-14 23:28:36,沪深ETF,1606,589200.SH,SH,xtdata.get_stock_list_in_sector
2026-07-14,2026-07-14 23:28:36,沪深ETF,1607,589210.SH,SH,xtdata.get_stock_list_in_sector
2026-07-14,2026-07-14 23:28:36,沪深ETF,1608,589220.SH,SH,xtdata.get_stock_list_in_sector
2026-07-14,2026-07-14 23:28:36,沪深ETF,1609,589230.SH,SH,xtdata.get_stock_list_in_sector
2026-07-14,2026-07-14 23:28:36,沪深ETF,1610,589250.SH,SH,xtdata.get_stock_list_in_sector
2026-07-14,2026-07-14 23:28:36,沪深ETF,1611,589260.SH,SH,xtdata.get_stock_list_in_sector
2026-07-14,2026-07-14 23:28:36,沪深ETF,1612,589270.SH,SH,xtdata.get_stock_list_in_sector
2026-07-14,2026-07-14 23:28:36,沪深ETF,1613,589280.SH,SH,xtdata.get_stock_list_in_sector
2026-07-14,2026-07-14 23:28:36,沪深ETF,1614,589290.SH,SH,xtdata.get_stock_list_in_sector
2026-07-14,2026-07-14 23:28:36,沪深ETF,1615,589293.SH,SH,xtdata.get_stock_list_in_sector
2026-07-14,2026-07-14 23:28:36,沪深ETF,1616,589300.SH,SH,xtdata.get_stock_list_in_sector
2026-07-14,2026-07-14 23:28:36,沪深ETF,1617,589310.SH,SH,xtdata.get_stock_list_in_sector
2026-07-14,2026-07-14 23:28:36,沪深ETF,1618,589313.SH,SH,xtdata.get_stock_list_in_sector
2026-07-14,2026-07-14 23:28:36,沪深ETF,1619,589320.SH,SH,xtdata.get_stock_list_in_sector
2026-07-14,2026-07-14 23:28:36,沪深ETF,1620,589330.SH,SH,xtdata.get_stock_list_in_sector
2026-07-14,2026-07-14 23:28:36,沪深ETF,1621,589350.SH,SH,xtdata.get_stock_list_in_sector
2026-07-14,2026-07-14 23:28:36,沪深ETF,1622,589353.SH,SH,xtdata.get_stock_list_in_sector
2026-07-14,2026-07-14 23:28:36,沪深ETF,1623,589360.SH,SH,xtdata.get_stock_list_in_sector
2026-07-14,2026-07-14 23:28:36,沪深ETF,1624,589363.SH,SH,xtdata.get_stock_list_in_sector
2026-07-14,2026-07-14 23:28:36,沪深ETF,1625,589380.SH,SH,xtdata.get_stock_list_in_sector
2026-07-14,2026-07-14 23:28:36,沪深ETF,1626,589390.SH,SH,xtdata.get_stock_list_in_sector
2026-07-14,2026-07-14 23:28:36,沪深ETF,1627,589393.SH,SH,xtdata.get_stock_list_in_sector
2026-07-14,2026-07-14 23:28:36,沪深ETF,1628,589400.SH,SH,xtdata.get_stock_list_in_sector
2026-07-14,2026-07-14 23:28:36,沪深ETF,1629,589403.SH,SH,xtdata.get_stock_list_in_sector
2026-07-14,2026-07-14 23:28:36,沪深ETF,1630,589413.SH,SH,xtdata.get_stock_list_in_sector
2026-07-14,2026-07-14 23:28:36,沪深ETF,1631,589420.SH,SH,xtdata.get_stock_list_in_sector
2026-07-14,2026-07-14 23:28:36,沪深ETF,1632,589423.SH,SH,xtdata.get_stock_list_in_sector
2026-07-14,2026-07-14 23:28:36,沪深ETF,1633,589500.SH,SH,xtdata.get_stock_list_in_sector
2026-07-14,2026-07-14 23:28:36,沪深ETF,1634,589520.SH,SH,xtdata.get_stock_list_in_sector
2026-07-14,2026-07-14 23:28:36,沪深ETF,1635,589550.SH,SH,xtdata.get_stock_list_in_sector
2026-07-14,2026-07-14 23:28:36,沪深ETF,1636,589560.SH,SH,xtdata.get_stock_list_in_sector
2026-07-14,2026-07-14 23:28:36,沪深ETF,1637,589580.SH,SH,xtdata.get_stock_list_in_sector
2026-07-14,2026-07-14 23:28:36,沪深ETF,1638,589600.SH,SH,xtdata.get_stock_list_in_sector
2026-07-14,2026-07-14 23:28:36,沪深ETF,1639,589630.SH,SH,xtdata.get_stock_list_in_sector
2026-07-14,2026-07-14 23:28:36,沪深ETF,1640,589660.SH,SH,xtdata.get_stock_list_in_sector
2026-07-14,2026-07-14 23:28:36,沪深ETF,1641,589680.SH,SH,xtdata.get_stock_list_in_sector
2026-07-14,2026-07-14 23:28:36,沪深ETF,1642,589700.SH,SH,xtdata.get_stock_list_in_sector
2026-07-14,2026-07-14 23:28:36,沪深ETF,1643,589720.SH,SH,xtdata.get_stock_list_in_sector
2026-07-14,2026-07-14 23:28:36,沪深ETF,1644,589770.SH,SH,xtdata.get_stock_list_in_sector
2026-07-14,2026-07-14 23:28:36,沪深ETF,1645,589780.SH,SH,xtdata.get_stock_list_in_sector
2026-07-14,2026-07-14 23:28:36,沪深ETF,1646,589800.SH,SH,xtdata.get_stock_list_in_sector
2026-07-14,2026-07-14 23:28:36,沪深ETF,1647,589820.SH,SH,xtdata.get_stock_list_in_sector
2026-07-14,2026-07-14 23:28:36,沪深ETF,1648,589850.SH,SH,xtdata.get_stock_list_in_sector
2026-07-14,2026-07-14 23:28:36,沪深ETF,1649,589860.SH,SH,xtdata.get_stock_list_in_sector
2026-07-14,2026-07-14 23:28:36,沪深ETF,1650,589880.SH,SH,xtdata.get_stock_list_in_sector
2026-07-14,2026-07-14 23:28:36,沪深ETF,1651,589890.SH,SH,xtdata.get_stock_list_in_sector
2026-07-14,2026-07-14 23:28:36,沪深ETF,1652,589900.SH,SH,xtdata.get_stock_list_in_sector
2026-07-14,2026-07-14 23:28:36,沪深ETF,1653,589950.SH,SH,xtdata.get_stock_list_in_sector
2026-07-14,2026-07-14 23:28:36,沪深ETF,1654,589960.SH,SH,xtdata.get_stock_list_in_sector
2026-07-14,2026-07-14 23:28:36,沪深ETF,1655,589980.SH,SH,xtdata.get_stock_list_in_sector
2026-07-14,2026-07-14 23:28:36,沪深ETF,1656,589990.SH,SH,xtdata.get_stock_list_in_sector
